models,images
LeEco Le 1s Eco,https://s3n.cashify.in/cashify/product/img/xhdpi/csh-ewyklhk0-nunk.png
LeEco Le Max 2,https://s3n.cashify.in/cashify/product/img/xhdpi/csh-ynxadaxg-ytty.png
LeEco Le 2,https://s3n.cashify.in/cashify/product/img/xhdpi/csh-iamanvjc-xmvf.png
LeEco Le 2 Pro,https://s3n.cashify.in/cashify/product/img/xhdpi/csh-ps4tatnz-utpd.png
LeEco Le 1s,https://s3n.cashify.in/cashify/product/img/xhdpi/csh-sdfxp6np-skmx.png
LeEco Le Max,https://s3n.cashify.in/cashify/product/img/xhdpi/csh-dbjq9c7u-ckpn.png
