models,images
OnePlus 6T,https://s3n.cashify.in/cashify/product/img/xhdpi/csh-fligfrt3-plgr.png
OnePlus 6,https://s3n.cashify.in/cashify/product/img/xhdpi/csh-j46ejfgj-pgtk.png
OnePlus 5T,https://s3n.cashify.in/cashify/product/img/xhdpi/csh-gdokbkgb-c7up.png
OnePlus 5,https://s3n.cashify.in/cashify/product/img/xhdpi/csh-smc3dmwn-scmq.png
OnePlus 3T,https://s3n.cashify.in/cashify/product/img/xhdpi/csh-aetqjv3f-auqd.png
OnePlus 3,https://s3n.cashify.in/cashify/product/img/xhdpi/csh-oikvzbxv-n194.png
OnePlus X,https://s3n.cashify.in/cashify/product/img/xhdpi/csh-vuvl0bcv-e6gk.png
OnePlus 2,https://s3n.cashify.in/cashify/product/img/xhdpi/csh-9t81ccat-wrew.png
OnePlus One,https://s3n.cashify.in/cashify/product/img/xhdpi/csh-0xaazimn-gwtw.png
OnePlus 6T McLaren,https://s3n.cashify.in/cashify/product/img/xhdpi/csh-pxjflrwa-cimr.png
OnePlus 7,https://s3n.cashify.in/cashify/product/img/xhdpi/csh-qnifixhu-bqam.png
OnePlus 7 Pro,https://s3n.cashify.in/cashify/product/img/xhdpi/csh-n3le7hfa-n3sj.png
OnePlus 7T,https://s3n.cashify.in/cashify/product/img/xhdpi/3be1a520-f18b.jpg
OnePlus 7T Pro,https://s3n.cashify.in/cashify/product/img/xhdpi/33f45e79-e43d.jpg
