models,images
Lenovo K8,https://s3n.cashify.in/cashify/product/img/xhdpi/csh-2udyszjn-ecna.png
Lenovo Phab 2 Pro,https://s3n.cashify.in/cashify/product/img/xhdpi/csh-fh0zmaeg-k9h5.png
Lenovo K6 Note,https://s3n.cashify.in/cashify/product/img/xhdpi/csh-jwdxroyu-p9w5.png
Lenovo P2,https://s3n.cashify.in/cashify/product/img/xhdpi/csh-lvnfn30w-txyu.png
Lenovo Phab 2 Plus,https://s3n.cashify.in/cashify/product/img/xhdpi/csh-mk27gefg-ibsb.png
Lenovo A6600,https://s3n.cashify.in/cashify/product/img/xhdpi/csh-r45jlgr5-bcdg.png
Lenovo A6600 Plus,https://s3n.cashify.in/cashify/product/img/xhdpi/csh-e9tahigq-are6.png
Lenovo Vibe K5,https://s3n.cashify.in/cashify/product/img/xhdpi/csh-nehvtm81-d9v0.png
Lenovo Vibe K5 Plus,https://s3n.cashify.in/cashify/product/img/xhdpi/csh-1fixurbb-abem.png
Lenovo A7000 Turbo,https://s3n.cashify.in/cashify/product/img/xhdpi/csh-yv19dk5j-bsuf.png
Lenovo Vibe K5 Note,https://s3n.cashify.in/cashify/product/img/xhdpi/csh-u01csmsw-p5ng.png
Lenovo Vibe K4 Note,https://s3n.cashify.in/cashify/product/img/xhdpi/csh-yfbzmsjm-k4mr.png
Lenovo Zuk Z1,https://s3n.cashify.in/cashify/product/img/xhdpi/csh-ywpehpif-bw2q.png
Lenovo A2010,https://s3n.cashify.in/cashify/product/img/xhdpi/csh-vinydwuv-aqkw.png
Lenovo Vibe X3,https://s3n.cashify.in/cashify/product/img/xhdpi/csh-bds1nvnr-sfhu.png
Lenovo Vibe S1,https://s3n.cashify.in/cashify/product/img/xhdpi/csh-msx6qpar-6b7n.png
Lenovo Vibe P1M,https://s3n.cashify.in/cashify/product/img/xhdpi/csh-tajbn2ia-3ron.png
Lenovo A6000 Plus,https://s3n.cashify.in/cashify/product/img/xhdpi/csh-xzpp7owm-5kc7.png
Lenovo K3 Note,https://s3n.cashify.in/cashify/product/img/xhdpi/csh-6d80nnqm-im8c.png
Lenovo S60,https://s3n.cashify.in/cashify/product/img/xhdpi/csh-du9a3pll-6cfm.png
Lenovo P70,https://s3n.cashify.in/cashify/product/img/xhdpi/csh-vjdts1ia-ozcl.png
Lenovo Sisley S90,https://s3n.cashify.in/cashify/product/img/xhdpi/csh-ayoy4uvm-vogc.png
Lenovo A5,https://s3n.cashify.in/cashify/product/img/xhdpi/csh-atr3tzjb-5iho.png
Lenovo A6 Note,https://s3n.cashify.in/cashify/product/img/xhdpi/86a13920-ee80.jpg
Lenovo K9,https://s3n.cashify.in/cashify/product/img/xhdpi/csh-e3507605-vc5w.png
Lenovo K8 Plus,https://s3n.cashify.in/cashify/product/img/xhdpi/csh-fx6pg9ap-eq9q.png
Lenovo K6 Power,https://s3n.cashify.in/cashify/product/img/xhdpi/csh-cmkekqbf-qhkm.png
Lenovo Phab,https://s3n.cashify.in/cashify/product/img/xhdpi/csh-zd29oko1-5hqh.png
Lenovo A7700,https://s3n.cashify.in/cashify/product/img/xhdpi/csh-uuwvj1uj-5mug.png
Lenovo Z2 Plus,https://s3n.cashify.in/cashify/product/img/xhdpi/csh-hmr0qpbs-vsld.png
Lenovo Vibe P1 Turbo,https://s3n.cashify.in/cashify/product/img/xhdpi/csh-hqzecpcz-j40o.png
Lenovo A6010,https://s3n.cashify.in/cashify/product/img/xhdpi/csh-stxws5vh-ytfk.png
Lenovo Phab Plus,https://s3n.cashify.in/cashify/product/img/xhdpi/csh-mit5iidy-wvnq.png
Lenovo Vibe P1,https://s3n.cashify.in/cashify/product/img/xhdpi/csh-emwwwkwb-z5ig.png
Lenovo Vibe Shot,https://s3n.cashify.in/cashify/product/img/xhdpi/csh-dltc1klb-lhbt.png
Lenovo A5000,https://s3n.cashify.in/cashify/product/img/xhdpi/csh-98ocvlk1-dlru.png
Lenovo A7000,https://s3n.cashify.in/cashify/product/img/xhdpi/csh-1kgrhpjv-pupj.png
Lenovo A6000,https://s3n.cashify.in/cashify/product/img/xhdpi/csh-ryoghbxf-b3l1.png
Lenovo K9 Note,https://s3n.cashify.in/cashify/product/img/xhdpi/a6a1d6f6-c47a.jpg
Lenovo K10 Note,https://s3n.cashify.in/cashify/product/img/xhdpi/9e3695a5-8941.jpg
Lenovo K10 Plus,https://s3n.cashify.in/cashify/product/img/xhdpi/809568c7-75ba.jpg
Lenovo Z6 Pro,https://s3n.cashify.in/cashify/product/img/xhdpi/1d00319c-1c79.jpg
