models,images
Lava Z61,https://s3n.cashify.in/cashify/product/img/xhdpi/csh-yvcytnvn-nzh1.png
Lava Z91,https://s3n.cashify.in/cashify/product/img/xhdpi/csh-tcud6pgf-1pip.png
Lava Z91E,https://s3n.cashify.in/cashify/product/img/xhdpi/csh-yatmnsjr-tgxq.png
Lava Z70,https://s3n.cashify.in/cashify/product/img/xhdpi/csh-akmbcmbd-4ija.png
Lava Z80,https://s3n.cashify.in/cashify/product/img/xhdpi/csh-sebqnqsx-euut.png
Lava Z60,https://s3n.cashify.in/cashify/product/img/xhdpi/csh-j62ogpju-7voi.png
Lava A97 2GB Plus,https://s3n.cashify.in/cashify/product/img/xhdpi/csh-h3zuhclq-wg5g.png
Lava Z10,https://s3n.cashify.in/cashify/product/img/xhdpi/csh-b4esla7y-h3sx.png
Lava A97,https://s3n.cashify.in/cashify/product/img/xhdpi/csh-cxlbtubz-hugj.png
Lava X28,https://s3n.cashify.in/cashify/product/img/xhdpi/csh-8ybfqdjw-fyqc.png
Lava X50,https://s3n.cashify.in/cashify/product/img/xhdpi/csh-uius5az8-4snj.png
Lava X46,https://s3n.cashify.in/cashify/product/img/xhdpi/csh-uclw0sun-xxg6.png
LAVA X81,https://s3n.cashify.in/cashify/product/img/xhdpi/csh-aid1n6xz-tgnd.png
Lava V2,https://s3n.cashify.in/cashify/product/img/xhdpi/csh-whmksdfc-mlmt.png
Lava V5,https://s3n.cashify.in/cashify/product/img/xhdpi/csh-1s2vi7vu-zb6h.png
Lava Iris X10,https://s3n.cashify.in/cashify/product/img/xhdpi/csh-xie9a9zg-0abl.png
Lava Pixel V2,https://s3n.cashify.in/cashify/product/img/xhdpi/csh-mm0mup83-nxl7.png
Lava Iris X8,https://s3n.cashify.in/cashify/product/img/xhdpi/csh-zxudxuat-sf6w.png
Lava Z81,https://s3n.cashify.in/cashify/product/img/xhdpi/csh-fk6uhnni-swho.png
Lava Z90,https://s3n.cashify.in/cashify/product/img/xhdpi/60998c3d-1c20.jpg
Lava Z62,https://s3n.cashify.in/cashify/product/img/xhdpi/csh-gihyanlh-xbog.png
Lava Z92,https://s3n.cashify.in/cashify/product/img/xhdpi/csh-nyupxfyq-2ufs.png
Lava Z51,https://s3n.cashify.in/cashify/product/img/xhdpi/csh-bdz4ayl1-m8tc.png
Lava Z93,https://s3n.cashify.in/cashify/product/img/xhdpi/e7290642-33be.jpg
LAVA Z25,https://s3n.cashify.in/cashify/product/img/xhdpi/csh-0pen2ceu-3rhc.png
Lava X41 Plus,https://s3n.cashify.in/cashify/product/img/xhdpi/csh-ca2vg7ii-dn63.png
Lava X50 Plus,https://s3n.cashify.in/cashify/product/img/xhdpi/csh-igwivk6s-xwck.png
Lava X11,https://s3n.cashify.in/cashify/product/img/xhdpi/csh-vcm4tqzs-nglf.png
lava Iris X9,https://s3n.cashify.in/cashify/product/img/xhdpi/csh-qgf0wk4k-k3xd.png
