models,images
Honor 8X,https://s3n.cashify.in/cashify/product/img/xhdpi/csh-vctom29q-9thf.png
Honor Play,https://s3n.cashify.in/cashify/product/img/xhdpi/csh-j0xaef6k-jmmh.png
Honor 7S,https://s3n.cashify.in/cashify/product/img/xhdpi/csh-bmvnx5tv-rhhb.png
Honor 9N,https://s3n.cashify.in/cashify/product/img/xhdpi/csh-ya61mui3-vpp8.png
Honor 10,https://s3n.cashify.in/cashify/product/img/xhdpi/b81dd1d1-ca07.jpg
Honor 7A,https://s3n.cashify.in/cashify/product/img/xhdpi/csh-2yrwrypd-cwmd.png
Honor 7C,https://s3n.cashify.in/cashify/product/img/xhdpi/csh-is1yxvxk-p0w6.png
Honor 9 Lite,https://s3n.cashify.in/cashify/product/img/xhdpi/csh-zd22efle-eq9q.png
Honor 7X,https://s3n.cashify.in/cashify/product/img/xhdpi/csh-f3fjwfmo-lo9p.png
Honor 8,https://s3n.cashify.in/cashify/product/img/xhdpi/csh-ahr04mgi-hvq0.png
Honor 8 Pro,https://s3n.cashify.in/cashify/product/img/xhdpi/csh-hr3uls2e-dbos.png
Honor 8 Lite,https://s3n.cashify.in/cashify/product/img/xhdpi/csh-sjk2yqvb-bcww.png
Honor 8 Smart,https://s3n.cashify.in/cashify/product/img/xhdpi/csh-pqtnb4gy-hdm4.png
Honor 6X,https://s3n.cashify.in/cashify/product/img/xhdpi/csh-b6uywpur-myrd.png
Honor 5C,https://s3n.cashify.in/cashify/product/img/xhdpi/csh-wbnszmiu-j3ej.png
Honor 5X,https://s3n.cashify.in/cashify/product/img/xhdpi/csh-rsw75euv-1xcv.png
Honor 7,https://s3n.cashify.in/cashify/product/img/xhdpi/csh-7msxfnjm-g9ln.png
Honor 4C,https://s3n.cashify.in/cashify/product/img/xhdpi/csh-4xmcr5u0-t27o.png
Honor 8C,https://s3n.cashify.in/cashify/product/img/xhdpi/csh-imdydlhr-qpg1.png
Honor 10 Lite,https://s3n.cashify.in/cashify/product/img/xhdpi/csh-dbf6zlsa-iqbb.png
Honor View 20,https://s3n.cashify.in/cashify/product/img/xhdpi/csh-e9efnpkb-fo5e.png
Honor 20i,https://s3n.cashify.in/cashify/product/img/xhdpi/csh-emgjn514-ijqg.png
Honor 20,https://s3n.cashify.in/cashify/product/img/xhdpi/csh-omlbwnlk-2fyd.png
Honor 9X,https://s3n.cashify.in/cashify/product/img/xhdpi/3d11895b-0de7.jpg
Honor View 10,https://s3n.cashify.in/cashify/product/img/xhdpi/csh-20cd0hxa-ue91.png
Honor Holly 4 Plus,https://s3n.cashify.in/cashify/product/img/xhdpi/csh-0jwwtpji-held.png
Honor 9i,https://s3n.cashify.in/cashify/product/img/xhdpi/csh-fjyffpze-3ryn.png
Honor Holly 2 Plus,https://s3n.cashify.in/cashify/product/img/xhdpi/csh-jm5gcwya-lnic.png
