models,images
Infinix Zero 5,https://s3n.cashify.in/cashify/product/img/xhdpi/csh-cy8ulgvs-r7pz.png
Infinix Hot S3X,https://s3n.cashify.in/cashify/product/img/xhdpi/csh-3squzdqw-xqs6.png
Infinix Note 5 Stylus,https://s3n.cashify.in/cashify/product/img/xhdpi/csh-ewqebczz-my6c.png
Infinix Hot 7 Pro,https://s3n.cashify.in/cashify/product/img/xhdpi/csh-7q83hagt-ncje.png
Infinix Smart 3 Plus,https://s3n.cashify.in/cashify/product/img/xhdpi/csh-ppipqqqj-vq3f.png
Infinix Note 5,https://s3n.cashify.in/cashify/product/img/xhdpi/csh-pzaeatfj-dve8.png
Infinix S4,https://s3n.cashify.in/cashify/product/img/xhdpi/f01b2e8d-c42d.jpg
Infinix Smart 2,https://s3n.cashify.in/cashify/product/img/xhdpi/csh-qniqt9h6-dpha.png
Infinix Hot S3,https://s3n.cashify.in/cashify/product/img/xhdpi/csh-mwl9ublf-vyea.png
Infinix Note 4,https://s3n.cashify.in/cashify/product/img/xhdpi/csh-e53f1ffw-lcw1.png
Infinix Zero 5 Pro,https://s3n.cashify.in/cashify/product/img/xhdpi/csh-wtgtcmoo-llo9.png
Infinix Hot 6 Pro,https://s3n.cashify.in/cashify/product/img/xhdpi/csh-scjcd9y2-shgq.png
Infinix Hot 7,https://s3n.cashify.in/cashify/product/img/xhdpi/csh-nqmw1vgc-iye9.png
Infinix Hot 8,https://s3n.cashify.in/cashify/product/img/xhdpi/3a8360b4-cc3a.jpg
Infinix S5,https://s3n.cashify.in/cashify/product/img/xhdpi/715f2180-07d6.jpg
