models,images
HTC U11 Plus,https://s3n.cashify.in/cashify/product/img/xhdpi/csh-pzmjtn6o-ygpa.png
HTC Desire 12,https://s3n.cashify.in/cashify/product/img/xhdpi/csh-b5adwrod-rktz.png
HTC One X10,https://s3n.cashify.in/cashify/product/img/xhdpi/csh-l4sdnkyj-pnm9.png
HTC U11,https://s3n.cashify.in/cashify/product/img/xhdpi/csh-airpantv-khuy.png
HTC U Play,https://s3n.cashify.in/cashify/product/img/xhdpi/csh-xaalnljn-wixq.png
Htc Desire 10 Lifestyle,https://s3n.cashify.in/cashify/product/img/xhdpi/csh-czafxxt2-7lkg.png
HTC Desire 630 Dual Sim,https://s3n.cashify.in/cashify/product/img/xhdpi/csh-9mdp6goz-axlv.png
HTC Desire 628,https://s3n.cashify.in/cashify/product/img/xhdpi/csh-aswwvsz1-3hss.png
HTC One M9 Prime Camera Edition,https://s3n.cashify.in/cashify/product/img/xhdpi/csh-otxxfgwd-okob.png
HTC Desire 830,https://s3n.cashify.in/cashify/product/img/xhdpi/csh-pu9bom5q-wa0s.png
HTC Desire 825,https://s3n.cashify.in/cashify/product/img/xhdpi/csh-gqvlzfmf-7ad7.png
HTC One X9,https://s3n.cashify.in/cashify/product/img/xhdpi/csh-qiff1ez7-ub6h.png
HTC One E9+,https://s3n.cashify.in/cashify/product/img/xhdpi/csh-fooj1pa7-eqqv.png
HTC One E9s Dual Sim,https://s3n.cashify.in/cashify/product/img/xhdpi/csh-bhdozo6y-grcy.png
HTC Desire 826X CDMA+GSM,https://s3n.cashify.in/cashify/product/img/xhdpi/csh-yp2uzqi6-llmk.png
HTC One M8s,https://s3n.cashify.in/cashify/product/img/xhdpi/csh-mq1dae4e-pdbk.png
HTC Desire 626G Plus,https://s3n.cashify.in/cashify/product/img/xhdpi/csh-hrxpcjra-oaoc.png
HTC One M9,https://s3n.cashify.in/cashify/product/img/xhdpi/csh-1cpkqlpf-apxc.png
HTC Desire 626 Dual Sim,https://s3n.cashify.in/cashify/product/img/xhdpi/csh-j0tvwr8o-7z8x.png
HTC Desire 820s Dual Sim,https://s3n.cashify.in/cashify/product/img/xhdpi/csh-m3panqc2-fxiv.png
HTC One E8,https://s3n.cashify.in/cashify/product/img/xhdpi/csh-aju9equo-gxft.png
HTC U Ultra,https://s3n.cashify.in/cashify/product/img/xhdpi/csh-lcp6bkpu-jnia.png
HTC One M9 Plus Prime Camera Edition,https://s3n.cashify.in/cashify/product/img/xhdpi/csh-psoobmkn-fhf7.png
HTC Wildfire X,https://s3n.cashify.in/cashify/product/img/xhdpi/d3022fe6-5606.jpg
HTC Desire 12 Plus,https://s3n.cashify.in/cashify/product/img/xhdpi/csh-j54mikad-9ncx.png
HTC Desire 728 Ultra,https://s3n.cashify.in/cashify/product/img/xhdpi/csh-8rsrovjj-xuwr.png
HTC Desire 10 Pro,https://s3n.cashify.in/cashify/product/img/xhdpi/csh-bawteysq-exp5.png
HTC 10,https://s3n.cashify.in/cashify/product/img/xhdpi/e87140d5-8c6a.jpg
HTC Desire 728 Dual Sim,https://s3n.cashify.in/cashify/product/img/xhdpi/csh-reo4z1rp-atwh.png
HTC Desire 728G Dual Sim,https://s3n.cashify.in/cashify/product/img/xhdpi/csh-9fuj6l8q-qx6c.png
HTC Desire 828 Dual Sim,https://s3n.cashify.in/cashify/product/img/xhdpi/572360c1019d9.jpg
HTC One A9,https://s3n.cashify.in/cashify/product/img/xhdpi/csh-poh2flcx-oixe.png
HTC One ME,https://s3n.cashify.in/cashify/product/img/xhdpi/csh-3bx1uiop-aw8a.png
HTC Desire 820G Plus,https://s3n.cashify.in/cashify/product/img/xhdpi/csh-glwb5nbs-03cc.png
HTC One M9 Plus,https://s3n.cashify.in/cashify/product/img/xhdpi/csh-9bqtphiv-9svb.png
HTC Desire 826,https://s3n.cashify.in/cashify/product/img/xhdpi/csh-5cmita5y-wa7u.png
HTC Desire 816G Plus,https://s3n.cashify.in/cashify/product/img/xhdpi/csh-dmrq8twn-rfcx.png
HTC One M8 Eye,https://s3n.cashify.in/cashify/product/img/xhdpi/csh-j7qj3fyb-xnl7.png
