models,images
Xiaomi Redmi Note 6 Pro,https://s3n.cashify.in/cashify/product/img/xhdpi/csh-lsl54uvo-f2k5.png
Xiaomi Mi A2,https://s3n.cashify.in/cashify/product/img/xhdpi/csh-dns8lsdd-ttjp.png
Xiaomi Redmi 6,https://s3n.cashify.in/cashify/product/img/xhdpi/csh-hfpozecy-tots.png
Xiaomi Redmi 5,https://s3n.cashify.in/cashify/product/img/xhdpi/csh-vtlrb0zw-gdhg.png
Xiaomi Redmi Note 5 Pro,https://s3n.cashify.in/cashify/product/img/xhdpi/csh-4wk6vj50-xzmd.png
Xiaomi Redmi 5A,https://s3n.cashify.in/cashify/product/img/xhdpi/csh-lagb8x9l-rhpf.png
Redmi Y1 Lite,https://s3n.cashify.in/cashify/product/img/xhdpi/3d07d90a-2553.jpg
Mi Mix 2,https://s3n.cashify.in/cashify/product/img/xhdpi/76387541-c8d1.jpg
Xiaomi Mi Max 2,https://s3n.cashify.in/cashify/product/img/xhdpi/csh-687uchut-ber3.png
Xiaomi Redmi 4,https://s3n.cashify.in/cashify/product/img/xhdpi/csh-t1iiuj3j-byma.png
Xiaomi Redmi Note 4,https://s3n.cashify.in/cashify/product/img/xhdpi/csh-5x9nivcp-gnnb.png
Redmi 3s Plus,https://s3n.cashify.in/cashify/product/img/xhdpi/5880abcb4a5f8.jpg
Xiaomi Mi Max,https://s3n.cashify.in/cashify/product/img/xhdpi/csh-nzotbpu1-0zzj.png
Xiaomi Redmi Note 3,https://s3n.cashify.in/cashify/product/img/xhdpi/csh-vlw1k1nh-cprj.png
Redmi Note 2,https://s3n.cashify.in/cashify/product/img/xhdpi/57235ae7a9edb.jpg
Xiaomi Redmi Note 7,https://s3n.cashify.in/cashify/product/img/xhdpi/csh-h9f9bdve-llzw.png
Redmi 3,https://s3n.cashify.in/cashify/product/img/xhdpi/0b4ba4ba-d703.jpg
Xiaomi Redmi 7,https://s3n.cashify.in/cashify/product/img/xhdpi/csh-uh1cfrxd-orqg.png
Xiaomi Redmi Y3,https://s3n.cashify.in/cashify/product/img/xhdpi/csh-u5oxwtyi-ir5b.png
Xiaomi Redmi K20,https://s3n.cashify.in/cashify/product/img/xhdpi/csh-wiu1ydce-gaty.png
Xiaomi Redmi K20 Pro,https://s3n.cashify.in/cashify/product/img/xhdpi/csh-sqlx3yzn-01w2.png
Xiaomi Mi A3,https://s3n.cashify.in/cashify/product/img/xhdpi/7f88f18c-b0d4.jpg
Xiaomi Redmi 8A,https://s3n.cashify.in/cashify/product/img/xhdpi/4a60462d-d1c9.jpg
Xiaomi Redmi Note 8,https://s3n.cashify.in/cashify/product/img/xhdpi/a166bcb8-d2c0.jpg
Xiaomi POCO F1,https://www.cashify.in/static/b.png
Xiaomi Redmi 6 pro,https://www.cashify.in/static/b.png
Xiaomi Redmi 6A,https://www.cashify.in/static/b.png
Xiaomi Redmi Y2,https://www.cashify.in/static/b.png
Xiaomi Redmi Note 5,https://www.cashify.in/static/b.png
Xiaomi Redmi Y1,https://www.cashify.in/static/b.png
Mi A1,https://www.cashify.in/static/b.png
Xiaomi Redmi 4A,https://www.cashify.in/static/b.png
Redmi 3s prime,https://www.cashify.in/static/b.png
Xiaomi Redmi 3s,https://www.cashify.in/static/b.png
Xiaomi Mi 5,https://www.cashify.in/static/b.png
Redmi Note Prime,https://www.cashify.in/static/b.png
Xiaomi Redmi 2 Prime,https://www.cashify.in/static/b.png
Xiaomi Mi 4i,https://www.cashify.in/static/b.png
Xiaomi Redmi 2,https://www.cashify.in/static/b.png
Redmi Note 4G,https://www.cashify.in/static/b.png
Redmi Note,https://www.cashify.in/static/b.png
Xiaomi Redmi Note 7 Pro,https://www.cashify.in/static/b.png
Xiaomi Redmi Go,https://www.cashify.in/static/b.png
Xiaomi Redmi Note 7S,https://www.cashify.in/static/b.png
Xiaomi Black Shark 2,https://www.cashify.in/static/b.png
Xiaomi Redmi 7A,https://www.cashify.in/static/b.png
Redmi 8,https://www.cashify.in/static/b.png
Xiaomi Redmi Note 8 Pro,https://www.cashify.in/static/b.png
