models,images
Yu Yunique 2,https://s3n.cashify.in/cashify/product/img/xhdpi/6e74c170-e394.jpg
Yu Yureka Black,https://s3n.cashify.in/cashify/product/img/xhdpi/58fede4fd2032.jpg
Yu Yureka S,https://s3n.cashify.in/cashify/product/img/xhdpi/4fff0bc5-55b3.jpg
Yu Yunique Plus,https://s3n.cashify.in/cashify/product/img/xhdpi/58fedebdd6aa5.jpg
Yu Yunicorn,https://s3n.cashify.in/cashify/product/img/xhdpi/585bb24571a7e.jpg
Yu Yureka Note,https://s3n.cashify.in/cashify/product/img/xhdpi/58fede4fd2032.jpg
Yu Yutopia,https://s3n.cashify.in/cashify/product/img/xhdpi/572b43b908046.jpg
Yu Yunique,https://s3n.cashify.in/cashify/product/img/xhdpi/572b370129b0b.jpg
Yu Yureka Plus,https://s3n.cashify.in/cashify/product/img/xhdpi/13ff83f3-d462.jpg
Yu Yuphoria,https://s3n.cashify.in/cashify/product/img/xhdpi/572b1ff19a8da.jpg
Yu Yureka,https://s3n.cashify.in/cashify/product/img/xhdpi/5a7c9fa3-e131.jpg
Yu Yureka 2,https://s3n.cashify.in/cashify/product/img/xhdpi/dc95ddf9-43b2.jpg
Yu Yunique 2 Plus,https://s3n.cashify.in/cashify/product/img/xhdpi/csh-yvfvoh0z-i8vo.png
Yu Ace,https://s3n.cashify.in/cashify/product/img/xhdpi/csh-b3ttsdjc-bmid.png
