models,images
Realme 2 Pro,https://s3n.cashify.in/cashify/product/img/xhdpi/csh-yktr66ov-8tbh.png
Realme C1 2019,https://s3n.cashify.in/cashify/product/img/xhdpi/csh-dvnhaify-qiwo.png
Realme C1,https://s3n.cashify.in/cashify/product/img/xhdpi/csh-dvnhaify-qiwo.png
Realme 2,https://s3n.cashify.in/cashify/product/img/xhdpi/csh-ru3d2b98-zwns.png
Realme 1,https://s3n.cashify.in/cashify/product/img/xhdpi/csh-mqa1zw3s-obst.png
Realme U1,https://s3n.cashify.in/cashify/product/img/xhdpi/csh-zq798pdb-kk2w.png
Realme 3,https://s3n.cashify.in/cashify/product/img/xhdpi/csh-sowo3vve-9wj0.png
Realme 3 Pro,https://s3n.cashify.in/cashify/product/img/xhdpi/csh-qjs19flx-vlgu.png
Realme C2,https://s3n.cashify.in/cashify/product/img/xhdpi/csh-d6ianyrf-meml.png
Realme X,https://s3n.cashify.in/cashify/product/img/xhdpi/csh-hmjib1l9-m8b9.png
Realme 3i,https://s3n.cashify.in/cashify/product/img/xhdpi/csh-4ek24osq-j1ou.png
Realme 5,https://s3n.cashify.in/cashify/product/img/xhdpi/6053a615-6a7e.jpg
Realme 5 Pro,https://s3n.cashify.in/cashify/product/img/xhdpi/e4550073-fbac.jpg
Realme XT,https://s3n.cashify.in/cashify/product/img/xhdpi/1a3aadda-11d2.jpg
Realme 5s,https://s3n.cashify.in/cashify/product/img/xhdpi/a397b5e8-cae5.jpg
Realme X2 Pro,https://s3n.cashify.in/cashify/product/img/xhdpi/6ae818ca-ba88.jpg
Realme X2,https://s3n.cashify.in/cashify/product/img/xhdpi/4334ad9a-f576.jpg
