models,images
Samsung Galaxy J4 Plus,https://s3n.cashify.in/cashify/product/img/xhdpi/csh-jt1hdq4l-hs0o.png
Samsung Galaxy Note 9,https://s3n.cashify.in/cashify/product/img/xhdpi/csh-ax5mnafm-vidt.png
Samsung Galaxy S8,https://s3n.cashify.in/cashify/product/img/xhdpi/csh-im7ohvek-alsj.png
Samsung Galaxy C9 Pro,https://s3n.cashify.in/cashify/product/img/xhdpi/csh-gbcet3mi-ahab.png
Samsung Galaxy On Nxt,https://s3n.cashify.in/cashify/product/img/xhdpi/csh-32zfn2mj-qves.png
Samsung Galaxy J2 2016,https://s3n.cashify.in/cashify/product/img/xhdpi/csh-emr5gywa-tyyw.png
Samsung Galaxy A9 Pro,https://s3n.cashify.in/cashify/product/img/xhdpi/csh-v6tjck3y-tsn4.png
Samsung Galaxy J7 2016,https://s3n.cashify.in/cashify/product/img/xhdpi/csh-al7li5gx-vwzg.png
Samsung Galaxy S7 Edge,https://s3n.cashify.in/cashify/product/img/xhdpi/csh-ivffzjbs-c7rh.png
Samsung Galaxy S6 Edge Plus,https://s3n.cashify.in/cashify/product/img/xhdpi/csh-57acpmou-nkgr.png
Samsung Galaxy Note 5 Dual Sim,https://s3n.cashify.in/cashify/product/img/xhdpi/csh-lsp2mqtc-hnx0.png
Samsung Galaxy A7,https://s3n.cashify.in/cashify/product/img/xhdpi/csh-wqdhlkie-1q4y.png
Samsung Galaxy E5,https://s3n.cashify.in/cashify/product/img/xhdpi/csh-ploc5rjq-sll9.png
Samsung Galaxy Grand Prime 4G,https://s3n.cashify.in/cashify/product/img/xhdpi/csh-xplkybyq-spki.png
Samsung Galaxy Grand Max,https://s3n.cashify.in/cashify/product/img/xhdpi/csh-ok2klxov-v997.png
Samsung Galaxy S5,https://s3n.cashify.in/cashify/product/img/xhdpi/csh-j6548a73-dg8b.png
Samsung Galaxy S4,https://s3n.cashify.in/cashify/product/img/xhdpi/csh-47eui6su-hxvc.png
Samsung Galaxy M10,https://s3n.cashify.in/cashify/product/img/xhdpi/csh-cstbmv1c-dpwz.png
Samsung Galaxy S10e,https://s3n.cashify.in/cashify/product/img/xhdpi/csh-zsxpbhpp-fsyb.png
Samsung Galaxy M30,https://s3n.cashify.in/cashify/product/img/xhdpi/csh-ciclgsgh-yszy.png
Samsung Galaxy A20,https://s3n.cashify.in/cashify/product/img/xhdpi/csh-xgiq7w1j-bkh5.png
Samsung Galaxy M40,https://s3n.cashify.in/cashify/product/img/xhdpi/5fda1742-7e9b.jpg
Samsung Galaxy A80,https://s3n.cashify.in/cashify/product/img/xhdpi/csh-8mbiuxku-e6mj.png
Samsung Galaxy A20s,https://s3n.cashify.in/cashify/product/img/xhdpi/0dd16273-b4a5.jpg
Samsung Galaxy J6 Plus,https://s3n.cashify.in/cashify/product/img/xhdpi/csh-rcd0rnhc-labj.png
Samsung Galaxy J2 Core,https://s3n.cashify.in/cashify/product/img/xhdpi/csh-kgfdmooh-e3rp.png
Samsung Galaxy On6,https://s3n.cashify.in/cashify/product/img/xhdpi/csh-i08wrl5l-rbxr.png
Samsung Galaxy J7 Prime 2,https://s3n.cashify.in/cashify/product/img/xhdpi/csh-uvc7irdc-96xb.png
Samsung Galaxy J2 2017,https://s3n.cashify.in/cashify/product/img/xhdpi/csh-7m0xnoe8-rysj.png
Samsung Galaxy J1 mini prime,https://s3n.cashify.in/cashify/product/img/xhdpi/csh-msocbnkh-fucl.png
Samsung Galaxy J5 (2017),https://s3n.cashify.in/cashify/product/img/xhdpi/csh-uhcmbljn-mykp.png
Samsung Galaxy J7 Nxt,https://s3n.cashify.in/cashify/product/img/xhdpi/csh-df3eccv0-t5fe.png
Samsung Galaxy A7 (2017),https://s3n.cashify.in/cashify/product/img/xhdpi/csh-gw3s1tne-36vs.png
Samsung Galaxy On8,https://s3n.cashify.in/cashify/product/img/xhdpi/csh-e57jbc1p-qxsf.png
Samsung Galaxy J2 pro,https://s3n.cashify.in/cashify/product/img/xhdpi/csh-gxzzxaof-l9dd.png
Samsung Galaxy Note 5,https://s3n.cashify.in/cashify/product/img/xhdpi/csh-jmjxpdzu-2mps.png
Samsung Galaxy S7,https://s3n.cashify.in/cashify/product/img/xhdpi/csh-fombacr3-jr5m.png
Samsung galaxy A5 (2016),https://s3n.cashify.in/cashify/product/img/xhdpi/csh-yyvgv1lt-rje2.png
Samsung Galaxy S6,https://s3n.cashify.in/cashify/product/img/xhdpi/csh-214bssye-ytfb.png
Samsung Galaxy J1,https://s3n.cashify.in/cashify/product/img/xhdpi/csh-twbyiazb-q4hi.png
Samsung Galaxy Grand Neo,https://s3n.cashify.in/cashify/product/img/xhdpi/csh-ei3evjcu-j39t.png
Samsung Galaxy Note 3 Neo,https://s3n.cashify.in/cashify/product/img/xhdpi/csh-orrtqlfb-tztr.png
Samsung Galaxy A2 Core,https://s3n.cashify.in/cashify/product/img/xhdpi/csh-sofnoqgd-3hjm.png
Samsung Galaxy Note 10,https://s3n.cashify.in/cashify/product/img/xhdpi/ac7e38ff-a6b8.jpg
Samsung Galaxy A10s,https://s3n.cashify.in/cashify/product/img/xhdpi/2635c5c7-c8b3.jpg
Samsung Galaxy A50s,https://s3n.cashify.in/cashify/product/img/xhdpi/4f8491ce-3796.jpg
Samsung Galaxy A51,https://s3n.cashify.in/cashify/product/img/xhdpi/0075390c-5d79.jpg
Samsung Galaxy Note 10 Lite,https://s3n.cashify.in/cashify/product/img/xhdpi/e1fc4d5c-3f49.jpg
Samsung Galaxy A8 Star,https://s3n.cashify.in/cashify/product/img/xhdpi/csh-x0ddozpv-4e1v.png
Samsung Galaxy On8 (2018),https://s3n.cashify.in/cashify/product/img/xhdpi/csh-itt96wek-d8zf.png
Samsung Galaxy A6 Plus,https://s3n.cashify.in/cashify/product/img/xhdpi/c6a0020e-983c.jpg
Samsung Galaxy J6,https://s3n.cashify.in/cashify/product/img/xhdpi/csh-21kspyel-q8t5.png
Samsung Galaxy J2 2018,https://s3n.cashify.in/cashify/product/img/xhdpi/csh-s02devf3-wve2.png
Samsung Galaxy On7 Prime,https://s3n.cashify.in/cashify/product/img/xhdpi/csh-gtplk8oq-jtxt.png
Samsung Galaxy Note 8,https://s3n.cashify.in/cashify/product/img/xhdpi/csh-r3u9yxjf-29dv.png
Samsung Galaxy J7 Pro,https://s3n.cashify.in/cashify/product/img/xhdpi/csh-9ssxmycw-jifs.png
Samsung Galaxy S8 Plus,https://s3n.cashify.in/cashify/product/img/xhdpi/csh-csbcl0yv-jlmw.png
Samsung Galaxy J5 Prime,https://s3n.cashify.in/cashify/product/img/xhdpi/csh-n7ro4g8j-89oa.png
Samsung Galaxy J5 2016,https://s3n.cashify.in/cashify/product/img/xhdpi/csh-3v6btnll-ulrm.png
Samsung Galaxy On5,https://s3n.cashify.in/cashify/product/img/xhdpi/csh-57cyfrf6-bjpe.png
Samsung Galaxy J1 Ace,https://s3n.cashify.in/cashify/product/img/xhdpi/csh-1h5ozp6z-yio7.png
Samsung Galaxy J2,https://s3n.cashify.in/cashify/product/img/xhdpi/csh-ssjescil-ukd0.png
Samsung Galaxy J5,https://s3n.cashify.in/cashify/product/img/xhdpi/csh-xsd9cylk-z4qq.png
Samsung Galaxy S6 Edge,https://s3n.cashify.in/cashify/product/img/xhdpi/csh-vbd34sgq-rkbn.png
Samsung Galaxy Note 3,https://s3n.cashify.in/cashify/product/img/xhdpi/csh-xvpattzx-zfmc.png
Samsung Galaxy C5,https://s3n.cashify.in/cashify/product/img/xhdpi/csh-iwhnldky-ta6r.png
Samsung Galaxy M20,https://s3n.cashify.in/cashify/product/img/xhdpi/csh-pok1ph9s-ww3i.png
Samsung Galaxy S10,https://s3n.cashify.in/cashify/product/img/xhdpi/csh-cciiocy3-8of6.png
Samsung Galaxy A50,https://s3n.cashify.in/cashify/product/img/xhdpi/csh-4vqqteib-mbwn.png
Samsung Galaxy A70,https://s3n.cashify.in/cashify/product/img/xhdpi/csh-4i6ufzxi-huna.png
Samsung Galaxy M30s,https://s3n.cashify.in/cashify/product/img/xhdpi/41ffe103-8370.jpg
Samsung Galaxy S10 Lite,https://s3n.cashify.in/cashify/product/img/xhdpi/357425c4-c79d.jpg
Samsung Galaxy A7 (2018),https://s3n.cashify.in/cashify/product/img/xhdpi/csh-ndfgsx4a-l2mh.png
Samsung Galaxy J7 Duo,https://s3n.cashify.in/cashify/product/img/xhdpi/csh-90cid7xe-eqez.png
Samsung Galaxy S9,https://s3n.cashify.in/cashify/product/img/xhdpi/csh-vwc2vvm5-j2a3.png
Samsung Galaxy S9 Plus,https://s3n.cashify.in/cashify/product/img/xhdpi/csh-1v5pedwr-bwsn.png
Samsung Galaxy J4,https://s3n.cashify.in/cashify/product/img/xhdpi/csh-gwpd6co3-hdwa.png
Samsung Galaxy A8 Plus,https://s3n.cashify.in/cashify/product/img/xhdpi/csh-a2xlurma-srkb.png
Samsung Galaxy J7 Max,https://s3n.cashify.in/cashify/product/img/xhdpi/csh-ehtaxabf-bewm.png
Samsung Galaxy A5 (2017),https://s3n.cashify.in/cashify/product/img/xhdpi/csh-b2d9dety-pzvx.png
Samsung Galaxy J2 Ace,https://s3n.cashify.in/cashify/product/img/xhdpi/csh-brhgv6cc-uhe6.png
Samsung Galaxy J7 Prime,https://s3n.cashify.in/cashify/product/img/xhdpi/csh-gh54zhv7-iopo.png
Samsung Galaxy On7 Pro,https://s3n.cashify.in/cashify/product/img/xhdpi/csh-nxsdwkjq-q9oz.png
Samsung Galaxy On5 Pro,https://s3n.cashify.in/cashify/product/img/xhdpi/csh-gigtj5lf-ti18.png
Samsung galaxy J1 (2016),https://s3n.cashify.in/cashify/product/img/xhdpi/csh-bpzmcxdz-2ri1.png
Samsung Galaxy A7 (2016),https://s3n.cashify.in/cashify/product/img/xhdpi/csh-kdwevvo3-fhrq.png
Samsung Galaxy On7,https://s3n.cashify.in/cashify/product/img/xhdpi/csh-8dsv5th9-yn7e.png
Samsung Galaxy A8,https://s3n.cashify.in/cashify/product/img/xhdpi/csh-hjrfupzo-ieeu.png
Samsung Galaxy J7,https://s3n.cashify.in/cashify/product/img/xhdpi/csh-b3gy4i5i-y5fp.png
Samsung Galaxy E7,https://s3n.cashify.in/cashify/product/img/xhdpi/csh-yxhcsyvk-o2wr.png
Samsung Galaxy Note 4 Edge,https://s3n.cashify.in/cashify/product/img/xhdpi/csh-imnjleaz-kjdo.png
Samsung Galaxy Grand Prime,https://s3n.cashify.in/cashify/product/img/xhdpi/csh-y9omkatd-w644.png
Samsung Galaxy Note 4,https://s3n.cashify.in/cashify/product/img/xhdpi/csh-qtr2u95h-rbbj.png
Samsung Galaxy A10,https://s3n.cashify.in/cashify/product/img/xhdpi/csh-euww0wvm-bohg.png
Samsung Galaxy M10s,https://s3n.cashify.in/cashify/product/img/xhdpi/6eb73068-383d.jpg
Samsung Galaxy A70s,https://s3n.cashify.in/cashify/product/img/xhdpi/0cb546d0-feca.jpg
Samsung Galaxy A9 2018,https://s3n.cashify.in/cashify/product/img/xhdpi/csh-pxlpoxlo-tvhn.png
Samsung Galaxy J8,https://s3n.cashify.in/cashify/product/img/xhdpi/csh-pcy3wifl-v95y.png
Samsung Galaxy A6,https://s3n.cashify.in/cashify/product/img/xhdpi/csh-xqmqmen5-o2eb.png
Samsung Galaxy C5 Pro,https://s3n.cashify.in/cashify/product/img/xhdpi/csh-bwm5k1av-g0ll.png
Samsung Galaxy J3 (2017),https://s3n.cashify.in/cashify/product/img/xhdpi/csh-imgskoal-69h1.png
Samsung Galaxy Note Fan Edition,https://s3n.cashify.in/cashify/product/img/xhdpi/csh-oryn1jyc-cb0f.png
Samsung Galaxy On Max,https://s3n.cashify.in/cashify/product/img/xhdpi/csh-iies4kbz-5hbd.png
Samsung Galaxy C7 Pro,https://s3n.cashify.in/cashify/product/img/xhdpi/csh-7urmxbu1-x6ss.png
Samsung Galaxy J2 Prime,https://s3n.cashify.in/cashify/product/img/xhdpi/csh-x9z3yluj-3vs6.png
Samsung Galaxy J3 Pro,https://s3n.cashify.in/cashify/product/img/xhdpi/csh-j5756rrv-nzwn.png
Samsung Galaxy J3,https://s3n.cashify.in/cashify/product/img/xhdpi/csh-xt74teal-lmu5.png
Samsung Galaxy Grand Neo Plus,https://s3n.cashify.in/cashify/product/img/xhdpi/csh-urux5icr-buss.png
Samsung Galaxy A5,https://s3n.cashify.in/cashify/product/img/xhdpi/csh-nlzpfypw-wrfv.png
Samsung Galaxy Grand 2,https://s3n.cashify.in/cashify/product/img/xhdpi/csh-k4mv7zew-pli7.png
Samsung Galaxy S10 Plus,https://s3n.cashify.in/cashify/product/img/xhdpi/csh-flgdgpj3-lp9v.png
Samsung Galaxy A30,https://s3n.cashify.in/cashify/product/img/xhdpi/csh-nvshmulp-fokr.png
Samsung Galaxy Note 10 Plus,https://s3n.cashify.in/cashify/product/img/xhdpi/45d91f96-0841.jpg
Samsung Galaxy A30s,https://s3n.cashify.in/cashify/product/img/xhdpi/22b53857-fa72.jpg
Samsung Galaxy Fold,https://s3n.cashify.in/cashify/product/img/xhdpi/69c8d02f-fe64.jpg
