models,images
Asus ZenFone 5Z,https://s3n.cashify.in/cashify/product/img/xhdpi/csh-f9zk0grx-4fba.png
Asus Zenfone Max Pro M1,https://s3n.cashify.in/cashify/product/img/xhdpi/csh-qwidqvg5-xw8w.png
Asus Zenfone 4 Selfie Pro,https://s3n.cashify.in/cashify/product/img/xhdpi/csh-hxpasqnb-qnwr.png
Asus Zenfone 4 Selfie ZD553KL,https://s3n.cashify.in/cashify/product/img/xhdpi/csh-pla6fc0z-sue4.png
Asus Zenfone 2 Laser ZE601KL,https://s3n.cashify.in/cashify/product/img/xhdpi/csh-grxmibst-i1rg.png
Asus Zenfone 3s Max,https://s3n.cashify.in/cashify/product/img/xhdpi/csh-vcr5n17y-lemk.png
Asus Zenfone 4 Selfie ZB553KL,https://s3n.cashify.in/cashify/product/img/xhdpi/csh-256imhd7-iiet.png
Asus Zenfone 3 Max ZC520TL,https://s3n.cashify.in/cashify/product/img/xhdpi/csh-zhfpmi11-kioz.png
Asus Zenfone 3,https://s3n.cashify.in/cashify/product/img/xhdpi/csh-x013mllw-wvig.png
Asus Zenfone 3 ZE552KL,https://s3n.cashify.in/cashify/product/img/xhdpi/csh-1b5aqtrv-c9ir.png
Asus Zenfone Go ZB551KL,https://s3n.cashify.in/cashify/product/img/xhdpi/csh-e29vfq2h-odk8.png
Asus Zenfone Max,https://s3n.cashify.in/cashify/product/img/xhdpi/csh-ipnaqoox-5khv.png
Asus Zenfone Max ZC550KL,https://s3n.cashify.in/cashify/product/img/xhdpi/csh-5qxepyhz-etnm.png
Asus Zenfone Go ZC500TG,https://s3n.cashify.in/cashify/product/img/xhdpi/csh-7rgpjlzs-llyo.png
Asus Zenfone 2 Laser,https://s3n.cashify.in/cashify/product/img/xhdpi/csh-k4v3ivmc-auik.png
Asus Zenfone Selfie,https://s3n.cashify.in/cashify/product/img/xhdpi/csh-jtc5vg50-elgk.png
Asus Zenfone Zoom,https://s3n.cashify.in/cashify/product/img/xhdpi/csh-tuqpbapz-dquz.png
Asus ZenFone Zoom ZX550,https://s3n.cashify.in/cashify/product/img/xhdpi/csh-rjipvfx3-kiri.png
Asus ZenFone 2 ZE550ML,https://s3n.cashify.in/cashify/product/img/xhdpi/csh-acksckau-qpxn.png
Asus Zenfone 2 ZE551ML,https://s3n.cashify.in/cashify/product/img/xhdpi/csh-bubchuri-tdsj.png
Asus Zenfone Max M1 ZB555KL,https://s3n.cashify.in/cashify/product/img/xhdpi/csh-ouon1ocx-vefe.png
Asus ZenFone Lite L1,https://s3n.cashify.in/cashify/product/img/xhdpi/csh-spffptng-tyql.png
Asus 6Z,https://s3n.cashify.in/cashify/product/img/xhdpi/csh-cmwemyvm-hb6r.png
Asus ROG Phone II ZS660KL,https://s3n.cashify.in/cashify/product/img/xhdpi/3eb58600-5ea7.jpg
Asus Zenfone 3 Max,https://s3n.cashify.in/cashify/product/img/xhdpi/csh-r91tyeyr-zcuk.png
Asus ZenFone 3 Laser,https://s3n.cashify.in/cashify/product/img/xhdpi/csh-rac8bine-lzas.png
Asus Zenfone Go,https://s3n.cashify.in/cashify/product/img/xhdpi/csh-rwx4eh3s-hq9r.png
Asus Zenfone 2 Deluxe ZE551ML,https://s3n.cashify.in/cashify/product/img/xhdpi/csh-4yhfxusl-ekhh.png
Asus Zenfone 2 Laser ZE550KL,https://s3n.cashify.in/cashify/product/img/xhdpi/csh-hln9bydl-nmvt.png
Asus Zenfone Max Pro M2,https://s3n.cashify.in/cashify/product/img/xhdpi/87c0ae2c-70b4.jpg
Asus Zenfone Max M2 ZB632KL,https://s3n.cashify.in/cashify/product/img/xhdpi/csh-pivpltkx-uw9l.png
Asus ROG Phone ZS600KL,https://s3n.cashify.in/cashify/product/img/xhdpi/c1b367bd-f84a.jpg
