models,images
Nokia 2.1,https://s3n.cashify.in/cashify/product/img/xhdpi/csh-akpiomrl-thbs.png
Nokia 5.1,https://s3n.cashify.in/cashify/product/img/xhdpi/csh-haljy0pi-xrjz.png
Nokia 6.1 Plus,https://s3n.cashify.in/cashify/product/img/xhdpi/csh-sgvbynm4-glmc.png
Nokia 5.1 Plus,https://s3n.cashify.in/cashify/product/img/xhdpi/csh-vvlbo0sw-dbro.png
Nokia 3.1,https://s3n.cashify.in/cashify/product/img/xhdpi/csh-t6yx0ydy-mu5u.png
Nokia 6.1,https://s3n.cashify.in/cashify/product/img/xhdpi/csh-vspan49r-75zl.png
Nokia 8 Sirocco,https://s3n.cashify.in/cashify/product/img/xhdpi/csh-1n9bh7yt-cqy1.png
Nokia 1,https://s3n.cashify.in/cashify/product/img/xhdpi/csh-scfeczcb-uj1h.png
Nokia 7 Plus,https://s3n.cashify.in/cashify/product/img/xhdpi/csh-svp8rp0l-vucx.png
Nokia 2,https://s3n.cashify.in/cashify/product/img/xhdpi/csh-rputniqi-flcx.png
Nokia 7,https://s3n.cashify.in/cashify/product/img/xhdpi/csh-sxymxpy4-g3wl.png
Nokia 8,https://s3n.cashify.in/cashify/product/img/xhdpi/csh-ctso1jex-o3ln.png
Nokia 5,https://s3n.cashify.in/cashify/product/img/xhdpi/csh-cyqzd2rw-if1w.png
Nokia 3,https://s3n.cashify.in/cashify/product/img/xhdpi/csh-yjsz2qgu-jvoo.png
Nokia 6,https://s3n.cashify.in/cashify/product/img/xhdpi/csh-of7hcffx-svw9.png
Nokia 8.1,https://s3n.cashify.in/cashify/product/img/xhdpi/csh-x1l5jeou-qxti.png
Nokia 7.1,https://s3n.cashify.in/cashify/product/img/xhdpi/csh-bypgczsl-7eqk.png
Nokia 3.2,https://s3n.cashify.in/cashify/product/img/xhdpi/csh-nudv5rfo-wong.png
Nokia 4.2,https://s3n.cashify.in/cashify/product/img/xhdpi/csh-zs12twsr-twkh.png
Nokia 2.2,https://s3n.cashify.in/cashify/product/img/xhdpi/csh-lemprwwu-9srr.png
Nokia 9 PureView,https://s3n.cashify.in/cashify/product/img/xhdpi/csh-qyn7athu-9k1m.png
Nokia 7.2,https://s3n.cashify.in/cashify/product/img/xhdpi/65cc640f-2df8.jpg
Nokia 6.2,https://s3n.cashify.in/cashify/product/img/xhdpi/59879242-c3ab.jpg
Nokia 2.3,https://s3n.cashify.in/cashify/product/img/xhdpi/5e64865a-8448.jpg
Nokia 3.1 Plus,https://s3n.cashify.in/cashify/product/img/xhdpi/csh-muqaxoth-c2wv.png
