models,images
Sony Xperia XZ2 Dual,https://s3n.cashify.in/cashify/product/img/xhdpi/csh-lrdctram-9cjj.png
Sony Xperia L2,https://s3n.cashify.in/cashify/product/img/xhdpi/csh-pgxxzyfk-kojb.png
Sony Xperia XA1 Plus,https://s3n.cashify.in/cashify/product/img/xhdpi/csh-v8qu1pen-f6h7.png
Sony Xperia R1 Dual,https://s3n.cashify.in/cashify/product/img/xhdpi/csh-xfoni5hr-qem5.png
Sony Xperia R1 Plus,https://s3n.cashify.in/cashify/product/img/xhdpi/csh-ldpiltqn-6vat.png
Sony Xperia XZ1,https://s3n.cashify.in/cashify/product/img/xhdpi/csh-6ffcuazf-mrut.png
Sony Xperia XA1 Ultra Dual,https://s3n.cashify.in/cashify/product/img/xhdpi/csh-9kkzxfbd-tjht.png
Sony Xperia XA1,https://s3n.cashify.in/cashify/product/img/xhdpi/csh-dplm31dc-jkxd.png
Sony Xperia XZs,https://s3n.cashify.in/cashify/product/img/xhdpi/csh-umdvvnlw-coj2.png
Sony Xperia XA Ultra,https://s3n.cashify.in/cashify/product/img/xhdpi/csh-qdq2h3gs-9hri.png
Sony Xperia XA Dual,https://s3n.cashify.in/cashify/product/img/xhdpi/csh-zp6axmab-jrvi.png
Sony Xperia L1,https://s3n.cashify.in/cashify/product/img/xhdpi/csh-gjpzrmnl-h5fb.png
Sony Xperia XA,https://s3n.cashify.in/cashify/product/img/xhdpi/csh-camexmwo-hzbu.png
Sony Xperia XZ Premium,https://s3n.cashify.in/cashify/product/img/xhdpi/csh-bwzkf8zu-0k6a.png
Sony Xperia X Dual Sim,https://s3n.cashify.in/cashify/product/img/xhdpi/csh-uh2rzlxe-pkbt.png
Sony Xperia Z5 Premium Dual,https://s3n.cashify.in/cashify/product/img/xhdpi/csh-skodbr2s-nwr2.png
Sony Xperia Z5 Dual,https://s3n.cashify.in/cashify/product/img/xhdpi/csh-nek6djm5-mneh.png
Sony Xperia M5 Dual,https://s3n.cashify.in/cashify/product/img/xhdpi/csh-svehbzm7-rdzf.png
Sony Xperia C5 Ultra Dual,https://s3n.cashify.in/cashify/product/img/xhdpi/csh-ossvq885-cn8m.png
Sony Xperia C4 Duo,https://s3n.cashify.in/cashify/product/img/xhdpi/csh-7oulc8xs-mn2x.png
Sony Xperia M4 Aqua Dual,https://s3n.cashify.in/cashify/product/img/xhdpi/csh-tpxuxbb1-8irk.png
Sony Xperia Z3+,https://s3n.cashify.in/cashify/product/img/xhdpi/csh-vsohsk7x-djvf.png
Sony Xperia E4g Dual Sim,https://s3n.cashify.in/cashify/product/img/xhdpi/csh-8lkgxny7-rwvb.png
Sony Xperia E4 Dual,https://s3n.cashify.in/cashify/product/img/xhdpi/csh-r8qeydgx-5v0n.png
Sony Xperia XZ,https://s3n.cashify.in/cashify/product/img/xhdpi/csh-egpy9akm-hkse.png
Sony Xperia X,https://s3n.cashify.in/cashify/product/img/xhdpi/csh-xe7b07sl-zxth.png
