models,images
Panasonic Eluga Ray,https://s3n.cashify.in/cashify/product/img/xhdpi/csh-qjeelk6c-hnvb.png
Panasonic Eluga I7,https://s3n.cashify.in/cashify/product/img/xhdpi/ead324b1-c01c.jpg
Panasonic Eluga Ray 700,https://s3n.cashify.in/cashify/product/img/xhdpi/dcf7178b-c580.jpg
Panasonic Eluga A3 pro,https://s3n.cashify.in/cashify/product/img/xhdpi/b3ef744c-00f2.jpg
Panasonic P85,https://s3n.cashify.in/cashify/product/img/xhdpi/eb2c3bbe-749c.jpg
Panasonic Eluga Mark 2,https://s3n.cashify.in/cashify/product/img/xhdpi/577ade5f-5f30.jpg
Panasonic Eluga Tapp,https://s3n.cashify.in/cashify/product/img/xhdpi/5880b1bd19342.jpg
Panasonic Eluga Arc 2,https://s3n.cashify.in/cashify/product/img/xhdpi/5880b215b128d.jpg
Panasonic Eluga Note,https://s3n.cashify.in/cashify/product/img/xhdpi/58fee2658e7b3.jpg
Panasonic Eluga i3,https://s3n.cashify.in/cashify/product/img/xhdpi/3ab4a314-e610.jpg
Panasonic Eluga A2,https://s3n.cashify.in/cashify/product/img/xhdpi/597acfcfd1a9b.jpg
Panasonic Eluga mark,https://s3n.cashify.in/cashify/product/img/xhdpi/585bbe07c7cf1.jpg
Panasonic Eluga Icon,https://s3n.cashify.in/cashify/product/img/xhdpi/054c9cf8-6393.jpg
Panasonic eluga switch,https://s3n.cashify.in/cashify/product/img/xhdpi/5880b170b66c4.jpg
Panasonic T45 4G,https://s3n.cashify.in/cashify/product/img/xhdpi/57318fd937ee8.jpeg
Panasonic Eluga Z,https://s3n.cashify.in/cashify/product/img/xhdpi/58fdedba17e46.jpg
Panasonic P101,https://s3n.cashify.in/cashify/product/img/xhdpi/7c9c6260-50dc.jpg
Panasonic Eluga X1,https://s3n.cashify.in/cashify/product/img/xhdpi/f25f8a2d-6e02.jpg
Panasonic Eluga X1 Pro,https://s3n.cashify.in/cashify/product/img/xhdpi/82f7e07c-38fc.jpg
Panasonic P95,https://s3n.cashify.in/cashify/product/img/xhdpi/36f479f7-8f6a.jpg
Panasonic Eluga Z1 Pro,https://s3n.cashify.in/cashify/product/img/xhdpi/2f535d60-a88a.jpg
Panasonic P91,https://s3n.cashify.in/cashify/product/img/xhdpi/42af2f6a-d4be.jpg
Panasonic Eluga Ray 600,https://s3n.cashify.in/cashify/product/img/xhdpi/55fdb24a-9f1a.jpg
Panasonic P85 NXT,https://s3n.cashify.in/cashify/product/img/xhdpi/d3f0afc3-95d5.jpg
Panasonic Eluga Pulse X,https://s3n.cashify.in/cashify/product/img/xhdpi/b9fb5ca9-4797.jpg
Panasonic Eluga I5,https://s3n.cashify.in/cashify/product/img/xhdpi/e4a2fa8b-4250.jpg
Panasonic Eluga i3 Mega,https://s3n.cashify.in/cashify/product/img/xhdpi/659e366c-d195.jpg
Panasonic Eluga Ray Max,https://s3n.cashify.in/cashify/product/img/xhdpi/csh-phrzmdyt-ggd5.png
Panasonic Eluga Ray X,https://s3n.cashify.in/cashify/product/img/xhdpi/42f85a9c-06f8.jpg
Panasonic Eluga Turbo,https://s3n.cashify.in/cashify/product/img/xhdpi/5880b2957d775.jpg
Panasonic Eluga L2,https://s3n.cashify.in/cashify/product/img/xhdpi/57318f4145ae7.jpg
Panasonic Eluga Z1,https://s3n.cashify.in/cashify/product/img/xhdpi/d30ecd0e-e7b4.jpg
Panasonic Eluga Ray 800,https://s3n.cashify.in/cashify/product/img/xhdpi/8f5bfa80-d691.jpg
