models,images
Micromax Canvas Infinity Life,https://s3n.cashify.in/cashify/product/img/xhdpi/csh-s8kkimsk-dvxm.png
Micromax Canvas Infinity Pro,https://s3n.cashify.in/cashify/product/img/xhdpi/csh-xrctmjq6-kyin.png
Micromax Canvas Infinity,https://s3n.cashify.in/cashify/product/img/xhdpi/csh-rex7yyb7-0xmo.png
Micromax Canvas 1,https://s3n.cashify.in/cashify/product/img/xhdpi/csh-meia54ot-fjqh.png
Micromax Canvas 2 Q4310,https://s3n.cashify.in/cashify/product/img/xhdpi/csh-qmes3nsp-c0wh.png
Micromax Bharat 2 Q402,https://s3n.cashify.in/cashify/product/img/xhdpi/csh-rlt2f5sc-595a.png
Micromax Canvas 5 lite Q463,https://s3n.cashify.in/cashify/product/img/xhdpi/csh-kokes6oh-8pub.png
Micromax Unite 4 Plus,https://s3n.cashify.in/cashify/product/img/xhdpi/csh-tznidxk9-bdlb.png
Micromax Unite 4,https://s3n.cashify.in/cashify/product/img/xhdpi/csh-a5mbchkq-kdep.png
Micromax Bolt Selfie Q424,https://s3n.cashify.in/cashify/product/img/xhdpi/csh-t6owblrl-rdkh.png
Micromax Canvas Mega 2 Q426,https://s3n.cashify.in/cashify/product/img/xhdpi/csh-syfsc1e3-ztzq.png
Micromax Canvas 6 Pro E484,https://s3n.cashify.in/cashify/product/img/xhdpi/csh-qxwwmfvv-ltzq.png
Micromax Canvas Pulse 4G,https://s3n.cashify.in/cashify/product/img/xhdpi/csh-oyjvz4cn-r8vb.png
Micromax Canvas 5 E481,https://s3n.cashify.in/cashify/product/img/xhdpi/9f327a60-7d6c.jpg
Micromax canvas juice 3,https://s3n.cashify.in/cashify/product/img/xhdpi/csh-usumbllg-npdm.png
Micromax Canvas Selfie 2 Q340,https://s3n.cashify.in/cashify/product/img/xhdpi/csh-mxuhvx2c-abos.png
Canvas Xpress 2 E313,https://s3n.cashify.in/cashify/product/img/xhdpi/csh-5n4afdsu-qxma.png
Micromax Canvas Silver 5 Q450,https://s3n.cashify.in/cashify/product/img/xhdpi/csh-nprzy9o5-karw.png
Micromax Canvas Doodle 4,https://s3n.cashify.in/cashify/product/img/xhdpi/csh-nc7c83rt-h9du.png
Micromax Canvas Fire 4,https://s3n.cashify.in/cashify/product/img/xhdpi/csh-dmyuviyj-c6fh.png
Micromax Canvas Hue AQ5000,https://s3n.cashify.in/cashify/product/img/xhdpi/csh-9iix0wyc-qq6p.png
Micromax Spark 4G Prime,https://s3n.cashify.in/cashify/product/img/xhdpi/csh-qkjw8z88-butq.png
Micromax Bharat 5 Infinity Edition,https://s3n.cashify.in/cashify/product/img/xhdpi/csh-kpsssark-bfac.png
Micromax Canvas Evok E483,https://s3n.cashify.in/cashify/product/img/xhdpi/e110fba6-d73a.jpg
Micromax Bharat 5,https://s3n.cashify.in/cashify/product/img/xhdpi/csh-fgluelr7-bi5z.png
Micromax Dual 5,https://s3n.cashify.in/cashify/product/img/xhdpi/csh-zk9t6ezx-vrch.png
Micromax Canvas 5 lite Q462,https://s3n.cashify.in/cashify/product/img/xhdpi/csh-thskd4li-gi1h.png
Micromax Canvas Fire 5 Q386,https://s3n.cashify.in/cashify/product/img/xhdpi/csh-3htu2khg-ovog.png
Micromax Canvas Juice 4 Q382,https://s3n.cashify.in/cashify/product/img/xhdpi/csh-em94lykd-jevw.png
Micromax Mega 4G Q417,https://s3n.cashify.in/cashify/product/img/xhdpi/csh-euyhr7jo-ohxc.png
Micromax Canvas Xpress 4G Q413,https://s3n.cashify.in/cashify/product/img/xhdpi/csh-w80ik3ry-w93b.png
Micromax Canvas Juice 3 plus Q394,https://s3n.cashify.in/cashify/product/img/xhdpi/csh-mfbztjdb-h3e5.png
Micromax Mega E353,https://s3n.cashify.in/cashify/product/img/xhdpi/csh-l0eor6r5-rv8t.png
Micromax Canvas Pace 4G Q416,https://s3n.cashify.in/cashify/product/img/xhdpi/csh-1j4yxtxa-dnuk.png
micromax Canvas Nitro 4G E455,https://s3n.cashify.in/cashify/product/img/xhdpi/csh-rynefkib-aba7.png
Micromax Canvas Hue 2,https://s3n.cashify.in/cashify/product/img/xhdpi/csh-naiwftbr-kf08.png
Micromax Canvas Knight 2 E471,https://s3n.cashify.in/cashify/product/img/xhdpi/csh-1hzagnvi-t5dy.png
Micromax Canvas Nitro A311,https://s3n.cashify.in/cashify/product/img/xhdpi/csh-upyyaouv-etf8.png
micromax unite 3,https://s3n.cashify.in/cashify/product/img/xhdpi/csh-sxstkrua-safw.png
Micromax Canvas Juice 2,https://s3n.cashify.in/cashify/product/img/xhdpi/csh-ua7h3ycm-6zm3.png
Micromax Canvas Selfie A 255,https://s3n.cashify.in/cashify/product/img/xhdpi/csh-xa81qwws-lu4l.png
Micromax Bharat 2 Plus Q402,https://s3n.cashify.in/cashify/product/img/xhdpi/csh-4qjla6kp-omix.png
Micromax bharat 4 Q440,https://s3n.cashify.in/cashify/product/img/xhdpi/csh-5hsglfh0-nzxl.png
Micromax Infinity N11,https://s3n.cashify.in/cashify/product/img/xhdpi/csh-rmmmbqo6-hef1.png
Micromax Infinity N12,https://s3n.cashify.in/cashify/product/img/xhdpi/csh-n5ll2dy6-zn1q.png
Micromax iOne,https://s3n.cashify.in/cashify/product/img/xhdpi/csh-ne2eliqq-3w6t.png
Micromax Spark Go,https://s3n.cashify.in/cashify/product/img/xhdpi/csh-8ijkmuor-ksfu.png
Micromax Bharat 5 Pro,https://s3n.cashify.in/cashify/product/img/xhdpi/6993cc88-a8ed.jpg
Micromax Canvas Selfie 2 Q4311,https://s3n.cashify.in/cashify/product/img/xhdpi/csh-sh5gofaz-hida.png
Micromax Unite 4 Pro,https://s3n.cashify.in/cashify/product/img/xhdpi/csh-bwdaic29-s837.png
Micromax Canvas 6,https://s3n.cashify.in/cashify/product/img/xhdpi/csh-9mmjlx9k-mbp0.png
Micromax Canvas Nitro 2 E311 Dual Sim,https://s3n.cashify.in/cashify/product/img/xhdpi/csh-p8v978d3-kdcg.png
Micromax canvas 2 plus,https://s3n.cashify.in/cashify/product/img/xhdpi/dce24ab0-20c1.jpg
