models,images
Gionee M7 Power,https://s3n.cashify.in/cashify/product/img/xhdpi/csh-kxdxf3no-qmsn.png
Gionee X1s,https://s3n.cashify.in/cashify/product/img/xhdpi/csh-xlgcdspa-8cdn.png
Gionee A1 Lite,https://s3n.cashify.in/cashify/product/img/xhdpi/csh-emvetg6w-hedm.png
Gionee P7,https://s3n.cashify.in/cashify/product/img/xhdpi/csh-1q9z17of-r0c4.png
Gionee F103 Pro,https://s3n.cashify.in/cashify/product/img/xhdpi/csh-xvvvgvl9-7ed9.png
Gionee P7 Max,https://s3n.cashify.in/cashify/product/img/xhdpi/csh-2ryqa0m4-acqm.png
Gionee S6s,https://s3n.cashify.in/cashify/product/img/xhdpi/csh-nwwteu3g-hui4.png
Gionee S6,https://s3n.cashify.in/cashify/product/img/xhdpi/csh-7uhjv7e2-sxuc.png
Gionee F103,https://s3n.cashify.in/cashify/product/img/xhdpi/csh-qcbpvecj-f9l1.png
Gionee Elife S Plus,https://s3n.cashify.in/cashify/product/img/xhdpi/csh-j4ifwj7b-cc5h.png
Gionee Marathon M5,https://s3n.cashify.in/cashify/product/img/xhdpi/csh-fo5fwedy-zjqm.png
Gionee Elife E8,https://s3n.cashify.in/cashify/product/img/xhdpi/csh-qvdz9w4v-d0i7.png
Gionee Pioneer P3S,https://s3n.cashify.in/cashify/product/img/xhdpi/csh-4j3rsr1d-vnml.png
Gionee Marathon M4,https://s3n.cashify.in/cashify/product/img/xhdpi/csh-bkfqmrpr-6zsh.png
Gionee Pioneer P4S,https://s3n.cashify.in/cashify/product/img/xhdpi/csh-kmlfdtq8-pavf.png
Gionee Elife S7,https://s3n.cashify.in/cashify/product/img/xhdpi/csh-3nmsuwwt-ysnt.png
Gionee Marathon M5 Lite,https://s3n.cashify.in/cashify/product/img/xhdpi/csh-nzijnrl0-5gv9.png
Gionee Pioneer P6,https://s3n.cashify.in/cashify/product/img/xhdpi/csh-au0uhszq-7wb2.png
Gionee F205,https://s3n.cashify.in/cashify/product/img/xhdpi/csh-ml3ehisp-99bc.png
Gionee S10 Lite,https://s3n.cashify.in/cashify/product/img/xhdpi/csh-7dfafotz-jlgc.png
Gionee F205 Pro,https://s3n.cashify.in/cashify/product/img/xhdpi/csh-s4z8tgu5-0mfc.png
Gionee S11 Lite,https://s3n.cashify.in/cashify/product/img/xhdpi/983cc170-0874.jpg
Gionee F9,https://s3n.cashify.in/cashify/product/img/xhdpi/csh-qtepevpz-8dgr.png
Gionee F9 Plus,https://s3n.cashify.in/cashify/product/img/xhdpi/5ab2f64c-55a2.jpg
Gionee A1 Plus,https://s3n.cashify.in/cashify/product/img/xhdpi/csh-dkuqbtrl-rpcb.png
Gionee A1,https://s3n.cashify.in/cashify/product/img/xhdpi/csh-c7ndqnbj-qrpv.png
Gionee S6 Pro,https://s3n.cashify.in/cashify/product/img/xhdpi/csh-xazauw0t-zu4h.png
Gionee Marathon 5 Plus,https://s3n.cashify.in/cashify/product/img/xhdpi/csh-kknzmx2j-y0jf.png
