models,images
OPPO Reno 2,https://s3n.cashify.in/cashify/product/img/xhdpi/22b06981-13b9.jpg
OPPO F9,https://s3n.cashify.in/cashify/product/img/xhdpi/30bb2f4c-2e7a.jpg
OPPO F5 Youth,https://s3n.cashify.in/cashify/product/img/xhdpi/bf35c2d6-a3e1.jpg
OPPO A71,https://s3n.cashify.in/cashify/product/img/xhdpi/824aa32d-f8aa.jpg
OPPO A33,https://s3n.cashify.in/cashify/product/img/xhdpi/a618dcbb-2398.jpg
OPPO A77,https://s3n.cashify.in/cashify/product/img/xhdpi/59d5f8154cf93.png
OPPO F3,https://s3n.cashify.in/cashify/product/img/xhdpi/bda7813b-643a.jpg
OPPO A57,https://s3n.cashify.in/cashify/product/img/xhdpi/585bb899ea1bc.jpg
OPPO F1s,https://s3n.cashify.in/cashify/product/img/xhdpi/csh-0f5knp9g-9je6.png
OPPO A37,https://s3n.cashify.in/cashify/product/img/xhdpi/dab52c2d-5a21.jpg
OPPO A37f,https://s3n.cashify.in/cashify/product/img/xhdpi/5880aeac1ed3e.jpg
OPPO Mirror 5,https://s3n.cashify.in/cashify/product/img/xhdpi/5728529c470b8.jpg
OPPO R7 Plus,https://s3n.cashify.in/cashify/product/img/xhdpi/572853c7711fd.jpg
OPPO R17 Pro,https://s3n.cashify.in/cashify/product/img/xhdpi/67e2fb15-c72d.jpg
OPPO R17,https://s3n.cashify.in/cashify/product/img/xhdpi/bdc0056d-87ef.jpg
OPPO A5s,https://s3n.cashify.in/cashify/product/img/xhdpi/csh-oaiguc6n-f3fo.png
OPPO A1K,https://s3n.cashify.in/cashify/product/img/xhdpi/61efaab9-f91f.jpg
OPPO Reno,https://s3n.cashify.in/cashify/product/img/xhdpi/5d925f01-e518.jpg
OPPO Reno 10x Zoom,https://s3n.cashify.in/cashify/product/img/xhdpi/csh-6ato68nn-2ilc.png
OPPO K3,https://s3n.cashify.in/cashify/product/img/xhdpi/csh-lepaq3jl-bkaa.png
OPPO A9,https://s3n.cashify.in/cashify/product/img/xhdpi/0330f2d8-0a38.jpg
OPPO A5 2020,https://s3n.cashify.in/cashify/product/img/xhdpi/b991e830-c97e.jpg
OPPO A9 2020,https://s3n.cashify.in/cashify/product/img/xhdpi/f3ea4abf-5122.jpg
OPPO Reno2 F,https://s3n.cashify.in/cashify/product/img/xhdpi/fb60449f-96fd.jpg
OPPO A7,https://s3n.cashify.in/cashify/product/img/xhdpi/csh-z6pw7kri-fajc.png
OPPO F9 Pro,https://s3n.cashify.in/cashify/product/img/xhdpi/csh-pbm1dof6-t9pm.png
OPPO A3s,https://s3n.cashify.in/cashify/product/img/xhdpi/csh-y6vnbrz7-ib2f.png
OPPO Find X,https://s3n.cashify.in/cashify/product/img/xhdpi/d1a5e88b-ffe1.jpg
OPPO A5,https://s3n.cashify.in/cashify/product/img/xhdpi/csh-yjb3phhw-7trw.png
OPPO F7,https://s3n.cashify.in/cashify/product/img/xhdpi/csh-fxrhavtm-t6lc.png
OPPO A83,https://s3n.cashify.in/cashify/product/img/xhdpi/csh-ayhxdmy9-ldrl.png
OPPO F5,https://s3n.cashify.in/cashify/product/img/xhdpi/csh-7u1c8z77-itdw.png
OPPO R11,https://s3n.cashify.in/cashify/product/img/xhdpi/59d5fb0b9176f.png
OPPO R11 Plus,https://s3n.cashify.in/cashify/product/img/xhdpi/b2ebc2af-b2d6.jpg
OPPO F3 Plus,https://s3n.cashify.in/cashify/product/img/xhdpi/csh-ze3kiaaa-xalr.png
OPPO F1 plus,https://s3n.cashify.in/cashify/product/img/xhdpi/9c3bfdbd-3c3b.jpg
OPPO F1,https://s3n.cashify.in/cashify/product/img/xhdpi/57318d035cc07.jpg
OPPO Neo 7,https://s3n.cashify.in/cashify/product/img/xhdpi/3d93d70d-9b0f.jpg
OPPO R7 Lite,https://s3n.cashify.in/cashify/product/img/xhdpi/5728538f4a22c.jpg
OPPO Neo 5 (2015),https://s3n.cashify.in/cashify/product/img/xhdpi/csh-slsbknvu-jjtu.png
OPPO K1,https://s3n.cashify.in/cashify/product/img/xhdpi/7a2ebcc1-7841.jpg
OPPO F11 Pro,https://s3n.cashify.in/cashify/product/img/xhdpi/csh-lbkbazcw-ta8r.png
OPPO F11,https://s3n.cashify.in/cashify/product/img/xhdpi/98f4de85-fc4c.jpg
OPPO R15 Pro,https://s3n.cashify.in/cashify/product/img/xhdpi/8e291a26-cf5e.jpg
OPPO Reno 2Z,https://s3n.cashify.in/cashify/product/img/xhdpi/d90c682e-f2d8.jpg
OPPO F15,https://s3n.cashify.in/cashify/product/img/xhdpi/353e715a-50c5.jpg
OPPO F11 Pro Avenger Edition,https://s3n.cashify.in/cashify/product/img/xhdpi/f91feb24-cdb4.jpg
