models,images
Motorola One Power,https://s3n.cashify.in/cashify/product/img/xhdpi/csh-lzveatdg-ccjo.png
Motorola Moto E5 Plus,https://s3n.cashify.in/cashify/product/img/xhdpi/csh-flqu7php-x7an.png
Moto G6 Plus,https://s3n.cashify.in/cashify/product/img/xhdpi/csh-7v8tuma3-jgep.png
Motorola Moto G5S,https://s3n.cashify.in/cashify/product/img/xhdpi/csh-ld52cnat-pxqe.png
Motorola Moto C,https://s3n.cashify.in/cashify/product/img/xhdpi/csh-d6ovmjee-lbhk.png
Motorola Moto C Plus,https://s3n.cashify.in/cashify/product/img/xhdpi/csh-qadfpkiz-goj8.png
Motorola Moto G5s Plus,https://s3n.cashify.in/cashify/product/img/xhdpi/csh-bqgefe48-jol7.png
Motorola Moto M,https://s3n.cashify.in/cashify/product/img/xhdpi/csh-wmvwhqnx-1wws.png
Motorola Moto Z Style Mod,https://s3n.cashify.in/cashify/product/img/xhdpi/csh-up9y4wem-tlpd.png
Motorola Moto Z,https://s3n.cashify.in/cashify/product/img/xhdpi/csh-ympbityp-bo3q.png
Motorola Moto G4 Play,https://s3n.cashify.in/cashify/product/img/xhdpi/csh-spvrl35r-yvgw.png
Motorola Moto G4 Plus,https://s3n.cashify.in/cashify/product/img/xhdpi/csh-zix1efom-bbir.png
Motorola Moto G5 Plus,https://s3n.cashify.in/cashify/product/img/xhdpi/csh-eoiqlsfm-wvpw.png
Motorola Moto G 4G,https://s3n.cashify.in/cashify/product/img/xhdpi/csh-15ls5ley-meva.png
Motorola Moto G 2nd Gen 4G,https://s3n.cashify.in/cashify/product/img/xhdpi/csh-xe3wlz3p-2v9d.png
Motorola Moto Turbo XT1225,https://s3n.cashify.in/cashify/product/img/xhdpi/csh-qush5oxa-3gnn.png
Motorola Moto G 2nd Gen,https://s3n.cashify.in/cashify/product/img/xhdpi/csh-xgrzxubm-ka6t.png
Motorola Moto X 2nd Gen,https://s3n.cashify.in/cashify/product/img/xhdpi/csh-nvoeghkx-o2zy.png
Motorola Moto X 2nd Gen,https://s3n.cashify.in/cashify/product/img/xhdpi/572343908e533.jpg
Motorola Moto G7 Power,https://s3n.cashify.in/cashify/product/img/xhdpi/csh-lgltuxmt-pgmm.png
Motorola Moto G7,https://s3n.cashify.in/cashify/product/img/xhdpi/csh-axin0ewh-fq65.png
Motorola One Vision,https://s3n.cashify.in/cashify/product/img/xhdpi/036c406d-7231.jpg
Motorola Moto E6s,https://s3n.cashify.in/cashify/product/img/xhdpi/d5c6b2ef-8476.jpg
Motorola One Macro,https://s3n.cashify.in/cashify/product/img/xhdpi/857f430a-ada9.jpg
Motorola Moto E5,https://s3n.cashify.in/cashify/product/img/xhdpi/csh-ttuq9umv-dufq.png
Motorola Moto Z2 Force,https://s3n.cashify.in/cashify/product/img/xhdpi/csh-ncqgpdto-bnck.png
Motorola Moto G6,https://s3n.cashify.in/cashify/product/img/xhdpi/csh-6y3g1rnq-lteb.png
Motorola Moto G6 Play,https://s3n.cashify.in/cashify/product/img/xhdpi/csh-sdqgtalv-vsuu.png
Motorola Moto X4,https://s3n.cashify.in/cashify/product/img/xhdpi/csh-db3vrq33-fblp.png
Motorola Moto E4 Plus,https://s3n.cashify.in/cashify/product/img/xhdpi/csh-p1esfc2j-0w2y.png
Motorola Moto E4,https://s3n.cashify.in/cashify/product/img/xhdpi/csh-abubdoz8-k4rr.png
Motorola Moto Z2 Play Dual SIM,https://s3n.cashify.in/cashify/product/img/xhdpi/csh-pje1m0rt-h3po.png
Motorola Moto G5,https://s3n.cashify.in/cashify/product/img/xhdpi/csh-64l6aad1-kssg.png
Motorola Moto E3 Power,https://s3n.cashify.in/cashify/product/img/xhdpi/csh-ohigqccd-hliy.png
Motorola Moto Z Play,https://s3n.cashify.in/cashify/product/img/xhdpi/csh-2dtpahmj-wkpv.png
Motorola Moto G4,https://s3n.cashify.in/cashify/product/img/xhdpi/csh-plrsfftj-izrk.png
Motorola Moto G4,https://s3n.cashify.in/cashify/product/img/xhdpi/csh-plrsfftj-izrk.png
Motorola Moto G5 Plus,https://s3n.cashify.in/cashify/product/img/xhdpi/csh-eoiqlsfm-wvpw.png
Motorola Moto G5 Plus,https://s3n.cashify.in/cashify/product/img/xhdpi/csh-eoiqlsfm-wvpw.png
Motorola Moto X Force 2016,https://s3n.cashify.in/cashify/product/img/xhdpi/57317df4f0488.jpg
Motorola Moto G Turbo Edition,https://s3n.cashify.in/cashify/product/img/xhdpi/csh-dxm5kjwt-vmxx.png
Motorola Moto X Play,https://s3n.cashify.in/cashify/product/img/xhdpi/069af755-a92c.jpg
Motorola Moto G 3rd Gen,https://s3n.cashify.in/cashify/product/img/xhdpi/csh-0qb8ncwy-ight.png
Motorola Moto E 2nd Gen,https://s3n.cashify.in/cashify/product/img/xhdpi/csh-eqg9jv1i-dddy.png
Motorola Moto E 2nd Gen 4G,https://s3n.cashify.in/cashify/product/img/xhdpi/csh-a4mknjgq-s1ol.png
Motorola Moto One,https://s3n.cashify.in/cashify/product/img/xhdpi/csh-1ha09hhc-rhvy.png
Motorola One Action,https://s3n.cashify.in/cashify/product/img/xhdpi/1468a7d4-ea35.jpg
Motorola Moto G8 Plus,https://s3n.cashify.in/cashify/product/img/xhdpi/32df8080-b860.jpg
