models,images
ACER Aspire S3-391 Ultrabook (NX.M1FSI.017), https://s3n.cashify.in/cashify/product/img/xhdpi/5982f35c7e555.jpg
ACER Aspire V5-573G (NX.MCGSI.002), https://s3n.cashify.in/cashify/product/img/xhdpi/5982f51795e3d.jpg
ACER Aspire V V5-572P Notebook (NX.MAESI.005), https://s3n.cashify.in/cashify/product/img/xhdpi/5982f403d50e3.jpg
ACER ES1533C12K Notebook, https://s3n.cashify.in/cashify/product/img/xhdpi/598309cd34181.jpg
ACER E Series ES1131C8RL Netbook, https://s3n.cashify.in/cashify/product/img/xhdpi/5982fb228ce46.jpg
Acer ES1-520 - 301E (NX.G2JSI.005) Laptop, https://s3n.cashify.in/cashify/product/img/xhdpi/5742a077ad350.jpg
Acer Aspire E ES1-521 (NX.G2KSI.010) Notebook, https://s3n.cashify.in/cashify/product/img/xhdpi/5742a00579b86.jpg
Acer Predator 17 G9-792, https://s3n.cashify.in/cashify/product/img/xhdpi/574296cbc0bfe.jpg
Acer Aspire E5-571, https://s3n.cashify.in/cashify/product/img/xhdpi/574295e211ece.jpg
Acer Aspire E5-573G-389U, https://s3n.cashify.in/cashify/product/img/xhdpi/57428ffa4984d.jpg
Acer Predator Helios 300 PH315-51-73SR, https://s3n.cashify.in/cashify/product/img/xhdpi/4f5d6770-0bba.jpg
Acer Aspire R5-571TG-7229, https://s3n.cashify.in/cashify/product/img/xhdpi/6a547948-adfd.jpg
Acer Aspire One 756 (NU.SGYSI.014), https://s3n.cashify.in/cashify/product/img/xhdpi/Aspire_One.jpg
Acer Aspire R7-571G (NX.MA5SI.003), https://s3n.cashify.in/cashify/product/img/xhdpi/5982cbedb0a91.jpg
Acer Aspire V3-571G (NX.RYFSI.005), https://s3n.cashify.in/cashify/product/img/xhdpi/Aspire_V3_Series.jpg
Acer Aspire V3 571G (NX.RZLSI.004), https://s3n.cashify.in/cashify/product/img/xhdpi/Aspire_V3_Series.jpg
Acer Aspire S3-391 (NX.M1FSI.002), https://s3n.cashify.in/cashify/product/img/xhdpi/5982cbedb0a91.jpg
Acer E1-572G  (NX.MJNSI.004), https://s3n.cashify.in/cashify/product/img/xhdpi/5982f48595c4f.jpg
Acer Aspire V5-572 (NX.MA4SI.003), https://s3n.cashify.in/cashify/product/img/xhdpi/Aspire_V5_Series.jpg
Acer Aspire V5-471 (NX.M1BSI.004), https://s3n.cashify.in/cashify/product/img/xhdpi/Aspire_V5_Series.jpg
Acer Aspire S7-391C (NX.M3ESI.008), https://s3n.cashify.in/cashify/product/img/xhdpi/5982cbedb0a91.jpg
Acer V5 -571  (NX.M1JSI.015), https://s3n.cashify.in/cashify/product/img/xhdpi/5982f48595c4f.jpg
Acer Aspire V5-123, https://s3n.cashify.in/cashify/product/img/xhdpi/Aspire_V5_Series.jpg
Acer Aspire S3  (NX.M1FSI.001), https://s3n.cashify.in/cashify/product/img/xhdpi/5982cbedb0a91.jpg
Acer Aspire E5-511 (NX.MNYSI.004), https://s3n.cashify.in/cashify/product/img/xhdpi/Aspire_E5.jpg
Acer Aspire E1-471 (UN.M0QSI.011), https://s3n.cashify.in/cashify/product/img/xhdpi/E1_Series.jpg
Acer ASPIRE Notebook (NXML8SI010), https://s3n.cashify.in/cashify/product/img/xhdpi/5982cbedb0a91.jpg
Acer Aspire E1-571G (NX.M57SI.001), https://s3n.cashify.in/cashify/product/img/xhdpi/E1_Series.jpg
Acer Aspire E5-471 (NX.MN2SI.005), https://s3n.cashify.in/cashify/product/img/xhdpi/Aspire_E5.jpg
Acer Aspire V5-572 (NX.M9YSI.010), https://s3n.cashify.in/cashify/product/img/xhdpi/Aspire_V5_Series.jpg
Acer Aspire E5-571 (NX.MSASI.001), https://s3n.cashify.in/cashify/product/img/xhdpi/Aspire_E5.jpg
Acer Aspire S3-391 (NX.M1FSI.017), https://s3n.cashify.in/cashify/product/img/xhdpi/5982cbedb0a91.jpg
Acer Aspire E1-570G (NX.MESSI.006), https://s3n.cashify.in/cashify/product/img/xhdpi/E1_Series.jpg
Acer E5-571  (NX.MSASl.002), https://s3n.cashify.in/cashify/product/img/xhdpi/Aspire_E5.jpg
Acer Aspire E1-572G (NX.MJNSI.001), https://s3n.cashify.in/cashify/product/img/xhdpi/E1_Series.jpg
Acer Aspire V5 571- NX.M2DSI.009, https://s3n.cashify.in/cashify/product/img/xhdpi/Aspire_V5_Series.jpg
Acer Aspire E1-572 (NX.M8ESI.003), https://s3n.cashify.in/cashify/product/img/xhdpi/E1_Series.jpg
Acer Aspire V5 431P, https://s3n.cashify.in/cashify/product/img/xhdpi/Aspire_V5_Series.jpg
Acer Aspire E1-572G, https://s3n.cashify.in/cashify/product/img/xhdpi/E1_Series.jpg
Acer Aspire es1-512, https://s3n.cashify.in/cashify/product/img/xhdpi/5982cbedb0a91.jpg
Acer Aspire E5-571 (NX.MLTSI.003), https://s3n.cashify.in/cashify/product/img/xhdpi/Aspire_E5.jpg
Acer Aspire V5 571G (NX.M2ESI.001), https://s3n.cashify.in/cashify/product/img/xhdpi/Aspire_V5_Series.jpg
Acer Aspire E1 571 (NX.M09SI.006), https://s3n.cashify.in/cashify/product/img/xhdpi/E1_Series.jpg
Acer ES1-511-C3R3  (NX.MMLSI.002), https://s3n.cashify.in/cashify/product/img/xhdpi/5982f48595c4f.jpg
Acer Aspire E1-570 (NX.MEPSI.008), https://s3n.cashify.in/cashify/product/img/xhdpi/E1_Series.jpg
Acer Aspire V5-472 (NX.MB2SI.008), https://s3n.cashify.in/cashify/product/img/xhdpi/Aspire_V5_Series.jpg
Acer Aspire V5-131 (NX.M87SI.001), https://s3n.cashify.in/cashify/product/img/xhdpi/Aspire_V5_Series.jpg
Acer Aspire E1-572 (NX.M8ESI.002), https://s3n.cashify.in/cashify/product/img/xhdpi/E1_Series.jpg
Acer Aspire E1-571 (NX.M09SI.030), https://s3n.cashify.in/cashify/product/img/xhdpi/E1_Series.jpg
Acer Aspire AS4730Z (Intel Pentium Dual-core), https://s3n.cashify.in/cashify/product/img/xhdpi/5982cbedb0a91.jpg
Acer Aspire 7736Z (Intel Pentium Dual-core), https://s3n.cashify.in/cashify/product/img/xhdpi/5982cbedb0a91.jpg
Acer Aspire M5 (Intel Core i7), https://s3n.cashify.in/cashify/product/img/xhdpi/Aspire_m5_Series.jpg
Acer Aspire AS5755 (Intel Core i7), https://s3n.cashify.in/cashify/product/img/xhdpi/5982cbedb0a91.jpg
Acer Aspire 7740G (Intel Core i7), https://s3n.cashify.in/cashify/product/img/xhdpi/5982cbedb0a91.jpg
Acer Aspire E1 (Intel Core i5), https://s3n.cashify.in/cashify/product/img/xhdpi/E1_Series.jpg
Acer Aspire AS4740 (Intel Core i5), https://s3n.cashify.in/cashify/product/img/xhdpi/5982cbedb0a91.jpg
Acer Aspire AS4739 (Intel Core i3), https://s3n.cashify.in/cashify/product/img/xhdpi/5982cbedb0a91.jpg
Acer Aspire 4730Z (Intel Pentium Dual-core), https://s3n.cashify.in/cashify/product/img/xhdpi/5982cbedb0a91.jpg
Acer Aspire 5735Z (Intel Core Duo), https://s3n.cashify.in/cashify/product/img/xhdpi/5982cbedb0a91.jpg
Acer Aspire 5612 (Intel Core Duo), https://s3n.cashify.in/cashify/product/img/xhdpi/5982cbedb0a91.jpg
Acer Aspire AS7736 (Intel Core 2 Duo), https://s3n.cashify.in/cashify/product/img/xhdpi/5982cbedb0a91.jpg
Acer Aspire AS5738 (Intel Core 2 Duo), https://s3n.cashify.in/cashify/product/img/xhdpi/5982cbedb0a91.jpg
Acer Aspire 5810TG (Intel Core 2 Duo), https://s3n.cashify.in/cashify/product/img/xhdpi/5982cbedb0a91.jpg
Acer Aspire 5738PG (Intel Core 2 Duo), https://s3n.cashify.in/cashify/product/img/xhdpi/5982cbedb0a91.jpg
Acer Aspire AS4736G (Intel Core 2 Duo), https://s3n.cashify.in/cashify/product/img/xhdpi/5982cbedb0a91.jpg
Acer Aspire 9810 (Intel Core 2 Duo), https://s3n.cashify.in/cashify/product/img/xhdpi/5982cbedb0a91.jpg
Acer Aspire 5739 (Intel Core 2 Duo), https://s3n.cashify.in/cashify/product/img/xhdpi/5982cbedb0a91.jpg
Acer Aspire AS5742Z (Intel Pentium Dual-core), https://s3n.cashify.in/cashify/product/img/xhdpi/5982cbedb0a91.jpg
Acer Aspire 7735ZG (Intel Pentium Dual-core), https://s3n.cashify.in/cashify/product/img/xhdpi/5982cbedb0a91.jpg
Acer Aspire 4810T (Intel Pentium Dual-core), https://s3n.cashify.in/cashify/product/img/xhdpi/5982cbedb0a91.jpg
Acer Aspire 5570 (Intel Core Solo), https://s3n.cashify.in/cashify/product/img/xhdpi/5982cbedb0a91.jpg
Acer Aspire AS8950G (Intel Core i7), https://s3n.cashify.in/cashify/product/img/xhdpi/5982cbedb0a91.jpg
Acer Aspire AS8943G (Intel Core i7), https://s3n.cashify.in/cashify/product/img/xhdpi/5982cbedb0a91.jpg
Acer Aspire AS1830T (Intel Core i7), https://s3n.cashify.in/cashify/product/img/xhdpi/5982cbedb0a91.jpg
Acer Aspire AS5733 (Intel Core i5), https://s3n.cashify.in/cashify/product/img/xhdpi/5982cbedb0a91.jpg
Acer Aspire E1 (Intel Core i3), https://s3n.cashify.in/cashify/product/img/xhdpi/E1_Series.jpg
Acer Aspire 4330 (Intel Pentium Dual-core), https://s3n.cashify.in/cashify/product/img/xhdpi/5982cbedb0a91.jpg
Acer Aspire 4720Z (Intel Pentium Dual-core), https://s3n.cashify.in/cashify/product/img/xhdpi/5982cbedb0a91.jpg
Acer Aspire AS9805WKHi (Intel Core Duo), https://s3n.cashify.in/cashify/product/img/xhdpi/5982cbedb0a91.jpg
Acer TravelMate 3260 (Intel Core Duo), https://s3n.cashify.in/cashify/product/img/xhdpi/Travelmate.jpg
Acer Aspire 9410 (Intel Core Duo), https://s3n.cashify.in/cashify/product/img/xhdpi/5982cbedb0a91.jpg
Acer Aspire 5610 (Intel Core Duo), https://s3n.cashify.in/cashify/product/img/xhdpi/5982cbedb0a91.jpg
Acer TravelMate 8371 (Intel Core 2 Duo), https://s3n.cashify.in/cashify/product/img/xhdpi/Travelmate.jpg
Acer Aspire AS8735G (Intel Core 2 Duo), https://s3n.cashify.in/cashify/product/img/xhdpi/5982cbedb0a91.jpg
Acer Aspire AS4930G (Intel Core 2 Duo), https://s3n.cashify.in/cashify/product/img/xhdpi/5982cbedb0a91.jpg
Acer TravelMate 6293 (Intel Core 2 Duo), https://s3n.cashify.in/cashify/product/img/xhdpi/Travelmate.jpg
Acer Aspire 6920 (Intel Core 2 Duo), https://s3n.cashify.in/cashify/product/img/xhdpi/5982cbedb0a91.jpg
Acer Aspire 4736G AS4736G (Intel Core 2 Duo), https://s3n.cashify.in/cashify/product/img/xhdpi/5982cbedb0a91.jpg
Acer Aspire 5920G (Intel Core 2 Duo), https://s3n.cashify.in/cashify/product/img/xhdpi/5982cbedb0a91.jpg
Acer Aspire 4920 (Intel Core 2 Duo), https://s3n.cashify.in/cashify/product/img/xhdpi/5982cbedb0a91.jpg
Acer Aspire 4736ZG (Intel Pentium Dual-core), https://s3n.cashify.in/cashify/product/img/xhdpi/5982cbedb0a91.jpg
Acer Aspire AS8951G (Intel Core i7), https://s3n.cashify.in/cashify/product/img/xhdpi/5982cbedb0a91.jpg
Acer Aspire AS7740G (Intel Core i7), https://s3n.cashify.in/cashify/product/img/xhdpi/5982cbedb0a91.jpg
Acer Aspire AS5742 (Intel Core i5), https://s3n.cashify.in/cashify/product/img/xhdpi/5982cbedb0a91.jpg
Acer Aspire AS4738 (Intel Core i5), https://s3n.cashify.in/cashify/product/img/xhdpi/5982cbedb0a91.jpg
Acer Aspire AS4752 (Intel Core i5), https://s3n.cashify.in/cashify/product/img/xhdpi/5982cbedb0a91.jpg
Acer Aspire M5 (Intel Core i3), https://s3n.cashify.in/cashify/product/img/xhdpi/Aspire_m5_Series.jpg
Acer Aspire 7740G (Intel Core i3), https://s3n.cashify.in/cashify/product/img/xhdpi/5982cbedb0a91.jpg
Acer Aspire 4736ZG AS4736ZG (Intel Pentium Dual-core), https://s3n.cashify.in/cashify/product/img/xhdpi/5982cbedb0a91.jpg
Acer Aspire 2920Z (Intel Pentium Dual-core), https://s3n.cashify.in/cashify/product/img/xhdpi/5982cbedb0a91.jpg
Acer Aspire 8930G (Intel Core 2 Quad), https://s3n.cashify.in/cashify/product/img/xhdpi/5982cbedb0a91.jpg
Acer Extensa 5635 (Intel Core 2 Duo), https://s3n.cashify.in/cashify/product/img/xhdpi/Extensa_Series.jpg
Acer Aspire 8920G (Intel Core 2 Duo), https://s3n.cashify.in/cashify/product/img/xhdpi/5982cbedb0a91.jpg
Acer Aspire 7730 (Intel Core 2 Duo), https://s3n.cashify.in/cashify/product/img/xhdpi/5982cbedb0a91.jpg
Acer TravelMate 5710 (Intel Core 2 Duo), https://s3n.cashify.in/cashify/product/img/xhdpi/Travelmate.jpg
Acer Aspire 4736 (Intel Core 2 Duo), https://s3n.cashify.in/cashify/product/img/xhdpi/5982cbedb0a91.jpg
Acer Aspire 5610 (Intel Core 2 Duo), https://s3n.cashify.in/cashify/product/img/xhdpi/5982cbedb0a91.jpg
Acer Aspire AS4752Z (Intel Pentium Dual-core), https://s3n.cashify.in/cashify/product/img/xhdpi/5982cbedb0a91.jpg
Acer Aspire AS4810TZ (Intel Pentium Dual-core), https://s3n.cashify.in/cashify/product/img/xhdpi/5982cbedb0a91.jpg
Acer Aspire 8730ZG (Intel Pentium Dual-core), https://s3n.cashify.in/cashify/product/img/xhdpi/5982cbedb0a91.jpg
Acer Aspire AS1810TZ (Intel Pentium Dual-core), https://s3n.cashify.in/cashify/product/img/xhdpi/5982cbedb0a91.jpg
Acer Aspire 5810T (Intel Pentium Dual-core), https://s3n.cashify.in/cashify/product/img/xhdpi/5982cbedb0a91.jpg
Acer Aspire 5735 (Intel Pentium Dual-core), https://s3n.cashify.in/cashify/product/img/xhdpi/5982cbedb0a91.jpg
Acer Aspire E1 531, https://s3n.cashify.in/cashify/product/img/xhdpi/E1_Series.jpg
Acer Gateway NE56R, https://s3n.cashify.in/cashify/product/img/xhdpi/Aspire_E5.jpg
Acer TravelMate 4200 (Intel Core Solo), https://s3n.cashify.in/cashify/product/img/xhdpi/Travelmate.jpg
Acer Aspire AS5951G (Intel Core i7), https://s3n.cashify.in/cashify/product/img/xhdpi/5982cbedb0a91.jpg
Acer Aspire M3 (Intel Core i5), https://s3n.cashify.in/cashify/product/img/xhdpi/Aspire_M3_Series.jpg
Acer Aspire AS5740G (Intel Core i5), https://s3n.cashify.in/cashify/product/img/xhdpi/5982cbedb0a91.jpg
Acer Aspire 7740 (Intel Core i5), https://s3n.cashify.in/cashify/product/img/xhdpi/5982cbedb0a91.jpg
Acer Aspire V5 571G Core i5, https://s3n.cashify.in/cashify/product/img/xhdpi/Aspire_V5_Series.jpg
Acer Aspire AS5820T (Intel Core i3), https://s3n.cashify.in/cashify/product/img/xhdpi/5982cbedb0a91.jpg
Acer Aspire 5740 (Intel Core i3), https://s3n.cashify.in/cashify/product/img/xhdpi/5982cbedb0a91.jpg
Acer Aspire 5750 (i3), https://s3n.cashify.in/cashify/product/img/xhdpi/5982cbedb0a91.jpg
Acer Aspire e1-571 (i3), https://s3n.cashify.in/cashify/product/img/xhdpi/E1_Series.jpg
Acer Aspire E1-571G Core i3, https://s3n.cashify.in/cashify/product/img/xhdpi/E1_Series.jpg
Acer Aspire AS7738G (Intel Core 2 Duo), https://s3n.cashify.in/cashify/product/img/xhdpi/5982cbedb0a91.jpg
Acer Aspire AS6935G (Intel Core 2 Duo), https://s3n.cashify.in/cashify/product/img/xhdpi/5982cbedb0a91.jpg
Acer Aspire 7736 (Intel Core 2 Duo), https://s3n.cashify.in/cashify/product/img/xhdpi/5982cbedb0a91.jpg
Acer Aspire AS5920G (Intel Core 2 Duo), https://s3n.cashify.in/cashify/product/img/xhdpi/5982cbedb0a91.jpg
Acer Aspire 7730G (Intel Core 2 Duo), https://s3n.cashify.in/cashify/product/img/xhdpi/5982cbedb0a91.jpg
Acer Extensa 7230 (Intel Celeron Dual-core), https://s3n.cashify.in/cashify/product/img/xhdpi/Extensa_Series.jpg
Acer Extensa 7230E (Intel Celeron Dual-core), https://s3n.cashify.in/cashify/product/img/xhdpi/Extensa_Series.jpg
ACER E5573G Notebook, https://s3n.cashify.in/cashify/product/img/xhdpi/b1ce98bf-27e1.jpg
ACER ES1132 Notebook, https://s3n.cashify.in/cashify/product/img/xhdpi/5983097b435ed.jpg
ACER E3 112M Notebook, https://s3n.cashify.in/cashify/product/img/xhdpi/59830699a9e38.jpg
Acer Aspire V3 574G 504Y NX.G1TS..., https://s3n.cashify.in/cashify/product/img/xhdpi/5742973127487.jpg
Acer Aspire V3, https://s3n.cashify.in/cashify/product/img/xhdpi/57429633be1ea.jpg
Acer Aspire E5-573 NX.MVHSI.042, https://s3n.cashify.in/cashify/product/img/xhdpi/574291bc8fc91.jpg
Acer Aspire ES1-520 (AMD E1/4GB/..., https://s3n.cashify.in/cashify/product/img/xhdpi/5742912902eb7.jpg
Acer Aspire F5-571-33M2, https://s3n.cashify.in/cashify/product/img/xhdpi/391a092b-5204.jpg
Acer Aspire E5-573G-736M (i7/8GB..., https://s3n.cashify.in/cashify/product/img/xhdpi/57428e8881fbb.jpg
Acer Aspire M3  (NX.RYKSI.002), https://s3n.cashify.in/cashify/product/img/xhdpi/Aspire_M3_Series.jpg
Acer TMP643-V-9800 (NX.V7KAA.005), https://s3n.cashify.in/cashify/product/img/xhdpi/5982f48595c4f.jpg
Acer Aspire E1-421 NX.M0ZSI.026, https://s3n.cashify.in/cashify/product/img/xhdpi/E1_Series.jpg
Acer Aspire E5-511 (UN.MPKSI.004), https://s3n.cashify.in/cashify/product/img/xhdpi/Aspire_E5.jpg
Acer Aspire S7 191, https://s3n.cashify.in/cashify/product/img/xhdpi/5982cbedb0a91.jpg
Acer Aspire M3 581TG, https://s3n.cashify.in/cashify/product/img/xhdpi/Aspire_M3_Series.jpg
Acer V5-431 Laptop (NX.M2SSI.006), https://s3n.cashify.in/cashify/product/img/xhdpi/5982f48595c4f.jpg
Acer Aspire E1 571 (NX.M09SI.008), https://s3n.cashify.in/cashify/product/img/xhdpi/E1_Series.jpg
Acer Aspire Timelin M3581TG, https://s3n.cashify.in/cashify/product/img/xhdpi/5982cbedb0a91.jpg
Acer Aspire E5-571G (NX.MRHSI.010), https://s3n.cashify.in/cashify/product/img/xhdpi/Aspire_E5.jpg
Acer Aspire E1-571 (NX.M09Si.025), https://s3n.cashify.in/cashify/product/img/xhdpi/E1_Series.jpg
Acer Aspire V3 571G, https://s3n.cashify.in/cashify/product/img/xhdpi/Aspire_V3_Series.jpg
Acer Aspire E1-531- (UN.M12SI.014), https://s3n.cashify.in/cashify/product/img/xhdpi/E1_Series.jpg
Acer Aspire E5-571 (NX.MR7SI.001), https://s3n.cashify.in/cashify/product/img/xhdpi/Aspire_E5.jpg
Acer E1-570 Laptop, https://s3n.cashify.in/cashify/product/img/xhdpi/5982f48595c4f.jpg
Acer V5-472P (NX.MAVSI.005), https://s3n.cashify.in/cashify/product/img/xhdpi/5982f48595c4f.jpg
Acer Aspire V5-123 (NX.MFRSI.003), https://s3n.cashify.in/cashify/product/img/xhdpi/Aspire_V5_Series.jpg
Acer Aspire Slim E1 (NX.MESSI.001), https://s3n.cashify.in/cashify/product/img/xhdpi/5982cbedb0a91.jpg
Acer Aspire E1 571 (NX.M09SI.004), https://s3n.cashify.in/cashify/product/img/xhdpi/E1_Series.jpg
Acer Aspire 531 Lap (NX.M12SI.008), https://s3n.cashify.in/cashify/product/img/xhdpi/5982cbedb0a91.jpg
Acer Aspire E5-571 (NX.MPSSI.004), https://s3n.cashify.in/cashify/product/img/xhdpi/Aspire_E5.jpg
Acer Aspire E3-112 (NX.MSRSI.001), https://s3n.cashify.in/cashify/product/img/xhdpi/E3_Series.jpg
Acer Aspire V5-472 (NX.MB4SI.003), https://s3n.cashify.in/cashify/product/img/xhdpi/Aspire_V5_Series.jpg
Acer Aspire P3-171 (NX.M8NSI.007), https://s3n.cashify.in/cashify/product/img/xhdpi/5982cbedb0a91.jpg
Acer Aspire E5-571 (NX.MLTSI.011), https://s3n.cashify.in/cashify/product/img/xhdpi/Aspire_E5.jpg
Acer Aspire V5-572 (NX.M9YSI.012), https://s3n.cashify.in/cashify/product/img/xhdpi/Aspire_V5_Series.jpg
Acer Aspire E1-571G (NX.M7CSI.004), https://s3n.cashify.in/cashify/product/img/xhdpi/E1_Series.jpg
Acer Aspire E1-571G (NX.M7CSI.003), https://s3n.cashify.in/cashify/product/img/xhdpi/E1_Series.jpg
Acer V5-573G (NX.MC (NX.MCGSI.002), https://s3n.cashify.in/cashify/product/img/xhdpi/5982f48595c4f.jpg
Acer E1-471 Laptop (UN.M0QSI.003), https://s3n.cashify.in/cashify/product/img/xhdpi/5982f48595c4f.jpg
Acer Aspire E5-511 (NX.MPLSI.003), https://s3n.cashify.in/cashify/product/img/xhdpi/Aspire_E5.jpg
Acer Aspire E5-511 (UN.MNYSI.002), https://s3n.cashify.in/cashify/product/img/xhdpi/Aspire_E5.jpg
Acer Aspire P3-171 (NX.M8NSI.004), https://s3n.cashify.in/cashify/product/img/xhdpi/5982cbedb0a91.jpg
Acer V5-572 (33214G50amm), https://s3n.cashify.in/cashify/product/img/xhdpi/5982f48595c4f.jpg
Acer Aspire E1 421, https://s3n.cashify.in/cashify/product/img/xhdpi/E1_Series.jpg
Acer V5-123  (NX.MFRSI.002), https://s3n.cashify.in/cashify/product/img/xhdpi/5982f48595c4f.jpg
Acer Aspire E1-522 (NX.M81SI.009), https://s3n.cashify.in/cashify/product/img/xhdpi/E1_Series.jpg
Acer Aspire E1-570 (NX.MEPSI.001), https://s3n.cashify.in/cashify/product/img/xhdpi/E1_Series.jpg
Acer Aspire AS4743Z (Intel Pentium Dual-core), https://s3n.cashify.in/cashify/product/img/xhdpi/5982cbedb0a91.jpg
Acer Aspire AS1430Z (Intel Pentium Dual-core), https://s3n.cashify.in/cashify/product/img/xhdpi/5982cbedb0a91.jpg
Acer Aspire AS5749 (Intel Core i5), https://s3n.cashify.in/cashify/product/img/xhdpi/5982cbedb0a91.jpg
Acer Aspire AS4820TG6847 (Intel Core i5), https://s3n.cashify.in/cashify/product/img/xhdpi/5982cbedb0a91.jpg
Acer Aspire AS3830T (Intel Core i5), https://s3n.cashify.in/cashify/product/img/xhdpi/5982cbedb0a91.jpg
Acer Extensa 5635Z (Intel Pentium Dual-core), https://s3n.cashify.in/cashify/product/img/xhdpi/Extensa_Series.jpg
Acer Aspire AS4720Z (Intel Pentium Dual-core), https://s3n.cashify.in/cashify/product/img/xhdpi/5982cbedb0a91.jpg
Acer Aspire 4710 (Intel Pentium Dual-core), https://s3n.cashify.in/cashify/product/img/xhdpi/5982cbedb0a91.jpg
Acer TravelMate 4672 (Intel Core Duo), https://s3n.cashify.in/cashify/product/img/xhdpi/Travelmate.jpg
Acer Aspire AS1410 (Intel Core 2 Solo), https://s3n.cashify.in/cashify/product/img/xhdpi/5982cbedb0a91.jpg
Acer Aspire 5738ZG (Intel Core 2 Duo), https://s3n.cashify.in/cashify/product/img/xhdpi/5982cbedb0a91.jpg
Acer TravelMate 8471 (Intel Core 2 Duo), https://s3n.cashify.in/cashify/product/img/xhdpi/Travelmate.jpg
Acer Aspire AS6930 (Intel Core 2 Duo), https://s3n.cashify.in/cashify/product/img/xhdpi/5982cbedb0a91.jpg
Acer TravelMate TM6593G (Intel Core 2 Duo), https://s3n.cashify.in/cashify/product/img/xhdpi/Travelmate.jpg
Acer Aspire AS9920G (Intel Core 2 Duo), https://s3n.cashify.in/cashify/product/img/xhdpi/5982cbedb0a91.jpg
Acer TravelMate TM8471 (Intel Core 2 Duo), https://s3n.cashify.in/cashify/product/img/xhdpi/Travelmate.jpg
Acer Aspire AS4330 (Intel Celeron Dual-core), https://s3n.cashify.in/cashify/product/img/xhdpi/5982cbedb0a91.jpg
Acer Aspire 3810TZ (Intel Pentium Dual-core), https://s3n.cashify.in/cashify/product/img/xhdpi/5982cbedb0a91.jpg
Acer Aspire AS5745DG (Intel Core i5), https://s3n.cashify.in/cashify/product/img/xhdpi/5982cbedb0a91.jpg
Acer Aspire AS3820TG (Intel Core i5), https://s3n.cashify.in/cashify/product/img/xhdpi/5982cbedb0a91.jpg
Acer Aspire AS3830T (Intel Core i3), https://s3n.cashify.in/cashify/product/img/xhdpi/5982cbedb0a91.jpg
Acer Extensa 5630EZ (Intel Pentium Dual-core), https://s3n.cashify.in/cashify/product/img/xhdpi/Extensa_Series.jpg
Acer Aspire AS4720 (Intel Pentium Dual-core), https://s3n.cashify.in/cashify/product/img/xhdpi/5982cbedb0a91.jpg
Acer Aspire 5674 (Intel Core Duo), https://s3n.cashify.in/cashify/product/img/xhdpi/5982cbedb0a91.jpg
Acer Aspire AS3810T (Intel Core 2 Solo), https://s3n.cashify.in/cashify/product/img/xhdpi/5982cbedb0a91.jpg
Acer Aspire AS5810TG (Intel Core 2 Duo), https://s3n.cashify.in/cashify/product/img/xhdpi/5982cbedb0a91.jpg
Acer Aspire AS4935G (Intel Core 2 Duo), https://s3n.cashify.in/cashify/product/img/xhdpi/5982cbedb0a91.jpg
Acer Aspire 2930 LX.APY0X.281 (Intel Core 2 Duo), https://s3n.cashify.in/cashify/product/img/xhdpi/5982cbedb0a91.jpg
Acer Aspire AS4930 (Intel Core 2 Duo), https://s3n.cashify.in/cashify/product/img/xhdpi/5982cbedb0a91.jpg
Acer Aspire AS3935 (Intel Core 2 Duo), https://s3n.cashify.in/cashify/product/img/xhdpi/5982cbedb0a91.jpg
Acer Aspire 5738G (Intel Core 2 Duo), https://s3n.cashify.in/cashify/product/img/xhdpi/5982cbedb0a91.jpg
Acer Travelmate 4740, https://s3n.cashify.in/cashify/product/img/xhdpi/Travelmate.jpg
Acer Aspire 7735Z (Intel Pentium Dual-core), https://s3n.cashify.in/cashify/product/img/xhdpi/5982cbedb0a91.jpg
Acer Aspire 5737Z (Intel Pentium Dual-core), https://s3n.cashify.in/cashify/product/img/xhdpi/5982cbedb0a91.jpg
Acer Aspire AS4820T (Intel Core i3), https://s3n.cashify.in/cashify/product/img/xhdpi/5982cbedb0a91.jpg
Acer Aspire AS5732Z (Intel Pentium Dual-core), https://s3n.cashify.in/cashify/product/img/xhdpi/5982cbedb0a91.jpg
Acer Aspire 5730ZG (Intel Pentium Dual-core), https://s3n.cashify.in/cashify/product/img/xhdpi/5982cbedb0a91.jpg
Acer Aspire AS4810T (Intel Core 2 Solo), https://s3n.cashify.in/cashify/product/img/xhdpi/5982cbedb0a91.jpg
Acer Aspire AS8930G (Intel Core 2 Quad), https://s3n.cashify.in/cashify/product/img/xhdpi/5982cbedb0a91.jpg
Acer Aspire 4810T (Intel Core 2 Duo), https://s3n.cashify.in/cashify/product/img/xhdpi/5982cbedb0a91.jpg
Acer Aspire AS5738PG (Intel Core 2 Duo), https://s3n.cashify.in/cashify/product/img/xhdpi/5982cbedb0a91.jpg
Acer Aspire 8735G (Intel Core 2 Duo), https://s3n.cashify.in/cashify/product/img/xhdpi/5982cbedb0a91.jpg
Acer Aspire 5739G (Intel Core 2 Duo), https://s3n.cashify.in/cashify/product/img/xhdpi/5982cbedb0a91.jpg
Acer Aspire 5630G (Intel Core 2 Duo), https://s3n.cashify.in/cashify/product/img/xhdpi/5982cbedb0a91.jpg
Acer Extensa 7620G (Intel Core 2 Duo), https://s3n.cashify.in/cashify/product/img/xhdpi/Extensa_Series.jpg
Acer Aspire 5738 (Intel Core 2 Duo), https://s3n.cashify.in/cashify/product/img/xhdpi/5982cbedb0a91.jpg
Acer TravelMate 5720 (Intel Core 2 Duo), https://s3n.cashify.in/cashify/product/img/xhdpi/Travelmate.jpg
Acer Aspire 5683 (Intel Core 2 Duo), https://s3n.cashify.in/cashify/product/img/xhdpi/5982cbedb0a91.jpg
Acer Aspire 8940G (Intel Core i7), https://s3n.cashify.in/cashify/product/img/xhdpi/5982cbedb0a91.jpg
Acer Aspire AS5750 (Intel Core i5), https://s3n.cashify.in/cashify/product/img/xhdpi/5982cbedb0a91.jpg
Acer Aspire AS4830T (Intel Core i5), https://s3n.cashify.in/cashify/product/img/xhdpi/5982cbedb0a91.jpg
Acer Aspire AS4820G (Intel Core i5), https://s3n.cashify.in/cashify/product/img/xhdpi/5982cbedb0a91.jpg
Acer Aspire AS1830T (Intel Core i5), https://s3n.cashify.in/cashify/product/img/xhdpi/5982cbedb0a91.jpg
Acer Aspire AS4743 (Intel Core i3), https://s3n.cashify.in/cashify/product/img/xhdpi/5982cbedb0a91.jpg
Acer Aspire 5820T (Intel Core i3), https://s3n.cashify.in/cashify/product/img/xhdpi/5982cbedb0a91.jpg
Acer Aspire 7720 (Intel Pentium Dual-core), https://s3n.cashify.in/cashify/product/img/xhdpi/5982cbedb0a91.jpg
Acer Aspire 9804WKMi (Intel Core Duo), https://s3n.cashify.in/cashify/product/img/xhdpi/5982cbedb0a91.jpg
Acer Aspire 8730G (Intel Core 2 Duo), https://s3n.cashify.in/cashify/product/img/xhdpi/5982cbedb0a91.jpg
Acer Aspire 4736G (Intel Core 2 Duo), https://s3n.cashify.in/cashify/product/img/xhdpi/5982cbedb0a91.jpg
Acer TravelMate 5330 (Intel Core 2 Duo), https://s3n.cashify.in/cashify/product/img/xhdpi/Travelmate.jpg
Acer Aspire 9920G (Intel Core 2 Duo), https://s3n.cashify.in/cashify/product/img/xhdpi/5982cbedb0a91.jpg
Acer Aspire 5620 (Intel Core 2 Duo), https://s3n.cashify.in/cashify/product/img/xhdpi/5982cbedb0a91.jpg
Acer Aspire 3935 (Intel Core 2 Duo), https://s3n.cashify.in/cashify/product/img/xhdpi/5982cbedb0a91.jpg
Acer Aspire 2920 (Intel Core 2 Duo), https://s3n.cashify.in/cashify/product/img/xhdpi/5982cbedb0a91.jpg
Acer TravelMate 6291 (Intel Core 2 Duo), https://s3n.cashify.in/cashify/product/img/xhdpi/Travelmate.jpg
Acer Aspire AS3810T (Intel Core 2 Duo), https://s3n.cashify.in/cashify/product/img/xhdpi/5982cbedb0a91.jpg
Acer Aspire 5633 (Intel Core 2 Duo), https://s3n.cashify.in/cashify/product/img/xhdpi/5982cbedb0a91.jpg
Acer Aspire 4330 (Intel Celeron Dual-core), https://s3n.cashify.in/cashify/product/img/xhdpi/5982cbedb0a91.jpg
ACER Aspire E5553T4PT Notebook, https://s3n.cashify.in/cashify/product/img/xhdpi/5982ca8109394.jpg
ACER Aspire E5553G Notebook, https://s3n.cashify.in/cashify/product/img/xhdpi/5982ca2136f67.jpg
ACER Switch SA5271 2 in 1 Laptop, https://s3n.cashify.in/cashify/product/img/xhdpi/59830c8dea7cc.jpg
ACER Aspire R11 R3131Tp4aa, https://s3n.cashify.in/cashify/product/img/xhdpi/5982ed7443525.jpg
ACER Predator 17 G9793 Notebook, https://s3n.cashify.in/cashify/product/img/xhdpi/59830af02e101.jpg
ACER Aspire R11 R3131TP9J9/r3131tp71c, https://s3n.cashify.in/cashify/product/img/xhdpi/5982f1d2dc4e4.jpg
Acer Aspire V Nitro (Core i5 4th..., https://s3n.cashify.in/cashify/product/img/xhdpi/57429faadc5a6.jpg
Acer Aspire V3 (Core i7 5th Gen/..., https://s3n.cashify.in/cashify/product/img/xhdpi/57429571ad3b0.jpg
Acer Aspire ES1-531-C2MU (CDC/4G..., https://s3n.cashify.in/cashify/product/img/xhdpi/574294ef215d2.jpg
Acer Aspire E5-532-P0S6, https://s3n.cashify.in/cashify/product/img/xhdpi/5742935488cdc.jpg
Acer Aspire E5-573G (Core i7 5th..., https://s3n.cashify.in/cashify/product/img/xhdpi/5742929670f2f.jpg
Acer Aspire E5-573-31G2 (i3/4GB/..., https://s3n.cashify.in/cashify/product/img/xhdpi/57428e369d2d1.jpg
Acer Aspire V3 (Core i5 5th Gen/..., https://s3n.cashify.in/cashify/product/img/xhdpi/57428d2e42d99.jpg
Acer Aspire E1-471 (UN.M0QSI.003), https://s3n.cashify.in/cashify/product/img/xhdpi/E1_Series.jpg
Acer Gateway NE-56R (NX.Y14SI.002), https://s3n.cashify.in/cashify/product/img/xhdpi/5982f48595c4f.jpg
Acer Aspire E5-571 (NX.MPTSI.002), https://s3n.cashify.in/cashify/product/img/xhdpi/Aspire_E5.jpg
Acer Aspire E5-571 (NX.ML8SI.008), https://s3n.cashify.in/cashify/product/img/xhdpi/Aspire_E5.jpg
Acer Aspire One 725 (NU.SGPSI.025), https://s3n.cashify.in/cashify/product/img/xhdpi/Aspire_One.jpg
Acer V5 123  (UN.MFRSl.003), https://s3n.cashify.in/cashify/product/img/xhdpi/5982f48595c4f.jpg
Acer Aspire E1-522 (NX.M81SI.008), https://s3n.cashify.in/cashify/product/img/xhdpi/E1_Series.jpg
Acer Aspire E1-571 (UN.M09SI.006), https://s3n.cashify.in/cashify/product/img/xhdpi/E1_Series.jpg
Acer Aspire V5 471P, https://s3n.cashify.in/cashify/product/img/xhdpi/Aspire_V5_Series.jpg
Acer Aspire V5-121- (NX.M83SI.005), https://s3n.cashify.in/cashify/product/img/xhdpi/Aspire_V5_Series.jpg
Acer E1-530  (NX.MEQSI.OO4), https://s3n.cashify.in/cashify/product/img/xhdpi/5982f48595c4f.jpg
Acer Aspire V5-121- NX.M83SI.006, https://s3n.cashify.in/cashify/product/img/xhdpi/Aspire_V5_Series.jpg
Acer E5-571  (NX.ML8SI.012), https://s3n.cashify.in/cashify/product/img/xhdpi/Aspire_E5.jpg
Acer Aspire E1 570G (NX.MESSI.005), https://s3n.cashify.in/cashify/product/img/xhdpi/E1_Series.jpg
Acer E5 Notebook E5-571G, https://s3n.cashify.in/cashify/product/img/xhdpi/Aspire_E5.jpg
Acer Aspire E1-571 (NX.M09Si.033), https://s3n.cashify.in/cashify/product/img/xhdpi/E1_Series.jpg
Acer V5-123  (NX.MFQSl.003), https://s3n.cashify.in/cashify/product/img/xhdpi/5982f48595c4f.jpg
Acer Aspire V5 431 (NX.M2SSI.001), https://s3n.cashify.in/cashify/product/img/xhdpi/Aspire_V5_Series.jpg
Acer Aspire E5-571G (NX.MRGSI.002), https://s3n.cashify.in/cashify/product/img/xhdpi/Aspire_E5.jpg
Acer Aspire E1-470P, https://s3n.cashify.in/cashify/product/img/xhdpi/E1_Series.jpg
Acer Aspire V5-1233876, https://s3n.cashify.in/cashify/product/img/xhdpi/Aspire_V5_Series.jpg
Acer Aspire E1-510 (NX.MGRSI.006), https://s3n.cashify.in/cashify/product/img/xhdpi/E1_Series.jpg
Acer V5-572  (33214G50akk), https://s3n.cashify.in/cashify/product/img/xhdpi/5982f48595c4f.jpg
Acer Aspire E5 (NX. (NX.MPLSI.004), https://s3n.cashify.in/cashify/product/img/xhdpi/Aspire_E5.jpg
Acer Aspire E1-531 (NX.M12SI.024), https://s3n.cashify.in/cashify/product/img/xhdpi/E1_Series.jpg
Acer E1-570G (NX.ME SSI.002), https://s3n.cashify.in/cashify/product/img/xhdpi/5982f48595c4f.jpg
Acer Aspire E1-571 (UN.M09SI.007), https://s3n.cashify.in/cashify/product/img/xhdpi/E1_Series.jpg
Acer ES1-511-C83X NX.MMLSI.003), https://s3n.cashify.in/cashify/product/img/xhdpi/5982f48595c4f.jpg
Acer Aspire E1-571 (NX.M09SI.026), https://s3n.cashify.in/cashify/product/img/xhdpi/E1_Series.jpg
Acer Aspire ES1-512 (NX.MRWSI.002), https://s3n.cashify.in/cashify/product/img/xhdpi/5982cbedb0a91.jpg
Acer Aspire V5-571, https://s3n.cashify.in/cashify/product/img/xhdpi/Aspire_V5_Series.jpg
Acer Aspire AS5810TZ (Intel Pentium Dual-core), https://s3n.cashify.in/cashify/product/img/xhdpi/5982cbedb0a91.jpg
Acer Aspire 5732Z (Intel Pentium Dual-core), https://s3n.cashify.in/cashify/product/img/xhdpi/5982cbedb0a91.jpg
Acer Aspire AS4739Z (Intel Pentium Dual-core), https://s3n.cashify.in/cashify/product/img/xhdpi/5982cbedb0a91.jpg
Acer Aspire 5610 (Intel Core Solo), https://s3n.cashify.in/cashify/product/img/xhdpi/5982cbedb0a91.jpg
Acer Aspire AS5740 (Intel Core i5), https://s3n.cashify.in/cashify/product/img/xhdpi/5982cbedb0a91.jpg
Acer Aspire AS4820 (Intel Core i5), https://s3n.cashify.in/cashify/product/img/xhdpi/5982cbedb0a91.jpg
Acer Aspire AS1430 (Intel Core i5), https://s3n.cashify.in/cashify/product/img/xhdpi/5982cbedb0a91.jpg
Acer Aspire 5740G (Intel Core i5), https://s3n.cashify.in/cashify/product/img/xhdpi/5982cbedb0a91.jpg
Acer Aspire 7745 (Intel Core i3), https://s3n.cashify.in/cashify/product/img/xhdpi/5982cbedb0a91.jpg
Acer Aspire AS5738ZG (Intel Pentium Dual-core), https://s3n.cashify.in/cashify/product/img/xhdpi/5982cbedb0a91.jpg
Acer Aspire 5720ZG (Intel Pentium Dual-core), https://s3n.cashify.in/cashify/product/img/xhdpi/5982cbedb0a91.jpg
Acer Aspire 8571 (Intel Core 2 Solo), https://s3n.cashify.in/cashify/product/img/xhdpi/5982cbedb0a91.jpg
Acer Aspire 3810T (Intel Core 2 Solo), https://s3n.cashify.in/cashify/product/img/xhdpi/5982cbedb0a91.jpg
Acer Extensa 7630G (Intel Core 2 Duo), https://s3n.cashify.in/cashify/product/img/xhdpi/Extensa_Series.jpg
Acer Aspire 6930G (Intel Core 2 Duo), https://s3n.cashify.in/cashify/product/img/xhdpi/5982cbedb0a91.jpg
Acer TravelMate 5730G (Intel Core 2 Duo), https://s3n.cashify.in/cashify/product/img/xhdpi/Travelmate.jpg
Acer Aspire 5630 (Intel Core 2 Duo), https://s3n.cashify.in/cashify/product/img/xhdpi/5982cbedb0a91.jpg
Acer Aspire 1410 (Intel Celeron Dual-core), https://s3n.cashify.in/cashify/product/img/xhdpi/5982cbedb0a91.jpg
Acer Aspire AS4732Z (Intel Pentium Dual-core), https://s3n.cashify.in/cashify/product/img/xhdpi/5982cbedb0a91.jpg
Acer Aspire AS4755G (Intel Core i5), https://s3n.cashify.in/cashify/product/img/xhdpi/5982cbedb0a91.jpg
Acer Aspire AS5830TG (Intel Core i5), https://s3n.cashify.in/cashify/product/img/xhdpi/5982cbedb0a91.jpg
Acer Aspire AS4820TG (Intel Core i5), https://s3n.cashify.in/cashify/product/img/xhdpi/5982cbedb0a91.jpg
Acer Aspire AS4743 (Intel Core i5), https://s3n.cashify.in/cashify/product/img/xhdpi/5982cbedb0a91.jpg
Acer Aspire 4820T (Intel Core i5), https://s3n.cashify.in/cashify/product/img/xhdpi/5982cbedb0a91.jpg
Acer Aspire 7741 (Intel Core i3), https://s3n.cashify.in/cashify/product/img/xhdpi/5982cbedb0a91.jpg
Acer Aspire 4820T (Intel Core i3), https://s3n.cashify.in/cashify/product/img/xhdpi/5982cbedb0a91.jpg
Acer Aspire AS4738 (Intel Core i3), https://s3n.cashify.in/cashify/product/img/xhdpi/5982cbedb0a91.jpg
Acer Extensa 7630Z (Intel Pentium Dual-core), https://s3n.cashify.in/cashify/product/img/xhdpi/Extensa_Series.jpg
Acer Aspire 5570 (Intel Pentium Dual-core), https://s3n.cashify.in/cashify/product/img/xhdpi/5982cbedb0a91.jpg
Acer TravelMate 8371 (Intel Core 2 Solo), https://s3n.cashify.in/cashify/product/img/xhdpi/Travelmate.jpg
Acer Aspire 8935 (Intel Core 2 Quad), https://s3n.cashify.in/cashify/product/img/xhdpi/5982cbedb0a91.jpg
Acer Aspire 7735 (Intel Core 2 Duo), https://s3n.cashify.in/cashify/product/img/xhdpi/5982cbedb0a91.jpg
Acer Aspire 6920G (Intel Core 2 Duo), https://s3n.cashify.in/cashify/product/img/xhdpi/5982cbedb0a91.jpg
Acer Aspire 8930 (Intel Core 2 Duo), https://s3n.cashify.in/cashify/product/img/xhdpi/5982cbedb0a91.jpg
Acer Extensa 7630 (Intel Core 2 Duo), https://s3n.cashify.in/cashify/product/img/xhdpi/Extensa_Series.jpg
Acer Aspire AS7720G (Intel Core 2 Duo), https://s3n.cashify.in/cashify/product/img/xhdpi/5982cbedb0a91.jpg
Acer Aspire 5685 (Intel Core 2 Duo), https://s3n.cashify.in/cashify/product/img/xhdpi/5982cbedb0a91.jpg
Acer Aspire 4937 (Intel Core 2 Duo), https://s3n.cashify.in/cashify/product/img/xhdpi/5982cbedb0a91.jpg
Acer TravelMate 5720G (Intel Core 2 Duo), https://s3n.cashify.in/cashify/product/img/xhdpi/Travelmate.jpg
Acer TravelMate 4720 (Intel Core 2 Duo), https://s3n.cashify.in/cashify/product/img/xhdpi/Travelmate.jpg
Acer Aspire 5684 (Intel Core 2 Duo), https://s3n.cashify.in/cashify/product/img/xhdpi/5982cbedb0a91.jpg
Acer Aspire 5612i (Intel Core 2 Duo), https://s3n.cashify.in/cashify/product/img/xhdpi/5982cbedb0a91.jpg
Acer Extensa EX7230E (Intel Celeron Dual-core), https://s3n.cashify.in/cashify/product/img/xhdpi/Extensa_Series.jpg
Acer Aspire E1 (Intel Celeron Dual-core), https://s3n.cashify.in/cashify/product/img/xhdpi/E1_Series.jpg
Acer TravelMate 6253 (Intel Celeron Dual-core), https://www.cashify.in/static/b.png
Acer Aspire E1 (Intel Pentium Dual-core), https://www.cashify.in/static/b.png
Acer Aspire 7730Z (Intel Pentium Dual-core), https://www.cashify.in/static/b.png
Acer Aspire AS5733Z (Intel Pentium Dual-core), https://www.cashify.in/static/b.png
Acer Aspire AS1830TZ (Intel Pentium Dual-core), https://www.cashify.in/static/b.png
Acer Aspire 8942 (Intel Core i7), https://www.cashify.in/static/b.png
Acer Aspire AS5830T (Intel Core i5), https://www.cashify.in/static/b.png
Acer Aspire AS5755 (Intel Core i5), https://www.cashify.in/static/b.png
Acer Aspire AS3820T (Intel Core i5), https://www.cashify.in/static/b.png
Acer Aspire 7740G (Intel Core i5), https://s3n.cashify.in/cashify/product/img/xhdpi/5982cbedb0a91.jpg
Acer Aspire AS5755 (Intel Core i3), https://s3n.cashify.in/cashify/product/img/xhdpi/5982cbedb0a91.jpg
Acer Aspire AS1830 (Intel Core i3), https://s3n.cashify.in/cashify/product/img/xhdpi/5982cbedb0a91.jpg
Acer Aspire 5738Z (Intel Pentium Dual-core), https://s3n.cashify.in/cashify/product/img/xhdpi/5982cbedb0a91.jpg
Acer Aspire AS5738Z (Intel Pentium Dual-core), https://s3n.cashify.in/cashify/product/img/xhdpi/5982cbedb0a91.jpg
Acer TravelMate 5612 (Intel Core Duo), https://s3n.cashify.in/cashify/product/img/xhdpi/Travelmate.jpg
Acer Aspire 5672 (Intel Core Duo), https://s3n.cashify.in/cashify/product/img/xhdpi/5982cbedb0a91.jpg
Acer TravelMate 3012 (Intel Core Duo), https://s3n.cashify.in/cashify/product/img/xhdpi/Travelmate.jpg
Acer Aspire 7720 (Intel Core 2 Duo), https://s3n.cashify.in/cashify/product/img/xhdpi/5982cbedb0a91.jpg
Acer Aspire AS8730G (Intel Core 2 Duo), https://s3n.cashify.in/cashify/product/img/xhdpi/5982cbedb0a91.jpg
Acer Aspire AS7730G (Intel Core 2 Duo), https://s3n.cashify.in/cashify/product/img/xhdpi/5982cbedb0a91.jpg
Acer Aspire 7738G (Intel Core 2 Duo), https://s3n.cashify.in/cashify/product/img/xhdpi/5982cbedb0a91.jpg
Acer Aspire AS2920 (Intel Core 2 Duo), https://s3n.cashify.in/cashify/product/img/xhdpi/5982cbedb0a91.jpg
Acer TravelMate 4233 (Intel Core 2 Duo), https://s3n.cashify.in/cashify/product/img/xhdpi/Travelmate.jpg
Acer Aspire AS5336 (Intel Celeron), https://s3n.cashify.in/cashify/product/img/xhdpi/5982cbedb0a91.jpg
acer 5830, https://s3n.cashify.in/cashify/product/img/xhdpi/5982f48595c4f.jpg
Acer Aspire AS7739Z (Intel Pentium Dual-core), https://s3n.cashify.in/cashify/product/img/xhdpi/5982cbedb0a91.jpg
Acer Aspire AS7736Z (Intel Pentium Dual-core), https://s3n.cashify.in/cashify/product/img/xhdpi/5982cbedb0a91.jpg
Acer Aspire 7735 (Intel Pentium Dual-core), https://s3n.cashify.in/cashify/product/img/xhdpi/5982cbedb0a91.jpg
Acer Aspire AS4810 (Intel Pentium Dual-core), https://s3n.cashify.in/cashify/product/img/xhdpi/5982cbedb0a91.jpg
acer aspire 4738z (Pentium P6200), https://s3n.cashify.in/cashify/product/img/xhdpi/5982cbedb0a91.jpg
Acer Aspire V5 431 Pentium Dual Core 2nd Gen, https://s3n.cashify.in/cashify/product/img/xhdpi/Aspire_V5_Series.jpg
Acer Aspire V3 571G Core i7, https://s3n.cashify.in/cashify/product/img/xhdpi/Aspire_V3_Series.jpg
Acer Aspire AS7750G (Intel Core i7), https://s3n.cashify.in/cashify/product/img/xhdpi/5982cbedb0a91.jpg
Acer Aspire AS7739G (Intel Core i5), https://s3n.cashify.in/cashify/product/img/xhdpi/5982cbedb0a91.jpg
Acer Aspire AS3830TG (Intel Core i5), https://s3n.cashify.in/cashify/product/img/xhdpi/5982cbedb0a91.jpg
Acer Aspire M5 481T Core i5, https://s3n.cashify.in/cashify/product/img/xhdpi/Aspire_m5_Series.jpg
Acer Aspire E1-571G Core i5, https://s3n.cashify.in/cashify/product/img/xhdpi/E1_Series.jpg
Acer Aspire AS5830TG (Intel Core i3), https://s3n.cashify.in/cashify/product/img/xhdpi/5982cbedb0a91.jpg
Acer Aspire AS7740 (Intel Core i3), https://s3n.cashify.in/cashify/product/img/xhdpi/5982cbedb0a91.jpg
Acer Aspire AS4740G (Intel Core i3), https://s3n.cashify.in/cashify/product/img/xhdpi/5982cbedb0a91.jpg
Acer Aspire 5720 (Intel Pentium Dual-core), https://s3n.cashify.in/cashify/product/img/xhdpi/5982cbedb0a91.jpg
Acer Aspire AS5715Z (Intel Pentium Dual-core), https://s3n.cashify.in/cashify/product/img/xhdpi/5982cbedb0a91.jpg
Acer Aspire 5730Z (Intel Pentium Dual-core), https://s3n.cashify.in/cashify/product/img/xhdpi/5982cbedb0a91.jpg
Acer Aspire AS4736Z (Intel Pentium Dual-core), https://s3n.cashify.in/cashify/product/img/xhdpi/5982cbedb0a91.jpg
Acer TravelMate 5610 (Intel Core Duo), https://s3n.cashify.in/cashify/product/img/xhdpi/Travelmate.jpg
Acer Aspire 3810T (Intel Core 2 Duo), https://s3n.cashify.in/cashify/product/img/xhdpi/5982cbedb0a91.jpg
Acer TravelMate TM7730 (Intel Core 2 Duo), https://s3n.cashify.in/cashify/product/img/xhdpi/Travelmate.jpg
Acer TravelMate 5730 (Intel Core 2 Duo), https://s3n.cashify.in/cashify/product/img/xhdpi/Travelmate.jpg
Acer Aspire 4920G (Intel Core 2 Duo), https://s3n.cashify.in/cashify/product/img/xhdpi/5982cbedb0a91.jpg
Acer Iconia W510, https://s3n.cashify.in/cashify/product/img/xhdpi/5982f48595c4f.jpg
Acer Aspire V5-121 AMD Dual Core, https://s3n.cashify.in/cashify/product/img/xhdpi/Aspire_V5_Series.jpg
ASPIRE ONE 725 C7Ckk, https://s3n.cashify.in/cashify/product/img/xhdpi/Aspire_One.jpg
ACER Aspire ES1520/NX.G2JSI.005 Notebook, https://s3n.cashify.in/cashify/product/img/xhdpi/5982cbedb0a91.jpg
ACER Aspire ES1523 Notebook, https://s3n.cashify.in/cashify/product/img/xhdpi/5982ccfb6c872.jpg
ACER E5571 Notebook, https://s3n.cashify.in/cashify/product/img/xhdpi/598307662ae08.jpg
ACER Aspire F5 F5572G Notebook, https://s3n.cashify.in/cashify/product/img/xhdpi/5982cd695c7de.jpg
ACER Aspire X349M Notebook, https://s3n.cashify.in/cashify/product/img/xhdpi/5982f8c9d9882.jpg
ACER Aspire V5-572P Notebook (NX.MAESI.005), https://s3n.cashify.in/cashify/product/img/xhdpi/5982f48595c4f.jpg
ACER Aspire E5-575 Notebook, https://s3n.cashify.in/cashify/product/img/xhdpi/5982cb015d910.jpg
ACER E Series ES1132 Notebook, https://s3n.cashify.in/cashify/product/img/xhdpi/5982fe32be06b.jpg
ACER Swift 7 SF71351 Ultrabook, https://s3n.cashify.in/cashify/product/img/xhdpi/59830c3d837cf.jpg
ACER Aspire ES1533 Notebook, https://s3n.cashify.in/cashify/product/img/xhdpi/daf426e8-a338.jpg
ACER ES157233M8 Notebook, https://s3n.cashify.in/cashify/product/img/xhdpi/59830a1ee4561.jpg
ACER Aspire ES152140L7 Notebook, https://s3n.cashify.in/cashify/product/img/xhdpi/5982cc4cca834.jpg
ACER E5  575 Notebook, https://s3n.cashify.in/cashify/product/img/xhdpi/5983070d69222.jpg
ACER E Series ES1521 Notebook, https://s3n.cashify.in/cashify/product/img/xhdpi/5983062b20266.jpg
Acer Aspire E5-573G-376F, https://s3n.cashify.in/cashify/product/img/xhdpi/57429e68cadb0.jpg
Acer Aspire E5-573-530F, https://s3n.cashify.in/cashify/product/img/xhdpi/57429c85da318.jpg
Acer Aspire ES1-131-C8RL CDC/2GB..., https://s3n.cashify.in/cashify/product/img/xhdpi/574299b20656a.jpg
Acer Aspire E5-571 (Core i3 4th ..., https://s3n.cashify.in/cashify/product/img/xhdpi/5742941a1185d.jpg
Acer Aspire E5-574G-54JL, https://s3n.cashify.in/cashify/product/img/xhdpi/574290ba6dc8e.jpg
Acer Aspire E1-572 (i5/4GB/500GB..., https://s3n.cashify.in/cashify/product/img/xhdpi/57428f5828dd1.jpg
Acer Aspire E5-573G-389U (i3/8GB..., https://www.cashify.in/static/b.png
Acer Aspire E5-573G-380S, https://www.cashify.in/static/b.png
Acer Aspire E5-571- 31HF, https://s3n.cashify.in/cashify/product/img/xhdpi/Aspire_E5.jpg
Acer Aspire E1 571 (NX.M09SI.005), https://s3n.cashify.in/cashify/product/img/xhdpi/E1_Series.jpg
Acer Aspire V5 571 NX.M1JSI.012, https://s3n.cashify.in/cashify/product/img/xhdpi/Aspire_V5_Series.jpg
Acer Aspire 5560 La A6-3420M/, https://s3n.cashify.in/cashify/product/img/xhdpi/5982cbedb0a91.jpg
Acer Aspire V5-572 (NX.MA4SI.004), https://s3n.cashify.in/cashify/product/img/xhdpi/Aspire_V5_Series.jpg
Acer Aspire V3 571G (NX.RZNSI.005), https://s3n.cashify.in/cashify/product/img/xhdpi/Aspire_V3_Series.jpg
Acer Aspire E1-522 (NX.M81SI.002), https://s3n.cashify.in/cashify/product/img/xhdpi/E1_Series.jpg
Acer Aspire E1 570 (NX.MGRSI.005), https://s3n.cashify.in/cashify/product/img/xhdpi/E1_Series.jpg
Acer Aspire M3 581T, https://s3n.cashify.in/cashify/product/img/xhdpi/Aspire_M3_Series.jpg
Acer Aspire V5-471P (NX.M3USI.001), https://s3n.cashify.in/cashify/product/img/xhdpi/Aspire_V5_Series.jpg
Acer C720 (NX.EESSI.002), https://s3n.cashify.in/cashify/product/img/xhdpi/5982f48595c4f.jpg
Acer Aspire E3-112 (NX.MSPSI.001), https://s3n.cashify.in/cashify/product/img/xhdpi/E3_Series.jpg
Acer Aspire V5 571 (NX.M1JSI-013), https://s3n.cashify.in/cashify/product/img/xhdpi/Aspire_V5_Series.jpg
Acer Aspire E3-111 (NX.MQBSI.004), https://s3n.cashify.in/cashify/product/img/xhdpi/E3_Series.jpg
Acer Aspire 5560 La (NX.RNTSi.003), https://s3n.cashify.in/cashify/product/img/xhdpi/5982cbedb0a91.jpg
Acer Aspire E5-511 (NX.MPKSI.004), https://s3n.cashify.in/cashify/product/img/xhdpi/Aspire_E5.jpg
Acer R7-572G  (NX.M95SI.001), https://s3n.cashify.in/cashify/product/img/xhdpi/5982f48595c4f.jpg
Acer Aspire E5-511 (NX.MNYSI.007), https://s3n.cashify.in/cashify/product/img/xhdpi/Aspire_E5.jpg
Acer Aspire V3-551G (NX.M0FSI.004), https://s3n.cashify.in/cashify/product/img/xhdpi/Aspire_V3_Series.jpg
Acer Aspire V5 571G, https://s3n.cashify.in/cashify/product/img/xhdpi/Aspire_V5_Series.jpg
Acer Aspire V3 571, https://s3n.cashify.in/cashify/product/img/xhdpi/Aspire_V3_Series.jpg
Acer Aspire E1-571G (NX.M0DSI.012), https://s3n.cashify.in/cashify/product/img/xhdpi/E1_Series.jpg
Acer Aspire E5-571 (NX.ML8SI.005), https://www.cashify.in/static/b.png
Acer Gateway NE56R (NX.Y14SI.010), https://www.cashify.in/static/b.png
Acer Aspire E3-112M (NX.MSMSI.001), https://www.cashify.in/static/b.png
Acer Aspire E1-570G, https://www.cashify.in/static/b.png
Acer Aspire E1-571G (NX.M7CSI.002), https://www.cashify.in/static/b.png
Acer Aspire E5-571G (NX.MRHSI.011), https://www.cashify.in/static/b.png
Acer Aspire E1-570 (NX.MEPSI.007), https://www.cashify.in/static/b.png
Acer Aspire E1-470p (NX.MF8SI.001), https://www.cashify.in/static/b.png
Acer M3-581TG (53314G52Makk), https://www.cashify.in/static/b.png
Acer Aspire S7-392 (NX.MBKSI.005), https://www.cashify.in/static/b.png
Acer E1-571 Laptop, https://www.cashify.in/static/b.png
Acer Aspire E1-522 (NX.M81SI.010), https://www.cashify.in/static/b.png
Acer Aspire V5-571 (NX.M2DSI.012), https://www.cashify.in/static/b.png
Acer Aspire 4730 (Intel Pentium Dual-core), https://www.cashify.in/static/b.png
Acer Aspire M3 (Intel Core i7), https://www.cashify.in/static/b.png
Acer Aspire AS5951G (Intel Core i5), https://www.cashify.in/static/b.png
Acer Aspire M3 (Intel Core i3), https://www.cashify.in/static/b.png
Acer Aspire AS7739 (Intel Core i3), https://www.cashify.in/static/b.png
Acer Aspire 7730ZG (Intel Pentium Dual-core), https://www.cashify.in/static/b.png
Acer Aspire 5630EZ (Intel Pentium Dual-core), https://www.cashify.in/static/b.png
Acer Aspire 9412 (Intel Core Duo), https://www.cashify.in/static/b.png
Acer TravelMate 4202 (Intel Core Duo), https://www.cashify.in/static/b.png
Acer Aspire 1410 (Intel Core 2 Solo), https://www.cashify.in/static/b.png
Acer Aspire 8730 (Intel Core 2 Duo), https://www.cashify.in/static/b.png
Acer Aspire 7735G (Intel Core 2 Duo), https://www.cashify.in/static/b.png
Acer Aspire AS5810T (Intel Core 2 Duo), https://www.cashify.in/static/b.png
Acer Aspire AS5920 (Intel Core 2 Duo), https://www.cashify.in/static/b.png
Acer Aspire One AO756 (Intel Celeron Dual-core), https://www.cashify.in/static/b.png
Acer Aspire AS4339 (Intel Celeron Dual-core), https://www.cashify.in/static/b.png
Acer Aspire One AO756 (Intel Pentium Dual-core), https://www.cashify.in/static/b.png
Acer Aspire AS3810TZ (Intel Pentium Dual-core), https://www.cashify.in/static/b.png
Acer Aspire AS7740G (Intel Core i5), https://www.cashify.in/static/b.png
Acer Aspire 7741 (Intel Core i5), https://www.cashify.in/static/b.png
Acer Aspire AS4740G (Intel Core i5), https://s3n.cashify.in/cashify/product/img/xhdpi/5982cbedb0a91.jpg
Acer Aspire AS5830T (Intel Core i3), https://s3n.cashify.in/cashify/product/img/xhdpi/5982cbedb0a91.jpg
Acer Aspire AS1830T (Intel Core i3), https://s3n.cashify.in/cashify/product/img/xhdpi/5982cbedb0a91.jpg
Acer Aspire 4810TZ (Intel Pentium Dual-core), https://s3n.cashify.in/cashify/product/img/xhdpi/5982cbedb0a91.jpg
Acer Aspire AS5734Z (Intel Pentium Dual-core), https://s3n.cashify.in/cashify/product/img/xhdpi/5982cbedb0a91.jpg
Acer Aspire 7730 (Intel Pentium Dual-core), https://s3n.cashify.in/cashify/product/img/xhdpi/5982cbedb0a91.jpg
Acer TravelMate 4200 (Intel Core Duo), https://s3n.cashify.in/cashify/product/img/xhdpi/Travelmate.jpg
Acer Aspire 5810T (Intel Core 2 Solo), https://s3n.cashify.in/cashify/product/img/xhdpi/5982cbedb0a91.jpg
Acer Aspire AS7735 (Intel Core 2 Duo), https://s3n.cashify.in/cashify/product/img/xhdpi/5982cbedb0a91.jpg
Acer Aspire 7738 (Intel Core 2 Duo), https://s3n.cashify.in/cashify/product/img/xhdpi/5982cbedb0a91.jpg
Acer TravelMate 7730G (Intel Core 2 Duo), https://s3n.cashify.in/cashify/product/img/xhdpi/Travelmate.jpg
Acer Extensa 7620 (Intel Core 2 Duo), https://s3n.cashify.in/cashify/product/img/xhdpi/Extensa_Series.jpg
Acer Aspire AS3410 (Intel Celeron Dual-core), https://s3n.cashify.in/cashify/product/img/xhdpi/5982cbedb0a91.jpg
Acer TravelMate 4330 (Intel Celeron Dual-core), https://s3n.cashify.in/cashify/product/img/xhdpi/Travelmate.jpg
Acer Aspire AS5749Z (Intel Pentium Dual-core), https://s3n.cashify.in/cashify/product/img/xhdpi/5982cbedb0a91.jpg
Acer Travelmate 5744Z (Pentium P6200), https://s3n.cashify.in/cashify/product/img/xhdpi/Travelmate.jpg
Acer Aspire AS7740 (Intel Core i5), https://s3n.cashify.in/cashify/product/img/xhdpi/5982cbedb0a91.jpg
Acer Aspire AS4830TG (Intel Core i5), https://s3n.cashify.in/cashify/product/img/xhdpi/5982cbedb0a91.jpg
Acer Aspire AS3820T (Intel Core i3), https://s3n.cashify.in/cashify/product/img/xhdpi/5982cbedb0a91.jpg
Acer Aspire 5730 (Intel Pentium Dual-core), https://s3n.cashify.in/cashify/product/img/xhdpi/5982cbedb0a91.jpg
Acer Aspire 2930 (Intel Pentium Dual-core), https://s3n.cashify.in/cashify/product/img/xhdpi/5982cbedb0a91.jpg
Acer Aspire AS9802WKMi (Intel Core Duo), https://s3n.cashify.in/cashify/product/img/xhdpi/5982cbedb0a91.jpg
Acer Aspire AS5810T (Intel Core 2 Solo), https://s3n.cashify.in/cashify/product/img/xhdpi/5982cbedb0a91.jpg
Acer TravelMate 6593G (Intel Core 2 Duo), https://s3n.cashify.in/cashify/product/img/xhdpi/Travelmate.jpg
Acer Aspire 8935G (Intel Core 2 Duo), https://s3n.cashify.in/cashify/product/img/xhdpi/5982cbedb0a91.jpg
Acer Aspire AS6920 (Intel Core 2 Duo), https://s3n.cashify.in/cashify/product/img/xhdpi/5982cbedb0a91.jpg
Acer Aspire 8930G (Intel Core 2 Duo), https://s3n.cashify.in/cashify/product/img/xhdpi/5982cbedb0a91.jpg
Acer Aspire 4935G (Intel Core 2 Duo), https://s3n.cashify.in/cashify/product/img/xhdpi/5982cbedb0a91.jpg
Acer Aspire 5920 (Intel Core 2 Duo), https://s3n.cashify.in/cashify/product/img/xhdpi/5982cbedb0a91.jpg
Acer Extensa EX4230 (Intel Celeron Dual-core), https://s3n.cashify.in/cashify/product/img/xhdpi/Extensa_Series.jpg
Acer Aspire AS5349 (Intel Celeron Dual-core), https://s3n.cashify.in/cashify/product/img/xhdpi/5982cbedb0a91.jpg
Acer Aspire 5315 (Intel Celeron Dual-core), https://s3n.cashify.in/cashify/product/img/xhdpi/5982cbedb0a91.jpg
Acer Aspire V5 531 Pentium Dual Core 2nd Gen, https://s3n.cashify.in/cashify/product/img/xhdpi/Aspire_V5_Series.jpg
Acer C710-2847 Chromebook, https://s3n.cashify.in/cashify/product/img/xhdpi/5982f48595c4f.jpg
Acer Aspire V5-571P-6815, https://s3n.cashify.in/cashify/product/img/xhdpi/Aspire_V5_Series.jpg
Acer Aspire V5 571G Core i3, https://s3n.cashify.in/cashify/product/img/xhdpi/Aspire_V5_Series.jpg
Acer Aspire AS5742 (Intel Core i3), https://s3n.cashify.in/cashify/product/img/xhdpi/5982cbedb0a91.jpg
Acer Aspire 8943 (Intel Core i3), https://s3n.cashify.in/cashify/product/img/xhdpi/5982cbedb0a91.jpg
Acer Extensa 5630Z (Intel Pentium Dual-core), https://s3n.cashify.in/cashify/product/img/xhdpi/Extensa_Series.jpg
Acer Aspire 5735Z (Intel Pentium Dual-core), https://s3n.cashify.in/cashify/product/img/xhdpi/5982cbedb0a91.jpg
Acer Aspire 5610 (Intel Pentium Dual-core), https://s3n.cashify.in/cashify/product/img/xhdpi/5982cbedb0a91.jpg
Acer Aspire 9802WKMi (Intel Core Duo), https://s3n.cashify.in/cashify/product/img/xhdpi/5982cbedb0a91.jpg
Acer Aspire AS5601A (Intel Core Duo), https://s3n.cashify.in/cashify/product/img/xhdpi/5982cbedb0a91.jpg
Acer Aspire 8930 (Intel Core 2 Quad), https://s3n.cashify.in/cashify/product/img/xhdpi/5982cbedb0a91.jpg
Acer TravelMate 6493 (Intel Core 2 Duo), https://s3n.cashify.in/cashify/product/img/xhdpi/Travelmate.jpg
Acer Aspire AS3810TG (Intel Core 2 Duo), https://s3n.cashify.in/cashify/product/img/xhdpi/5982cbedb0a91.jpg
Acer Aspire 8935 (Intel Core 2 Duo), https://s3n.cashify.in/cashify/product/img/xhdpi/5982cbedb0a91.jpg
Acer Aspire 5935G (Intel Core 2 Duo), https://s3n.cashify.in/cashify/product/img/xhdpi/5982cbedb0a91.jpg
Acer Extensa 5630 (Intel Core 2 Duo), https://s3n.cashify.in/cashify/product/img/xhdpi/Extensa_Series.jpg
Acer Aspire AS2930 (Intel Core 2 Duo), https://s3n.cashify.in/cashify/product/img/xhdpi/5982cbedb0a91.jpg
Acer Aspire 8920 (Intel Core 2 Duo), https://s3n.cashify.in/cashify/product/img/xhdpi/5982cbedb0a91.jpg
Acer Extensa 5630G (Intel Core 2 Duo), https://s3n.cashify.in/cashify/product/img/xhdpi/Extensa_Series.jpg
Acer Aspire 5735 (Intel Core 2 Duo), https://s3n.cashify.in/cashify/product/img/xhdpi/5982cbedb0a91.jpg
Acer TravelMate 4730G (Intel Core 2 Duo), https://s3n.cashify.in/cashify/product/img/xhdpi/Travelmate.jpg
Acer Aspire 2930 (Intel Core 2 Duo), https://s3n.cashify.in/cashify/product/img/xhdpi/5982cbedb0a91.jpg
HP Pavilion 13?u005TU 2 in 1 Laptop, https://s3n.cashify.in/cashify/product/img/xhdpi/431fccd5-0158.jpg
ACER SF31451 Notebook, https://s3n.cashify.in/cashify/product/img/xhdpi/59830b6bbd15b.jpg
ACER Aspire Notebook (NX.GKYSI.001), https://s3n.cashify.in/cashify/product/img/xhdpi/5982ce3b0a348.jpg
ACER Aspire AS5750z (LX.RL80C.019), https://s3n.cashify.in/cashify/product/img/xhdpi/5982be6b682d5.jpg
ACER Spin 7 SP71451 Notebook, https://s3n.cashify.in/cashify/product/img/xhdpi/59830bdceffed.jpg
ACER Gateway NE56R (NX.Y1USI.018), https://s3n.cashify.in/cashify/product/img/xhdpi/59830a9141a09.jpg
ACER Aspire E5575G Notebook, https://s3n.cashify.in/cashify/product/img/xhdpi/5982cb7335829.jpg
Acer Aspire One 722, https://s3n.cashify.in/cashify/product/img/xhdpi/5f6b2eb7-730f.jpg
Acer Aspire E5-573 (Core i3 4th ..., https://s3n.cashify.in/cashify/product/img/xhdpi/57429f4502112.jpg
Acer Aspire R3-131T-P4AA, https://s3n.cashify.in/cashify/product/img/xhdpi/57429f00950aa.jpg
Acer Aspire V Nitro, https://s3n.cashify.in/cashify/product/img/xhdpi/57429dd3255d3.jpg
Acer Aspire E5-573G-3100, https://s3n.cashify.in/cashify/product/img/xhdpi/57429d765640f.jpg
Acer Aspire R 13 (i5/8GB/512GB S..., https://s3n.cashify.in/cashify/product/img/xhdpi/57429d1a24347.jpg
Acer Aspire E5-573-32JT (i3/4GB/..., https://s3n.cashify.in/cashify/product/img/xhdpi/57429486840d5.jpg
Acer Aspire ES1-520, https://s3n.cashify.in/cashify/product/img/xhdpi/57429240e6edc.jpg
Acer Predator 15, https://s3n.cashify.in/cashify/product/img/xhdpi/57428d9aa4273.jpg
Acer Aspire E5-573, https://s3n.cashify.in/cashify/product/img/xhdpi/57428c232dcea.jpg
Acer 700 Netbook (p1ve6), https://s3n.cashify.in/cashify/product/img/xhdpi/5982f48595c4f.jpg
Acer Aspire E5-571G (NX.MRFSI.005), https://s3n.cashify.in/cashify/product/img/xhdpi/Aspire_E5.jpg
Acer One S1001 (NT.MUPSI.001), https://s3n.cashify.in/cashify/product/img/xhdpi/Aspire_One.jpg
Acer E5 Notebook E5-571, https://s3n.cashify.in/cashify/product/img/xhdpi/Aspire_E5.jpg
Acer Aspire V3-571G (NX.RZLSI.002), https://s3n.cashify.in/cashify/product/img/xhdpi/Aspire_V3_Series.jpg
Acer Aspire S7 391, https://s3n.cashify.in/cashify/product/img/xhdpi/5982cbedb0a91.jpg
Acer Aspire V5-121, https://s3n.cashify.in/cashify/product/img/xhdpi/Aspire_V5_Series.jpg
Acer E5 Notebook  (E5-471), https://s3n.cashify.in/cashify/product/img/xhdpi/Aspire_E5.jpg
Acer Aspire V5 431, https://s3n.cashify.in/cashify/product/img/xhdpi/Aspire_V5_Series.jpg
Acer Aspire V3 571G 630M)(NX.RZNSI.008), https://s3n.cashify.in/cashify/product/img/xhdpi/Aspire_V3_Series.jpg
Acer Aspire V3 571G (NX.RZLSI.006), https://s3n.cashify.in/cashify/product/img/xhdpi/Aspire_V3_Series.jpg
Acer Aspire V5-573G (54208G50aii), https://s3n.cashify.in/cashify/product/img/xhdpi/Aspire_V5_Series.jpg
Acer E1-572 Laptop (NX.M8ESI.009), https://s3n.cashify.in/cashify/product/img/xhdpi/5982f48595c4f.jpg
Acer Aspire V5-571P, https://s3n.cashify.in/cashify/product/img/xhdpi/Aspire_V5_Series.jpg
Acer Aspire E3 Note (UN.MSMSI.005), https://s3n.cashify.in/cashify/product/img/xhdpi/E3_Series.jpg
Acer Aspire V5-571 (NX.M1JSI.016), https://s3n.cashify.in/cashify/product/img/xhdpi/Aspire_V5_Series.jpg
Acer Aspire E1-571 (NX.M09Si.035), https://s3n.cashify.in/cashify/product/img/xhdpi/E1_Series.jpg
Acer Aspire E1-571- (NX.M09SI.046), https://s3n.cashify.in/cashify/product/img/xhdpi/E1_Series.jpg
Acer V5-472P  (NX.MAUSI.002), https://s3n.cashify.in/cashify/product/img/xhdpi/5982f48595c4f.jpg
Acer One S1001 (NT. (NT.MUPSI.001), https://s3n.cashify.in/cashify/product/img/xhdpi/Aspire_One.jpg
Acer V5-122P  (NX.M8WSI.008), https://s3n.cashify.in/cashify/product/img/xhdpi/5982f48595c4f.jpg
Acer Aspire E1-510 (NX.MGRSI.002), https://s3n.cashify.in/cashify/product/img/xhdpi/E1_Series.jpg
Acer Aspire E5-571 (NX.MPSSI.001), https://s3n.cashify.in/cashify/product/img/xhdpi/Aspire_E5.jpg
Acer Aspire V5-121- NX.M82SI.004, https://s3n.cashify.in/cashify/product/img/xhdpi/Aspire_V5_Series.jpg
Acer TravelMate P24, https://s3n.cashify.in/cashify/product/img/xhdpi/Travelmate.jpg
Acer Aspire V5-572G, https://s3n.cashify.in/cashify/product/img/xhdpi/Aspire_V5_Series.jpg
Acer Aspire S7-392, https://s3n.cashify.in/cashify/product/img/xhdpi/5982cbedb0a91.jpg
Acer Aspire E1-510 (NX.MGRSI.001), https://s3n.cashify.in/cashify/product/img/xhdpi/E1_Series.jpg
Acer Aspire S3-391, https://s3n.cashify.in/cashify/product/img/xhdpi/5982cbedb0a91.jpg
Acer Aspire E1 570G (NX.MESSI.004), https://s3n.cashify.in/cashify/product/img/xhdpi/E1_Series.jpg
Acer Aspire V5-472P (NX.MAWSI.002), https://s3n.cashify.in/cashify/product/img/xhdpi/Aspire_V5_Series.jpg
Acer Aspire E1-570 (NX.MHASI.001), https://s3n.cashify.in/cashify/product/img/xhdpi/E1_Series.jpg
Acer Aspire E5-511 (NX.MNYSI.002), https://s3n.cashify.in/cashify/product/img/xhdpi/Aspire_E5.jpg
Acer Aspire E5-571 (NX.ML8SI.011), https://s3n.cashify.in/cashify/product/img/xhdpi/Aspire_E5.jpg
Acer Aspire V5-572P, https://s3n.cashify.in/cashify/product/img/xhdpi/Aspire_V5_Series.jpg
Acer Aspire M5 481T, https://s3n.cashify.in/cashify/product/img/xhdpi/Aspire_m5_Series.jpg
Acer Aspire E1-571G (NX.M7CSI.001), https://s3n.cashify.in/cashify/product/img/xhdpi/E1_Series.jpg
Acer Aspire E5-571 (NX.MLUSI.003), https://s3n.cashify.in/cashify/product/img/xhdpi/Aspire_E5.jpg
Acer Aspire V5-472 (NX.MB2SI.007), https://s3n.cashify.in/cashify/product/img/xhdpi/Aspire_V5_Series.jpg
Acer Aspire AS7735Z (Intel Pentium Dual-core), https://s3n.cashify.in/cashify/product/img/xhdpi/5982cbedb0a91.jpg
Acer Aspire AS5820T (Intel Core i5), https://s3n.cashify.in/cashify/product/img/xhdpi/5982cbedb0a91.jpg
Acer Aspire AS5740 (Intel Core i3), https://s3n.cashify.in/cashify/product/img/xhdpi/5982cbedb0a91.jpg
Acer Aspire 5740G (Intel Core i3), https://s3n.cashify.in/cashify/product/img/xhdpi/5982cbedb0a91.jpg
Acer Aspire AS5749 (Intel Core i3), https://s3n.cashify.in/cashify/product/img/xhdpi/5982cbedb0a91.jpg
Acer Aspire AS5733 (Intel Core i3), https://s3n.cashify.in/cashify/product/img/xhdpi/5982cbedb0a91.jpg
Acer Aspire 5715 (Intel Pentium Dual-core), https://s3n.cashify.in/cashify/product/img/xhdpi/5982cbedb0a91.jpg
Acer TravelMate 4674 (Intel Core Duo), https://s3n.cashify.in/cashify/product/img/xhdpi/Travelmate.jpg
Acer Aspire AS1810T (Intel Core 2 Duo), https://s3n.cashify.in/cashify/product/img/xhdpi/5982cbedb0a91.jpg
Acer Aspire 6930 (Intel Core 2 Duo), https://s3n.cashify.in/cashify/product/img/xhdpi/5982cbedb0a91.jpg
Acer Aspire 4937G (Intel Core 2 Duo), https://s3n.cashify.in/cashify/product/img/xhdpi/5982cbedb0a91.jpg
Acer TravelMate 4730 (Intel Core 2 Duo), https://s3n.cashify.in/cashify/product/img/xhdpi/Travelmate.jpg
Acer TravelMate 3270 (Intel Core 2 Duo), https://s3n.cashify.in/cashify/product/img/xhdpi/Travelmate.jpg
Acer Aspire 5580 (Intel Core 2 Duo), https://s3n.cashify.in/cashify/product/img/xhdpi/5982cbedb0a91.jpg
Acer C720 Chromebook, https://s3n.cashify.in/cashify/product/img/xhdpi/5982f48595c4f.jpg
Acer Aspire AS5750Z (Intel Pentium Dual-core), https://s3n.cashify.in/cashify/product/img/xhdpi/5982cbedb0a91.jpg
Acer Extensa 7630 (Intel Pentium Dual-core), https://s3n.cashify.in/cashify/product/img/xhdpi/Extensa_Series.jpg
Acer Aspire AS5755G (Intel Core i5), https://s3n.cashify.in/cashify/product/img/xhdpi/5982cbedb0a91.jpg
Acer Aspire AS4830T (Intel Core i3), https://s3n.cashify.in/cashify/product/img/xhdpi/5982cbedb0a91.jpg
Acer Aspire 5720Z (Intel Pentium Dual-core), https://s3n.cashify.in/cashify/product/img/xhdpi/5982cbedb0a91.jpg
Acer Aspire 5602 (Intel Core Duo), https://s3n.cashify.in/cashify/product/img/xhdpi/5982cbedb0a91.jpg
Acer Aspire 4810TZ (Intel Core 2 Solo), https://s3n.cashify.in/cashify/product/img/xhdpi/5982cbedb0a91.jpg
Acer Aspire 7738G (Intel Core 2 Quad), https://s3n.cashify.in/cashify/product/img/xhdpi/5982cbedb0a91.jpg
Acer Aspire 5738DG (Intel Core 2 Duo), https://s3n.cashify.in/cashify/product/img/xhdpi/5982cbedb0a91.jpg
Acer Aspire 9420 (Intel Core 2 Duo), https://www.cashify.in/static/b.png
Acer Aspire AS1410 (Intel Celeron Dual-core), https://www.cashify.in/static/b.png
Aspire 5560, https://www.cashify.in/static/b.png
Acer Extensa 7620 (Intel Pentium Dual-core), https://www.cashify.in/static/b.png
Acer Aspire AS3811TZ (Intel Pentium Dual-core), https://www.cashify.in/static/b.png
Acer Aspire 3810T (Intel Pentium Dual-core), https://www.cashify.in/static/b.png
Acer TravelMate 4220A (Intel Core Solo), https://www.cashify.in/static/b.png
Acer Aspire AS7745G (Intel Core i7), https://www.cashify.in/static/b.png
Acer Aspire M5 (Intel Core i5), https://www.cashify.in/static/b.png
Acer Aspire AS4820T (Intel Core i5), https://www.cashify.in/static/b.png
Acer Aspire AS8943G (Intel Core i3), https://www.cashify.in/static/b.png
Acer Aspire 3820T (Intel Core i3), https://www.cashify.in/static/b.png
Acer Aspire 7740 (Intel Core i3), https://www.cashify.in/static/b.png
Acer Extensa 5635ZG (Intel Pentium Dual-core), https://www.cashify.in/static/b.png
Acer Aspire 9410 (Intel Pentium Dual-core), https://www.cashify.in/static/b.png
Acer Aspire 9805WKHi (Intel Core Duo), https://www.cashify.in/static/b.png
Acer Aspire 5570 (Intel Core Duo), https://www.cashify.in/static/b.png
Acer Aspire 5601 (Intel Core Duo), https://www.cashify.in/static/b.png
Acer Aspire 5720 (Intel Core 2 Duo), https://www.cashify.in/static/b.png
Acer Aspire AS4935 (Intel Core 2 Duo), https://www.cashify.in/static/b.png
Acer Aspire 6935G (Intel Core 2 Duo), https://www.cashify.in/static/b.png
Acer Aspire AS4810T (Intel Core 2 Duo), https://www.cashify.in/static/b.png
Acer Aspire AS4920G (Intel Core 2 Duo), https://www.cashify.in/static/b.png
Acer Aspire 5680 (Intel Core 2 Duo), https://www.cashify.in/static/b.png
Acer Aspire 4720 (Intel Core 2 Duo), https://www.cashify.in/static/b.png
Acer TravelMate 6292 (Intel Core 2 Duo), https://www.cashify.in/static/b.png
Acer Aspire AS4736 (Intel Core 2 Duo), https://www.cashify.in/static/b.png
Acer Aspire 5745, https://www.cashify.in/static/b.png
Acer Aspire 4730ZG (Intel Pentium Dual-core), https://www.cashify.in/static/b.png
Acer V5-431, https://www.cashify.in/static/b.png
Acer Aspire V5-131 Netbook, https://www.cashify.in/static/b.png
Acer Aspire AS5820TG (Intel Core i5), https://www.cashify.in/static/b.png
Acer Aspire AS4750 (Intel Core i5), https://www.cashify.in/static/b.png
Acer Aspire V5 471P Core i5, https://www.cashify.in/static/b.png
Acer Aspire E1-571 Core i5, https://www.cashify.in/static/b.png
Acer Aspire V5-471P Touch, https://www.cashify.in/static/b.png
Acer Aspire E1-571 Core i3, https://www.cashify.in/static/b.png
Acer Aspire 1810TZ (Intel Pentium Dual-core), https://www.cashify.in/static/b.png
Acer Aspire 7720ZG (Intel Pentium Dual-core), https://www.cashify.in/static/b.png
Acer Aspire 5715Z (Intel Pentium Dual-core), https://www.cashify.in/static/b.png
Acer Aspire 4715Z (Intel Pentium Dual-core), https://www.cashify.in/static/b.png
Acer Aspire 5622 (Intel Core Duo), https://www.cashify.in/static/b.png
Acer TravelMate 4222 (Intel Core Duo), https://www.cashify.in/static/b.png
Acer Aspire 4810T (Intel Core 2 Solo), https://www.cashify.in/static/b.png
Acer Aspire AS1810T (Intel Core 2 Solo), https://www.cashify.in/static/b.png
Acer Aspire AS4810TG (Intel Core 2 Solo), https://www.cashify.in/static/b.png
Acer Aspire 8935G (Intel Core 2 Quad), https://www.cashify.in/static/b.png
Acer Aspire AS5738G (Intel Core 2 Duo), https://www.cashify.in/static/b.png
Acer Aspire 6935 (Intel Core 2 Duo), https://www.cashify.in/static/b.png
Acer Aspire AS4810TG (Intel Core 2 Duo), https://www.cashify.in/static/b.png
Acer Aspire 5810T (Intel Core 2 Duo), https://www.cashify.in/static/b.png
Acer TravelMate 4230 (Intel Core 2 Duo), https://www.cashify.in/static/b.png
Acer Aspire 5720G (Intel Core 2 Duo), https://www.cashify.in/static/b.png
Acer TravelMate 5320 (Intel Celeron Dual-core), https://www.cashify.in/static/b.png
Acer Aspire AS4349 (Intel Celeron Dual-core), https://www.cashify.in/static/b.png
Acer Aspire E1-522 AMD, https://www.cashify.in/static/b.png
