models,images
APPLE MacBook Air MQD32HN/A, https://s3n.cashify.in/cashify/product/img/xhdpi/59830f938bc67.jpg
APPLE Macbook Pro MLUQ2HN/A, https://s3n.cashify.in/cashify/product/img/xhdpi/5984065e12ae0.jpg
APPLE Macbook Pro  MLH12HN/A, https://s3n.cashify.in/cashify/product/img/xhdpi/59830fe067280.jpg
Apple MacBook MK4M2HN/A, https://s3n.cashify.in/cashify/product/img/xhdpi/Macbook.jpg
Apple MacBook Pro ME294HN/A, https://s3n.cashify.in/cashify/product/img/xhdpi/Macbook.jpg
Apple MGX82HN/A Macbook pro, https://s3n.cashify.in/cashify/product/img/xhdpi/Macbook.jpg
Apple MacBook Air MJVP2HN/A nootbook, https://s3n.cashify.in/cashify/product/img/xhdpi/Macbook.jpg
MacBook Pro 15 BMPTT2LL/A A1707-3162, https://s3n.cashify.in/cashify/product/img/xhdpi/045fee46-4749.jpg
MacBook Pro 13 BTO/CTO A1708-2978, https://s3n.cashify.in/cashify/product/img/xhdpi/e217753d-fe13.jpg
MacBook Pro 13 MR9U2HN/A, https://s3n.cashify.in/cashify/product/img/xhdpi/a78fdae7-8fe4.jpg
MacBook Pro 15 (Touch Bar) MR932LL/A, https://s3n.cashify.in/cashify/product/img/xhdpi/0ad4796c-8bfe.jpg
Macbook Pro MD104 | 2.6 GHz Core i7| A1286, https://s3n.cashify.in/cashify/product/img/xhdpi/Macbook.jpg
Macbook Pro BTO/CTO| 2.93 GHz Core 2 Duo| A1297, https://s3n.cashify.in/cashify/product/img/xhdpi/Macbook.jpg
Macbook Pro MA897 | 2.4 GHz Core 2 Duo| A1229, https://s3n.cashify.in/cashify/product/img/xhdpi/Macbook.jpg
Macbook Pro BTO/CTO| 2.6 GHz Core 2 Duo| A1226| MiD 2007, https://s3n.cashify.in/cashify/product/img/xhdpi/Macbook.jpg
Macbook Pro MA463 | 1.83 GHz Core Duo| A1150, https://s3n.cashify.in/cashify/product/img/xhdpi/Macbook.jpg
Macbook Pro MC725| 2.2 GHz Core i7| A1297, https://s3n.cashify.in/cashify/product/img/xhdpi/Macbook.jpg
Macbook Pro MB166| 2.5 GHz Core 2 Duo| A1261, https://s3n.cashify.in/cashify/product/img/xhdpi/Macbook.jpg
Macbook Pro MA611| 2.33 GHz Core 2 Duo| A1212, https://s3n.cashify.in/cashify/product/img/xhdpi/Macbook.jpg
Macbook Pro MA092| 2.16 GHz Core Duo| A1151, https://s3n.cashify.in/cashify/product/img/xhdpi/Macbook.jpg
Macbook Pro MC700| 2.3 GHz Core i5| A1278, https://s3n.cashify.in/cashify/product/img/xhdpi/Macbook.jpg
Macbook MB062| 2.16 GHz Core 2 Duo| A1181, https://s3n.cashify.in/cashify/product/img/xhdpi/Macbook.jpg
Macbook MA701| 2.0 GHz Core 2 Duo| A1181, https://s3n.cashify.in/cashify/product/img/xhdpi/Macbook.jpg
Macbook MA254| 1.83 GHz Core Duo| A1181, https://s3n.cashify.in/cashify/product/img/xhdpi/Macbook.jpg
Macbook Air MD224| 2.0 GHz Core i5| A1465, https://s3n.cashify.in/cashify/product/img/xhdpi/Macbook.jpg
Macbook Air MC969| 1.6 GHz Core i5| A1370, https://s3n.cashify.in/cashify/product/img/xhdpi/Macbook.jpg
Macbook Air MC505| 1.4 GHz Core 2 Duo| A1370, https://s3n.cashify.in/cashify/product/img/xhdpi/Macbook.jpg
MAcBook 12 BTO/CTO A1534-2991, https://s3n.cashify.in/cashify/product/img/xhdpi/b2fc8d41-753f.jpg
MacBook Pro 15 MRTT2HN/A, https://s3n.cashify.in/cashify/product/img/xhdpi/b776c811-6965.jpg
MacBook 12 MREF2HN/A, https://s3n.cashify.in/cashify/product/img/xhdpi/d63e64f8-1e21.jpg
Apple MacBook Pro MPXW2HN/A, https://s3n.cashify.in/cashify/product/img/xhdpi/ef89ad88-ce99.jpg
MacBook Pro 15 (Touch Bar) MR942LL/A, https://s3n.cashify.in/cashify/product/img/xhdpi/99d78fb9-596f.jpg
MacBook Pro 13 (Touch Bar) MR9Q2LL/A, https://s3n.cashify.in/cashify/product/img/xhdpi/2c6054af-9795.jpg
Apple MacBook Pro 13 Retina MPXT2HN/A, https://s3n.cashify.in/cashify/product/img/xhdpi/96ff8dda-7dba.jpg
APPLE Macbook Pro MLW72HN/A, https://s3n.cashify.in/cashify/product/img/xhdpi/5984072785328.jpg
APPLE Macbook Pro MLVP2HN/A, https://s3n.cashify.in/cashify/product/img/xhdpi/598406aa95d68.jpg
APPLE MacBook Air MMGG2HN/A, https://s3n.cashify.in/cashify/product/img/xhdpi/59830f40b99fd.jpg
Apple MacBook Pro ME66HN/A, https://s3n.cashify.in/cashify/product/img/xhdpi/Macbook.jpg
Apple MacBook MJY42HN/A Nootbook, https://s3n.cashify.in/cashify/product/img/xhdpi/Macbook.jpg
Apple MacBook MJY32HN/A Nootbook, https://s3n.cashify.in/cashify/product/img/xhdpi/Macbook.jpg
Apple MD712HN/B Macbook, https://s3n.cashify.in/cashify/product/img/xhdpi/Macbook.jpg
Apple MacBook Pro ME293HN/A, https://s3n.cashify.in/cashify/product/img/xhdpi/Macbook.jpg
Apple MD761HN/B Macbook, https://s3n.cashify.in/cashify/product/img/xhdpi/Macbook.jpg
Macbook Pro BTO/CTO| 2.66 GHz Core i7| A1297| Mid 2009, https://s3n.cashify.in/cashify/product/img/xhdpi/Macbook.jpg
Macbook Pro MC372 | 2.53 GHz Core i5| A1286, https://s3n.cashify.in/cashify/product/img/xhdpi/Macbook.jpg
Macbook Pro MC375 | 2.66 GHz Core 2 Duo| A1278, https://s3n.cashify.in/cashify/product/img/xhdpi/Macbook.jpg
Macbook Pro MC226 | 2.8 GHz Core 2 Duo| A1297, https://s3n.cashify.in/cashify/product/img/xhdpi/Macbook.jpg
Macbook Pro MB985 | 2.66 GHz Core 2 Duo| A1286, https://s3n.cashify.in/cashify/product/img/xhdpi/Macbook.jpg
Macbook Pro MB991 | 2.53 GHz Core 2 Duo| A1278, https://s3n.cashify.in/cashify/product/img/xhdpi/Macbook.jpg
Macbook Pro MB990 | 2.26 GHz Core 2 Duo| A1278, https://s3n.cashify.in/cashify/product/img/xhdpi/Macbook.jpg
Macbook Pro MA601| 2.16 GHz Core Duo| A1150, https://s3n.cashify.in/cashify/product/img/xhdpi/Macbook.jpg
Macbook Pro MB470| 2.4 GHz Core 2 Duo| A1286, https://s3n.cashify.in/cashify/product/img/xhdpi/Macbook.jpg
Macbook Pro MA090| 1.67 GHz Core Duo| A1150, https://s3n.cashify.in/cashify/product/img/xhdpi/Macbook.jpg
Macbook Pro BTO/CTO MD213| 2.9 GHz Core i7| A1425, https://s3n.cashify.in/cashify/product/img/xhdpi/Macbook.jpg
Macbook MC240| 2.13 GHz Core 2 Duo| A1181, https://s3n.cashify.in/cashify/product/img/xhdpi/Macbook.jpg
Macbook MB881| 2.0 GHz Core 2 Duo| A1181, https://s3n.cashify.in/cashify/product/img/xhdpi/Macbook.jpg
Macbook MB404| 2.4 GHz Core 2 Duo| A1181, https://s3n.cashify.in/cashify/product/img/xhdpi/Macbook.jpg
Macbook MA700| 2.0 GHz Core 2 Duo| A1181, https://s3n.cashify.in/cashify/product/img/xhdpi/Macbook.jpg
Macbook MA472| 2.0 GHz Core Duo| A1181, https://s3n.cashify.in/cashify/product/img/xhdpi/Macbook.jpg
Macbook MA255| 2.0 GHz Core 2 Duo| A1181, https://s3n.cashify.in/cashify/product/img/xhdpi/Macbook.jpg
MacBook Air BTO/CTO MD761| 1.7 GHz Core i7| A1466, https://s3n.cashify.in/cashify/product/img/xhdpi/Macbook.jpg
MacBook Air MD 760| 1.3 GHz Core i5| A1466, https://s3n.cashify.in/cashify/product/img/xhdpi/Macbook.jpg
MacBook Air MC234| 2.13 GHz Core 2 Duo| A1304, https://s3n.cashify.in/cashify/product/img/xhdpi/Macbook.jpg
Macbook Air MD231| 1.8 GHz Core i5| A1466, https://s3n.cashify.in/cashify/product/img/xhdpi/Macbook.jpg
Macbook Air MB543| 1.6 GHz Core 2 Duo| A1304, https://s3n.cashify.in/cashify/product/img/xhdpi/Macbook.jpg
Apple MacBook Air MMGF2HN/A, https://s3n.cashify.in/cashify/product/img/xhdpi/59a94126995cd.jpg
APPLE Macbook Pro MLH32HN/A, https://s3n.cashify.in/cashify/product/img/xhdpi/598405c1d54cd.jpg
Apple Mac Book Pro ME662HN/A, https://s3n.cashify.in/cashify/product/img/xhdpi/Macbook.jpg
Apple Mac Book Pro ME664HN/A, https://s3n.cashify.in/cashify/product/img/xhdpi/Macbook.jpg
Apple MacBook MK4N2HN/A, https://s3n.cashify.in/cashify/product/img/xhdpi/Macbook.jpg
Apple MacBook Pro ME865HN/A, https://s3n.cashify.in/cashify/product/img/xhdpi/Macbook.jpg
Apple MacBook Pro (MF839HN/A), https://s3n.cashify.in/cashify/product/img/xhdpi/Macbook.jpg
Apple MGX72HN/A Mac book pro, https://s3n.cashify.in/cashify/product/img/xhdpi/Macbook.jpg
MacBook Pro 13 MUHP2HN/A, https://s3n.cashify.in/cashify/product/img/xhdpi/e218570e-b038.jpg
MacBook Pro 15 MRTR2HN/A, https://s3n.cashify.in/cashify/product/img/xhdpi/d5b9ddeb-e11b.jpg
MacBook Pro 13 MR9R2HN/A, https://s3n.cashify.in/cashify/product/img/xhdpi/8ab1bd4b-cd43.jpg
MacBook Pro 15 MREA2HN/A, https://s3n.cashify.in/cashify/product/img/xhdpi/92c862af-354d.jpg
MacBook Pro 13 MRQP2HN/A, https://s3n.cashify.in/cashify/product/img/xhdpi/2687d917-6623.jpg
MacBook Pro 13 (Touch Bar) BTO/CTO, https://s3n.cashify.in/cashify/product/img/xhdpi/64882c2d-1c5f.jpg
Macbook Pro MD102 | 2.9 GHz Core i7| A1278, https://s3n.cashify.in/cashify/product/img/xhdpi/Macbook.jpg
Macbook Pro MD314 | 2.8 GHz Core i7| A1278, https://s3n.cashify.in/cashify/product/img/xhdpi/Macbook.jpg
Macbook Pro BTO/CTO| 2.3 GHz Core i7| A1297| Early 2011, https://s3n.cashify.in/cashify/product/img/xhdpi/Macbook.jpg
Macbook Pro MC374 | 2.4 GHz Core 2 Duo| A1278, https://s3n.cashify.in/cashify/product/img/xhdpi/Macbook.jpg
Macbook Pro MB986 | 2.8 GHz Core 2 Duo| A1286, https://s3n.cashify.in/cashify/product/img/xhdpi/Macbook.jpg
Macbook Pro BTO/CTO| 2.6 GHz Core 2 Duo| A1260| Early 2008, https://s3n.cashify.in/cashify/product/img/xhdpi/Macbook.jpg
Macbook Pro MA610| 2.33 GHz Core 2 Duo| A1211, https://s3n.cashify.in/cashify/product/img/xhdpi/Macbook.jpg
Macbook Pro MC024| 2.53 GHz Core i5| A1297, https://s3n.cashify.in/cashify/product/img/xhdpi/Macbook.jpg
Macbook Pro MC371| 2.4 GHz Core i5| A1286, https://s3n.cashify.in/cashify/product/img/xhdpi/Macbook.jpg
Macbook Pro MC724| 2.7 GHz Core i7| A1278, https://s3n.cashify.in/cashify/product/img/xhdpi/Macbook.jpg
Macbook MB403| 2.4 GHz Core 2 Duo| A1181, https://s3n.cashify.in/cashify/product/img/xhdpi/Macbook.jpg
Macbook MA699| 1.83 GHz Core 2 Duo| A1181, https://s3n.cashify.in/cashify/product/img/xhdpi/Macbook.jpg
MacBook Air BTO/CTO MD712| 1.7 GHz Core i7| A1465, https://s3n.cashify.in/cashify/product/img/xhdpi/Macbook.jpg
MacBook Air MC233| 1.86 GHz Core 2 Duo| A1304, https://s3n.cashify.in/cashify/product/img/xhdpi/Macbook.jpg
MacBook Air BTO/CTO MB003| 1.8 GHz Core 2 Duo| A1237, https://s3n.cashify.in/cashify/product/img/xhdpi/Macbook.jpg
Macbook Air BTO/CTO MD232| 2.0 GHz Core i7| A1466, https://s3n.cashify.in/cashify/product/img/xhdpi/Macbook.jpg
Macbook Air MD223| 1.7 GHz Core i5| A1465, https://s3n.cashify.in/cashify/product/img/xhdpi/Macbook.jpg
Macbook Air BTO/CTO MC966| 1.8 GHz Core i7| A1369, https://s3n.cashify.in/cashify/product/img/xhdpi/Macbook.jpg
Macbook Air MD508| 1.6 GHz Core i5| A1369, https://s3n.cashify.in/cashify/product/img/xhdpi/Macbook.jpg
MacBook Pro Retina MC976| 2.6 GHz Core i7| A1398, https://s3n.cashify.in/cashify/product/img/xhdpi/Macbook.jpg
Macbook Pro MD103 | 2.3 GHz Core i7| A1286, https://s3n.cashify.in/cashify/product/img/xhdpi/Macbook.jpg
Macbook Pro MD101 | 2.5 GHz Core i5| A1278, https://s3n.cashify.in/cashify/product/img/xhdpi/Macbook.jpg
Macbook Pro MD313 | 2.4 GHz Core i5| A1278, https://s3n.cashify.in/cashify/product/img/xhdpi/Macbook.jpg
Macbook Pro MC723 | 2.2 GHz Core i7| A1286, https://s3n.cashify.in/cashify/product/img/xhdpi/Macbook.jpg
Apple (MGX92HN/A) Mackbook, https://s3n.cashify.in/cashify/product/img/xhdpi/Macbook.jpg
Apple MacBook Pro ME864HN/A, https://s3n.cashify.in/cashify/product/img/xhdpi/Macbook.jpg
Apple MacBook Pro M841HN/A, https://s3n.cashify.in/cashify/product/img/xhdpi/Macbook.jpg
Apple MacBook Air (MJVE2HN/A) notebook, https://s3n.cashify.in/cashify/product/img/xhdpi/Macbook.jpg
Apple (MGXC2HN/A) Macbook pro, https://s3n.cashify.in/cashify/product/img/xhdpi/Macbook.jpg
Apple (MGXA2HN/A) Macbook pro Nootbook, https://s3n.cashify.in/cashify/product/img/xhdpi/Macbook.jpg
Apple MacBook Air 13 MVFH2HN/A, https://s3n.cashify.in/cashify/product/img/xhdpi/186c6448-1966.jpg
MacBook Pro 13 with Touch Bar MV962HN/A, https://s3n.cashify.in/cashify/product/img/xhdpi/22180cd6-8449.jpg
MacBook Pro 12 BTO/CTO A1534-3099, https://s3n.cashify.in/cashify/product/img/xhdpi/26327b57-0009.jpg
MacBook Pro 13 BTO/CTO A1708-3164, https://s3n.cashify.in/cashify/product/img/xhdpi/5905e8b0-5d07.jpg
MacBook Pro 13 BTO/CTO A1706-3163, https://s3n.cashify.in/cashify/product/img/xhdpi/7e28bdef-6336.jpg
MacBook Pro 15 BTO/CTO A1707-3162, https://s3n.cashify.in/cashify/product/img/xhdpi/6e592b13-b234.jpg
MacBook Pro 15 MRE92HN/A, https://s3n.cashify.in/cashify/product/img/xhdpi/b2f40dc2-6374.jpg
MacBook Pro 13 MRE82HN/A, https://s3n.cashify.in/cashify/product/img/xhdpi/cedc0e52-a5b7.jpg
Macbook Pro MC026 | 2.66 GHz Core 2 Duo| A1286, https://s3n.cashify.in/cashify/product/img/xhdpi/Macbook.jpg
Macbook Pro MB471 | 2.53 GHz Core 2 Duo| A1286, https://s3n.cashify.in/cashify/product/img/xhdpi/Macbook.jpg
Macbook Pro BTO/CTO| 2.6 GHz Core 2 Duo| A1229| Mid 2007, https://s3n.cashify.in/cashify/product/img/xhdpi/Macbook.jpg
Macbook Pro MA464 | 2.0 GHz Core Duo| A1150, https://s3n.cashify.in/cashify/product/img/xhdpi/Macbook.jpg
Macbook Pro MC373| 2.7 GHz Core i7| A1286, https://s3n.cashify.in/cashify/product/img/xhdpi/Macbook.jpg
Macbook Pro MA609| 2.16 GHz Core 2 Duo| A1211, https://s3n.cashify.in/cashify/product/img/xhdpi/Macbook.jpg
Macbook MB467| 2.4 GHz Core 2 Duo| A1278, https://s3n.cashify.in/cashify/product/img/xhdpi/Macbook.jpg
Macbook MB402| 2.1 GHz Core 2 Duo| A1181, https://s3n.cashify.in/cashify/product/img/xhdpi/Macbook.jpg
MacBook Air BTO/CTO MC504| 2.13 GHz Core 2 Duo| A1369, https://s3n.cashify.in/cashify/product/img/xhdpi/Macbook.jpg
Macbook Air MC503| 1.86 GHz Core 2 Duo| A1369, https://s3n.cashify.in/cashify/product/img/xhdpi/Macbook.jpg
MacBook Pro Retina MD831| 2.7 GHz Core i7| A1398, https://s3n.cashify.in/cashify/product/img/xhdpi/Macbook.jpg
Macbook Pro MD311 | 2.4 GHz Core i7| A1297, https://s3n.cashify.in/cashify/product/img/xhdpi/Macbook.jpg
Macbook Pro MD322 | 2.4 GHz Core i7| A1286, https://s3n.cashify.in/cashify/product/img/xhdpi/Macbook.jpg
Macbook Pro MD318 | 2.2 GHz Core i7| A1286, https://s3n.cashify.in/cashify/product/img/xhdpi/Macbook.jpg
Macbook Pro BTO/CTO| 2.8 GHz Core i7| A1297| Mid 2009, https://s3n.cashify.in/cashify/product/img/xhdpi/Macbook.jpg
Macbook Pro BTO/CTO| 3.06 GHz Core 2 Duo| A1297| Mid 2009, https://s3n.cashify.in/cashify/product/img/xhdpi/Macbook.jpg
Macbook Pro MC118 | 2.53 GHz Core 2 Duo| A1286, https://s3n.cashify.in/cashify/product/img/xhdpi/Macbook.jpg
Macbook Pro BTO/CTO| 2.93 GHz Core 2 Duo| A1286| Early 2009, https://s3n.cashify.in/cashify/product/img/xhdpi/Macbook.jpg
Macbook Pro MB134 | 2.5 GHz Core 2 Duo| A1260, https://s3n.cashify.in/cashify/product/img/xhdpi/Macbook.jpg
Macbook Pro MB604| 2.66 GHz Core 2 Duo| A1297, https://s3n.cashify.in/cashify/product/img/xhdpi/Macbook.jpg
Macbook Pro MA896| 2.4 GHz Core 2 Duo| A1229, https://s3n.cashify.in/cashify/product/img/xhdpi/Macbook.jpg
Macbook Pro MC975| 2.3 GHz Core i7| A1398, https://s3n.cashify.in/cashify/product/img/xhdpi/Macbook.jpg
Macbook Pro MC721| 2.0 GHz Core i7| A1286, https://s3n.cashify.in/cashify/product/img/xhdpi/Macbook.jpg
Macbook Pro MB133| 2.4 GHz Core 2 Duo| A1260, https://s3n.cashify.in/cashify/product/img/xhdpi/Macbook.jpg
Macbook Pro MA895| 2.2 GHz Core 2 Duo| A1226, https://s3n.cashify.in/cashify/product/img/xhdpi/Macbook.jpg
Macbook Pro MD212| 2.5 GHz Core i5| A1425, https://s3n.cashify.in/cashify/product/img/xhdpi/Macbook.jpg
Macbook MC516| 2.4 GHz Core 2 Duo| A1342, https://s3n.cashify.in/cashify/product/img/xhdpi/Macbook.jpg
Macbook MC207| 2.26 GHz Core 2 Duo| A1342, https://s3n.cashify.in/cashify/product/img/xhdpi/Macbook.jpg
Macbook MB466| 2.0 GHz Core 2 Duo| A1278, https://s3n.cashify.in/cashify/product/img/xhdpi/Macbook.jpg
Macbook MB063| 2.2 GHz Core 2 Duo| A1181, https://s3n.cashify.in/cashify/product/img/xhdpi/Macbook.jpg
Macbook MB061| 2.0 GHz Core 2 Duo| A1181, https://s3n.cashify.in/cashify/product/img/xhdpi/Macbook.jpg
MacBook Air MD711| 1.3 GHz Core i5| A1465, https://s3n.cashify.in/cashify/product/img/xhdpi/Macbook.jpg
MacBook Air MC965| 1.7 GHz Core i5| A1369, https://s3n.cashify.in/cashify/product/img/xhdpi/Macbook.jpg
MacBook Air BTO/CTO MC506| 1.6 GHz Core 2 Duo| A1370, https://s3n.cashify.in/cashify/product/img/xhdpi/Macbook.jpg
MacBook Air MB940| 1.86 GHz Core 2 Duo| A1304, https://s3n.cashify.in/cashify/product/img/xhdpi/Macbook.jpg
Macbook Air MC968| 1.6 GHz Core i5| A1370, https://s3n.cashify.in/cashify/product/img/xhdpi/Macbook.jpg
APPLE MacBook Pro MJLQ2HN/A, https://s3n.cashify.in/cashify/product/img/xhdpi/5983103970a95.jpg
Macbook Pro 15" MLH42HN/A 512SSD, https://s3n.cashify.in/cashify/product/img/xhdpi/b4b2227b-c6d0.jpg
Apple Retina MacBook Pro 13-inch..., https://s3n.cashify.in/cashify/product/img/xhdpi/5742a17c0afe2.jpg
Apple Macbook Pro A1502, https://s3n.cashify.in/cashify/product/img/xhdpi/a9c0ae21-77c8.jpg
Apple MacBook MF865HN/A, https://s3n.cashify.in/cashify/product/img/xhdpi/Macbook.jpg
Apple MacBook MF855HN/A Nootbook, https://s3n.cashify.in/cashify/product/img/xhdpi/Macbook.jpg
Apple MacBook Pro MF840HN/A Nootbook, https://s3n.cashify.in/cashify/product/img/xhdpi/Macbook.jpg
Apple MacBook Air MJVM2HN/A, https://s3n.cashify.in/cashify/product/img/xhdpi/Macbook.jpg
Apple MD760HN/B Mac, https://s3n.cashify.in/cashify/product/img/xhdpi/Macbook.jpg
Apple MacBook Air MJVG2HN/A, https://s3n.cashify.in/cashify/product/img/xhdpi/Macbook.jpg
Apple MacBook Air 13 MVFN2HN/A, https://s3n.cashify.in/cashify/product/img/xhdpi/4dcca580-a240.jpg
MacBook 12 BTO/CTO A1534-2746, https://s3n.cashify.in/cashify/product/img/xhdpi/3eab3c19-c51f.jpg
MacBook Pro 13 MR9V2HN/A, https://s3n.cashify.in/cashify/product/img/xhdpi/56300760-18b0.jpg
MacBook Air 13 MR972HN/A, https://s3n.cashify.in/cashify/product/img/xhdpi/4a44affe-2a17.jpg
MacBook Pro 15 (Touch Bar) BTO/CTO, https://s3n.cashify.in/cashify/product/img/xhdpi/80356bd9-6ee1.jpg
