models,images
ASUS R SERIES R558UQDM542D Notebook, https://s3n.cashify.in/cashify/product/img/xhdpi/59840f10a6333.jpg
ASUS A Series A540LJDM668D Notebook, https://s3n.cashify.in/cashify/product/img/xhdpi/598409914791c.jpg
ASUS X Series X553MA Notebook, https://s3n.cashify.in/cashify/product/img/xhdpi/598adbbb1c6c6.jpg
ASUS FX Series FX553VDDM324 Notebook, https://s3n.cashify.in/cashify/product/img/xhdpi/59840bf009c49.jpeg
ASUS X553MA Notebook, https://s3n.cashify.in/cashify/product/img/xhdpi/598ae0163342c.jpg
ASUS TP300LADW060H Notebook, https://s3n.cashify.in/cashify/product/img/xhdpi/62715bca-b74b.jpg
ASUS R558URDM069D Notebook, https://s3n.cashify.in/cashify/product/img/xhdpi/59841195652e7.jpg
Asus X Series X555LD, https://s3n.cashify.in/cashify/product/img/xhdpi/5742fe430ebe8.jpg
Asus K Series K555LB, https://s3n.cashify.in/cashify/product/img/xhdpi/5742fbcb9e70a.jpg
Asus Eeebook E402MA, https://s3n.cashify.in/cashify/product/img/xhdpi/5742f80b81618.jpg
Asus Eeebook Flip E205SA, https://s3n.cashify.in/cashify/product/img/xhdpi/5742f4020e1ad.jpg
Asus A Series A555LF (i3 5th Gen..., https://s3n.cashify.in/cashify/product/img/xhdpi/5742f384e6c7e.jpg
Asus K Series K555LJ, https://s3n.cashify.in/cashify/product/img/xhdpi/5742f2dc342b5.jpg
Asus VivoBook F450CA, https://s3n.cashify.in/cashify/product/img/xhdpi/5742eeed7ecc2.jpg
Asus ROG GL552JX, https://s3n.cashify.in/cashify/product/img/xhdpi/5742ee9b1c525.jpg
Asus A Series A553MA XX1147D (PQ..., https://s3n.cashify.in/cashify/product/img/xhdpi/5742a9daaf122.jpg
Asus X555LA-XX522D, https://s3n.cashify.in/cashify/product/img/xhdpi/598addac433e9.jpg
Asus Vivobook S300CA-C1033H, https://s3n.cashify.in/cashify/product/img/xhdpi/Vivobook_Series.jpg
Asus X Series Notebook(X551Ca), https://s3n.cashify.in/cashify/product/img/xhdpi/598addac433e9.jpg
Asus X45C-VX020D, https://s3n.cashify.in/cashify/product/img/xhdpi/598addac433e9.jpg
Asus G750JX-CV069P, https://s3n.cashify.in/cashify/product/img/xhdpi/598addac433e9.jpg
Asus X200MA Notebook (KX424D), https://s3n.cashify.in/cashify/product/img/xhdpi/598addac433e9.jpg
Asus X200MA-KX371B, https://s3n.cashify.in/cashify/product/img/xhdpi/598addac433e9.jpg
Asus F501A-XX187H Ultrabook, https://s3n.cashify.in/cashify/product/img/xhdpi/Asus_F_Series.jpeg
Asus VivoBook S200E, https://s3n.cashify.in/cashify/product/img/xhdpi/Vivobook_Series.jpg
Asus S56CA-XX056R Ultrabook, https://s3n.cashify.in/cashify/product/img/xhdpi/Asus_S_Series.jpg
Asus ROG (G551JK-DM053H), https://s3n.cashify.in/cashify/product/img/xhdpi/598addac433e9.jpg
Asus Laptop (X553MA-XX514D), https://s3n.cashify.in/cashify/product/img/xhdpi/598addac433e9.jpg
Asus X553MA-XX289B, https://s3n.cashify.in/cashify/product/img/xhdpi/598addac433e9.jpg
Asus X550LC-XX325D, https://s3n.cashify.in/cashify/product/img/xhdpi/598addac433e9.jpg
ASUS X201E-KX178D, https://s3n.cashify.in/cashify/product/img/xhdpi/87fbe27f-4891.jpg
Asus Bing X200MA-KX395B, https://s3n.cashify.in/cashify/product/img/xhdpi/598addac433e9.jpg
Asus X553MA-XX233D, https://s3n.cashify.in/cashify/product/img/xhdpi/598addac433e9.jpg
Asus F451CA-VX152D, https://s3n.cashify.in/cashify/product/img/xhdpi/Asus_F_Series.jpeg
Asus X552LAV-SX394H, https://s3n.cashify.in/cashify/product/img/xhdpi/598addac433e9.jpg
Asus X550LAV-XX771D, https://s3n.cashify.in/cashify/product/img/xhdpi/598addac433e9.jpg
Asus X550LC-XX223D, https://s3n.cashify.in/cashify/product/img/xhdpi/598addac433e9.jpg
Asus X551CA-SX021D, https://s3n.cashify.in/cashify/product/img/xhdpi/598addac433e9.jpg
Asus F550CC-CJ979H Touchscreen, https://s3n.cashify.in/cashify/product/img/xhdpi/Asus_F_Series.jpeg
Asus X450CA-WX214D, https://s3n.cashify.in/cashify/product/img/xhdpi/598addac433e9.jpg
Asus X550CA-XX110D, https://s3n.cashify.in/cashify/product/img/xhdpi/598addac433e9.jpg
Asus X550LC-XX039D, https://s3n.cashify.in/cashify/product/img/xhdpi/598addac433e9.jpg
Asus X550CC-XX072D X, https://s3n.cashify.in/cashify/product/img/xhdpi/598addac433e9.jpg
Asus EeeBook X205TA Notebook, https://s3n.cashify.in/cashify/product/img/xhdpi/6a5cf5dc-5902.jpg
ASUS X550LD Notebook, https://s3n.cashify.in/cashify/product/img/xhdpi/598addac433e9.jpg
ASUS X555LAXX092D Notebook, https://s3n.cashify.in/cashify/product/img/xhdpi/598ae069c3279.jpg
ASUS S301LA-C1079H Notebook, https://s3n.cashify.in/cashify/product/img/xhdpi/59841402b94cf.jpg
ASUS FX Series FX553VD Notebook, https://s3n.cashify.in/cashify/product/img/xhdpi/59840ba2bdfb3.jpeg
ASUS K55VDSX313D, https://s3n.cashify.in/cashify/product/img/xhdpi/59840e1a6263e.jpg
ASUS X Series X200MA-KX371B Netbook, https://s3n.cashify.in/cashify/product/img/xhdpi/598adb5cf3cb1.jpg
ASUS UX303UB-R4055T Ultrabook, https://s3n.cashify.in/cashify/product/img/xhdpi/598414c495398.jpg
Asus A555LA-XX2036D Laptop, https://s3n.cashify.in/cashify/product/img/xhdpi/5742fe8436fd2.jpg
Asus X Series X200MA (Celeron Du..., https://s3n.cashify.in/cashify/product/img/xhdpi/5742fdc9d0e5d.jpg
Asus VivoBook S301LA, https://s3n.cashify.in/cashify/product/img/xhdpi/5742fb3caa03c.jpg
Asus VivoBook S551LB, https://s3n.cashify.in/cashify/product/img/xhdpi/5742fa4d8fe1a.jpg
Asus X Series X200CA, https://s3n.cashify.in/cashify/product/img/xhdpi/5742f911598f8.jpg
Asus X552LDV-SX863H, https://s3n.cashify.in/cashify/product/img/xhdpi/598addac433e9.jpg
Asus X44H-VX148D, https://s3n.cashify.in/cashify/product/img/xhdpi/598addac433e9.jpg
Asus  Laptop ( X555LA-XX172D), https://s3n.cashify.in/cashify/product/img/xhdpi/598addac433e9.jpg
Asus S400CA-CA028H, https://s3n.cashify.in/cashify/product/img/xhdpi/Asus_S_Series.jpg
ASUS X200MA Notebook, https://s3n.cashify.in/cashify/product/img/xhdpi/598addac433e9.jpg
Asus S301LA-C1079H, https://s3n.cashify.in/cashify/product/img/xhdpi/Asus_S_Series.jpg
Asus CN135H-G56JR, https://s3n.cashify.in/cashify/product/img/xhdpi/598addac433e9.jpg
Asus X55U-SX048D, https://s3n.cashify.in/cashify/product/img/xhdpi/598addac433e9.jpg
Asus UX302LG-C4022P, https://s3n.cashify.in/cashify/product/img/xhdpi/598addac433e9.jpg
Asus K55ASX 464D, https://s3n.cashify.in/cashify/product/img/xhdpi/K_Series.jpg
ASUS F201E-KX233H, https://s3n.cashify.in/cashify/product/img/xhdpi/Asus_F_Series.jpeg
Asus X200CA-KX003H, https://s3n.cashify.in/cashify/product/img/xhdpi/598addac433e9.jpg
ASUS Elite S56CA-XX030H, https://s3n.cashify.in/cashify/product/img/xhdpi/Asus_Elite_Series.jpg
Asus X551MA-SX101D, https://s3n.cashify.in/cashify/product/img/xhdpi/598addac433e9.jpg
ASUS F202E-CT148H Vivobook, https://s3n.cashify.in/cashify/product/img/xhdpi/Asus_F_Series.jpeg
Asus X450CA-WX137D, https://s3n.cashify.in/cashify/product/img/xhdpi/598addac433e9.jpg
Asus K55VM-SX086D, https://www.cashify.in/static/b.png
ASUS F201E-KX261H, https://www.cashify.in/static/b.png
Asus VivoBook F202E, https://www.cashify.in/static/b.png
Asus X550CA-X0347D, https://s3n.cashify.in/cashify/product/img/xhdpi/598addac433e9.jpg
Asus X200MA-KX140D, https://s3n.cashify.in/cashify/product/img/xhdpi/598addac433e9.jpg
Asus X550ca-XO096H, https://s3n.cashify.in/cashify/product/img/xhdpi/598addac433e9.jpg
Asus X550CA-XX545D, https://s3n.cashify.in/cashify/product/img/xhdpi/598addac433e9.jpg
Asus X451CA-VX032D, https://s3n.cashify.in/cashify/product/img/xhdpi/598addac433e9.jpg
ASUS X550CA-X0702D, https://s3n.cashify.in/cashify/product/img/xhdpi/598addac433e9.jpg
Asus X550CA-X0259D, https://s3n.cashify.in/cashify/product/img/xhdpi/598addac433e9.jpg
Asus TAICHI31-CX018P Notebook, https://s3n.cashify.in/cashify/product/img/xhdpi/598addac433e9.jpg
Asus X550LD-XX064D, https://s3n.cashify.in/cashify/product/img/xhdpi/598addac433e9.jpg
Asus X551CA-SX075D, https://s3n.cashify.in/cashify/product/img/xhdpi/598addac433e9.jpg
Asus X201E-KX042D, https://s3n.cashify.in/cashify/product/img/xhdpi/87fbe27f-4891.jpg
Asus X550LC-XX119H, https://s3n.cashify.in/cashify/product/img/xhdpi/598addac433e9.jpg
ASUS X540LA Notebook, https://s3n.cashify.in/cashify/product/img/xhdpi/598adc12499df.jpg
ASUS R558UQ DM540D Notebook, https://s3n.cashify.in/cashify/product/img/xhdpi/5984107b86ec9.jpg
ASUS Zenbook Series UX330UAFB089T Notebook, https://s3n.cashify.in/cashify/product/img/xhdpi/598ae2a102f17.jpg
ASUS A555LAXX1560T Notebook, https://s3n.cashify.in/cashify/product/img/xhdpi/598409fbcf213.jpg
ASUS R Series R558UQDM701D Notebook, https://s3n.cashify.in/cashify/product/img/xhdpi/59840f9b572ed.jpg
ASUS K53SJ-SX234R Laptop, https://s3n.cashify.in/cashify/product/img/xhdpi/59840dc805ea1.jpg
ASUS UX310UQ-GL477TUX310 Zenbook, https://s3n.cashify.in/cashify/product/img/xhdpi/59841524b1c50.jpg
ASUS X551CA-SX043D Notebook, https://s3n.cashify.in/cashify/product/img/xhdpi/598ade00da450.jpg
ASUS UX390UA-GS045T Ultrabook, https://s3n.cashify.in/cashify/product/img/xhdpi/5984167a6cb1f.jpg
Asus X Series X550CA, https://s3n.cashify.in/cashify/product/img/xhdpi/5742f955329e7.jpg
Asus Eeebook E502MA, https://s3n.cashify.in/cashify/product/img/xhdpi/5742f7a60d6f5.jpg
Asus A555LA-XX2384D, https://s3n.cashify.in/cashify/product/img/xhdpi/5742f44b1aa45.jpg
Asus A Series A553MA XX648D (PQC..., https://s3n.cashify.in/cashify/product/img/xhdpi/5742a92dca224.jpg
ASUS A555L - 15 Notebook, https://s3n.cashify.in/cashify/product/img/xhdpi/a8859f1e-b92d.jpg
Asus X Series Notebook X555ID-XX026D), https://s3n.cashify.in/cashify/product/img/xhdpi/598addac433e9.jpg
ASUS F201E-KX262H, https://s3n.cashify.in/cashify/product/img/xhdpi/Asus_F_Series.jpeg
Asus X552WA-BING Notebook, https://s3n.cashify.in/cashify/product/img/xhdpi/598addac433e9.jpg
Asus ROG G751JM Notebook G751JM-T7066P), https://s3n.cashify.in/cashify/product/img/xhdpi/598addac433e9.jpg
Asus Zenbook Prime UX32VD-R4010H, https://s3n.cashify.in/cashify/product/img/xhdpi/598addac433e9.jpg
Asus F200MA-KX235H, https://s3n.cashify.in/cashify/product/img/xhdpi/Asus_F_Series.jpeg
Asus X555LA-XX688D, https://s3n.cashify.in/cashify/product/img/xhdpi/598addac433e9.jpg
Asus (F451CA-VX153D), https://s3n.cashify.in/cashify/product/img/xhdpi/598addac433e9.jpg
Asus X55C-SX078D, https://s3n.cashify.in/cashify/product/img/xhdpi/598addac433e9.jpg
Asus G750JM-T4018P, https://s3n.cashify.in/cashify/product/img/xhdpi/598addac433e9.jpg
Asus X550LD-XX191H, https://s3n.cashify.in/cashify/product/img/xhdpi/598addac433e9.jpg
Asus X555LA Laptop (X555LA-XX252D), https://s3n.cashify.in/cashify/product/img/xhdpi/598addac433e9.jpg
Asus P45VA-VO019D, https://s3n.cashify.in/cashify/product/img/xhdpi/598addac433e9.jpg
Asus X200MA-KX495B, https://s3n.cashify.in/cashify/product/img/xhdpi/598addac433e9.jpg
ASUS K55VJ-SX120D, https://s3n.cashify.in/cashify/product/img/xhdpi/K_Series.jpg
ASUS X55C-SX161D, https://s3n.cashify.in/cashify/product/img/xhdpi/598addac433e9.jpg
ASUS X201E-KX179D, https://s3n.cashify.in/cashify/product/img/xhdpi/87fbe27f-4891.jpg
Asus X Series Notebook X550Ca-Xx545D, https://s3n.cashify.in/cashify/product/img/xhdpi/598addac433e9.jpg
Asus X Series Notebook M3250U, https://s3n.cashify.in/cashify/product/img/xhdpi/598addac433e9.jpg
Asus F550CC-CJ671HTS, https://s3n.cashify.in/cashify/product/img/xhdpi/Asus_F_Series.jpeg
ASUS F201E-KX177H, https://s3n.cashify.in/cashify/product/img/xhdpi/Asus_F_Series.jpeg
Asus X200MA-KX141D, https://s3n.cashify.in/cashify/product/img/xhdpi/598addac433e9.jpg
Asus X200MA-KX234D, https://s3n.cashify.in/cashify/product/img/xhdpi/598addac433e9.jpg
Asus X550CC-XX072D, https://s3n.cashify.in/cashify/product/img/xhdpi/598addac433e9.jpg
Asus F550CC-CJ979H, https://s3n.cashify.in/cashify/product/img/xhdpi/Asus_F_Series.jpeg
Asus Vivobook (F200CA-CT192H) Nootbook, https://s3n.cashify.in/cashify/product/img/xhdpi/Vivobook_Series.jpg
Asus X552EA-SX009D, https://s3n.cashify.in/cashify/product/img/xhdpi/598addac433e9.jpg
Asus X552EA-SX006D, https://s3n.cashify.in/cashify/product/img/xhdpi/598addac433e9.jpg
Asus X550LC-XX015H, https://s3n.cashify.in/cashify/product/img/xhdpi/598addac433e9.jpg
Asus X550CC-XX922D, https://s3n.cashify.in/cashify/product/img/xhdpi/598addac433e9.jpg
Asus N55SL S1050V, https://s3n.cashify.in/cashify/product/img/xhdpi/598addac433e9.jpg
ASUS X550CC-X0029D, https://s3n.cashify.in/cashify/product/img/xhdpi/598addac433e9.jpg
Asus X551CA-SX014H, https://s3n.cashify.in/cashify/product/img/xhdpi/598addac433e9.jpg
Asus X550CC-X0112H, https://s3n.cashify.in/cashify/product/img/xhdpi/598addac433e9.jpg
Asus F200CA-KX064H, https://s3n.cashify.in/cashify/product/img/xhdpi/Asus_F_Series.jpeg
Asus X550LD-XX082D, https://s3n.cashify.in/cashify/product/img/xhdpi/598addac433e9.jpg
Asus X552CL-SX019D, https://s3n.cashify.in/cashify/product/img/xhdpi/598addac433e9.jpg
Asus S300CA-C1048H, https://s3n.cashify.in/cashify/product/img/xhdpi/Asus_S_Series.jpg
Asus X507UA-EJ216T, https://s3n.cashify.in/cashify/product/img/xhdpi/4a86346c-40c2.jpg
Asus E402MA Bing WX 0136B, https://s3n.cashify.in/cashify/product/img/xhdpi/4a565df5-8bd9.jpg
Asus F560UD-BQ237T, https://s3n.cashify.in/cashify/product/img/xhdpi/6d5aab05-95ba.jpg
ASUS X540LAXX596D Notebook, https://s3n.cashify.in/cashify/product/img/xhdpi/598add0f9e843.jpg
ASUS P53ESO059D, https://s3n.cashify.in/cashify/product/img/xhdpi/59840ea4b4958.jpg
ASUS X552CLSX019D Notebook, https://s3n.cashify.in/cashify/product/img/xhdpi/598ade661e303.jpg
ASUS A555LFXX149T Notebook, https://s3n.cashify.in/cashify/product/img/xhdpi/59840a8a36a0a.jpg
ASUS A555LF-XX211D Notebook, https://s3n.cashify.in/cashify/product/img/xhdpi/59840ad77e74e.jpg
ASUS R558UQ-DM539D Notebook, https://s3n.cashify.in/cashify/product/img/xhdpi/5984110c15d70.jpg
Asus A Series A555LA XX2064D, https://s3n.cashify.in/cashify/product/img/xhdpi/5742fcf5698b4.jpg
Asus X Series X553MA (Celeron Qu..., https://s3n.cashify.in/cashify/product/img/xhdpi/5742fb8456213.jpg
Asus A555LA XX1560D, https://s3n.cashify.in/cashify/product/img/xhdpi/5742fa94a054d.jpg
Asus X Series X555LA, https://s3n.cashify.in/cashify/product/img/xhdpi/5742f85f9d93d.jpg
Asus X Series X554LD, https://s3n.cashify.in/cashify/product/img/xhdpi/5742f52c35ef0.jpg
Asus A Series A555LA (i3 4th Gen..., https://s3n.cashify.in/cashify/product/img/xhdpi/5742f26f764d6.jpg
Asus Zenbook UX305LA, https://s3n.cashify.in/cashify/product/img/xhdpi/5742ed987e1ed.jpg
Asus A Series A555LF (i3/4GB/1TB..., https://s3n.cashify.in/cashify/product/img/xhdpi/5742aad3a9dd9.jpg
Asus TX300CA-C4032P, https://s3n.cashify.in/cashify/product/img/xhdpi/598addac433e9.jpg
Asus Asus X Series X555LD-XX55D, https://s3n.cashify.in/cashify/product/img/xhdpi/598addac433e9.jpg
Asus G551JX-DM036H, https://s3n.cashify.in/cashify/product/img/xhdpi/598addac433e9.jpg
Asus X53U-SX181D, https://s3n.cashify.in/cashify/product/img/xhdpi/598addac433e9.jpg
ASUS A54C-SXO446R, https://s3n.cashify.in/cashify/product/img/xhdpi/598addac433e9.jpg
Asus Vivobook S550CB-CJ123H, https://s3n.cashify.in/cashify/product/img/xhdpi/Vivobook_Series.jpg
Asus Vivobook S550CM-CJ054H, https://s3n.cashify.in/cashify/product/img/xhdpi/Vivobook_Series.jpg
Asus X200MA-KX237D, https://s3n.cashify.in/cashify/product/img/xhdpi/598addac433e9.jpg
Asus X550CA-XX760D, https://s3n.cashify.in/cashify/product/img/xhdpi/598addac433e9.jpg
Asus K55VD-SX313R, https://s3n.cashify.in/cashify/product/img/xhdpi/K_Series.jpg
Asus 1015E-CY052D, https://s3n.cashify.in/cashify/product/img/xhdpi/598addac433e9.jpg
Asus Versatile Notebook-X551CA-SX014H, https://s3n.cashify.in/cashify/product/img/xhdpi/598addac433e9.jpg
Asus X200MA-KX238D, https://s3n.cashify.in/cashify/product/img/xhdpi/598addac433e9.jpg
Asus Asus X553ma Xx514D, https://s3n.cashify.in/cashify/product/img/xhdpi/598addac433e9.jpg
Asus F200MA-KX223H, https://s3n.cashify.in/cashify/product/img/xhdpi/Asus_F_Series.jpeg
ASUS X201E-KX259D, https://s3n.cashify.in/cashify/product/img/xhdpi/87fbe27f-4891.jpg
Asus X550CA Series (X550CA-XX703D), https://s3n.cashify.in/cashify/product/img/xhdpi/598addac433e9.jpg
Asus F 450 Series Nootbook, https://s3n.cashify.in/cashify/product/img/xhdpi/Asus_F_Series.jpeg
Asus X553MA-XX516D, https://s3n.cashify.in/cashify/product/img/xhdpi/598addac433e9.jpg
Asus X55C-SX026D, https://s3n.cashify.in/cashify/product/img/xhdpi/598addac433e9.jpg
Asus X54C-SX425D, https://s3n.cashify.in/cashify/product/img/xhdpi/598addac433e9.jpg
Asus X550LDV-XX623D nootbook, https://s3n.cashify.in/cashify/product/img/xhdpi/598addac433e9.jpg
Asus X552EA-XX212D, https://s3n.cashify.in/cashify/product/img/xhdpi/598addac433e9.jpg
Asus X550LAV-XX772D, https://s3n.cashify.in/cashify/product/img/xhdpi/598addac433e9.jpg
Asus F550CC-CJ671H Touchscreen, https://s3n.cashify.in/cashify/product/img/xhdpi/Asus_F_Series.jpeg
Asus F201-KX034H, https://s3n.cashify.in/cashify/product/img/xhdpi/Asus_F_Series.jpeg
Asus F200MA-KX131H, https://s3n.cashify.in/cashify/product/img/xhdpi/Asus_F_Series.jpeg
Asus F200CA-KX069H, https://s3n.cashify.in/cashify/product/img/xhdpi/Asus_F_Series.jpeg
Asus VivoBook S200E-CT162H, https://s3n.cashify.in/cashify/product/img/xhdpi/Vivobook_Series.jpg
Asus X550CC-XX876H, https://s3n.cashify.in/cashify/product/img/xhdpi/598addac433e9.jpg
ASUS F201E-KX192H, https://s3n.cashify.in/cashify/product/img/xhdpi/Asus_F_Series.jpeg
ASUS X551CA-SX043D, https://s3n.cashify.in/cashify/product/img/xhdpi/598addac433e9.jpg
Asus X550CA-XX703D, https://s3n.cashify.in/cashify/product/img/xhdpi/598addac433e9.jpg
Asus K55VD-SX313D, https://s3n.cashify.in/cashify/product/img/xhdpi/K_Series.jpg
ASUS X Notebook (X552CLSX019H), https://s3n.cashify.in/cashify/product/img/xhdpi/02bd20a3-ba94.jpg
ASUS F200MAKX131H Notebook, https://s3n.cashify.in/cashify/product/img/xhdpi/59840b42b3143.jpeg
ASUS X540LAXX439D Notebook, https://s3n.cashify.in/cashify/product/img/xhdpi/598adcb68c0ce.jpg
ASUS R558UQ  DM513D Notebook, https://s3n.cashify.in/cashify/product/img/xhdpi/59840ff694d45.jpg
Asus Transformer Flip TP300LD, https://s3n.cashify.in/cashify/product/img/xhdpi/5742fd7ac0605.jpg
Asus ROG GL552JX (Core i7 4th Ge..., https://s3n.cashify.in/cashify/product/img/xhdpi/5742fc7c84321.jpg
Asus X Series X200LA, https://s3n.cashify.in/cashify/product/img/xhdpi/5742fa0b33699.jpg
Asus X Series X553MA, https://s3n.cashify.in/cashify/product/img/xhdpi/5742f9a84b8a7.jpg
Asus A555LA XX2064T, https://s3n.cashify.in/cashify/product/img/xhdpi/5742f328322fb.jpg
Asus X Series X555LA (Core i5 4t..., https://s3n.cashify.in/cashify/product/img/xhdpi/5742ecff825b7.jpg
Asus Zenbook UX305FA, https://s3n.cashify.in/cashify/product/img/xhdpi/598addac433e9.jpg
Asus X552LDV-SX1052H, https://s3n.cashify.in/cashify/product/img/xhdpi/598addac433e9.jpg
Asus X553MA-XX515D, https://s3n.cashify.in/cashify/product/img/xhdpi/598addac433e9.jpg
Asus X553MA-KX288B, https://s3n.cashify.in/cashify/product/img/xhdpi/598addac433e9.jpg
Asus X550CC-CJ650H, https://s3n.cashify.in/cashify/product/img/xhdpi/598addac433e9.jpg
Asus K55VM-SX120V, https://s3n.cashify.in/cashify/product/img/xhdpi/K_Series.jpg
Asus X Series Notebook X550LAV-XX771D), https://s3n.cashify.in/cashify/product/img/xhdpi/598addac433e9.jpg
Asus F501A-XX187R, https://s3n.cashify.in/cashify/product/img/xhdpi/Asus_F_Series.jpeg
ASUS Elite S56CM-X0177H, https://s3n.cashify.in/cashify/product/img/xhdpi/Asus_Elite_Series.jpg
Asus F451CA-VX171D, https://s3n.cashify.in/cashify/product/img/xhdpi/Asus_F_Series.jpeg
Asus S56CA-XX030R Ultrabook, https://s3n.cashify.in/cashify/product/img/xhdpi/Asus_S_Series.jpg
Asus X553MA-XX064D, https://s3n.cashify.in/cashify/product/img/xhdpi/598addac433e9.jpg
Asus X550JK Laptop(X550JK-Dm132H), https://s3n.cashify.in/cashify/product/img/xhdpi/598addac433e9.jpg
Asus S550CB-CJ095H, https://s3n.cashify.in/cashify/product/img/xhdpi/Asus_S_Series.jpg
ASUS X501A-XX517D, https://s3n.cashify.in/cashify/product/img/xhdpi/598addac433e9.jpg
Asus X53U-SX358D, https://s3n.cashify.in/cashify/product/img/xhdpi/598addac433e9.jpg
Asus TAICHI31-CX018P, https://s3n.cashify.in/cashify/product/img/xhdpi/598addac433e9.jpg
Asus X200MA-KX233D, https://s3n.cashify.in/cashify/product/img/xhdpi/598addac433e9.jpg
Asus X553MA-XX513D, https://s3n.cashify.in/cashify/product/img/xhdpi/598addac433e9.jpg
Asus Vivobook F200LA-CT013H, https://s3n.cashify.in/cashify/product/img/xhdpi/Vivobook_Series.jpg
ASUS X55U-SX111D, https://s3n.cashify.in/cashify/product/img/xhdpi/598addac433e9.jpg
ASUS F201E-KX176H, https://s3n.cashify.in/cashify/product/img/xhdpi/Asus_F_Series.jpeg
Asus X553MA-XX063D notebook, https://s3n.cashify.in/cashify/product/img/xhdpi/598addac433e9.jpg
Asus X555LA-XX172D, https://s3n.cashify.in/cashify/product/img/xhdpi/598addac433e9.jpg
Asus X553MA-XX288B, https://s3n.cashify.in/cashify/product/img/xhdpi/598addac433e9.jpg
Asus K55VD-SX314R, https://s3n.cashify.in/cashify/product/img/xhdpi/K_Series.jpg
Asus X102BA-DF039H, https://s3n.cashify.in/cashify/product/img/xhdpi/598addac433e9.jpg
Asus Laptop (X200LA-KX034D), https://s3n.cashify.in/cashify/product/img/xhdpi/598addac433e9.jpg
Asus X550LC-XX160D, https://s3n.cashify.in/cashify/product/img/xhdpi/598addac433e9.jpg
Asus F200CA-KX071H, https://s3n.cashify.in/cashify/product/img/xhdpi/Asus_F_Series.jpeg
ASUS X550CA-XX258D, https://s3n.cashify.in/cashify/product/img/xhdpi/598addac433e9.jpg
ASUS X200CA-KX072D, https://s3n.cashify.in/cashify/product/img/xhdpi/598addac433e9.jpg
Asus X200CA-KX219D, https://s3n.cashify.in/cashify/product/img/xhdpi/598addac433e9.jpg
Asus 1015E-CY041D Netbook, https://s3n.cashify.in/cashify/product/img/xhdpi/598addac433e9.jpg
ASUS Elite S56CA-XX056H, https://s3n.cashify.in/cashify/product/img/xhdpi/Asus_Elite_Series.jpg
Asus X54C-SX454D, https://s3n.cashify.in/cashify/product/img/xhdpi/598addac433e9.jpg
Asus X550-LC-X0039D, https://s3n.cashify.in/cashify/product/img/xhdpi/598addac433e9.jpg
Asus S400ca-Ca165h, https://s3n.cashify.in/cashify/product/img/xhdpi/Asus_S_Series.jpg
Asus X550CA-XX348D, https://s3n.cashify.in/cashify/product/img/xhdpi/598addac433e9.jpg
Asus T100TA-DK002H Touchscreen, https://s3n.cashify.in/cashify/product/img/xhdpi/598addac433e9.jpg
Asus S200E-CT331H, https://s3n.cashify.in/cashify/product/img/xhdpi/Asus_S_Series.jpg
Asus R558UF-XO044D, https://s3n.cashify.in/cashify/product/img/xhdpi/40ab1d7a-5828.jpg
