models,images
Studio 1557 (Core i7), https://s3n.cashify.in/cashify/product/img/xhdpi/Studio.jpg
Studio 1435| 1440, https://s3n.cashify.in/cashify/product/img/xhdpi/Studio.jpg
Precision M6600 Core i5, https://s3n.cashify.in/cashify/product/img/xhdpi/Precision.jpg
Precision M6300, https://s3n.cashify.in/cashify/product/img/xhdpi/Precision.jpg
Precision M4400 (Core 2 Duo), https://s3n.cashify.in/cashify/product/img/xhdpi/Precision.jpg
Latitude E6410 Core i3, https://s3n.cashify.in/cashify/product/img/xhdpi/Lattitude.jpg
Latitude XT2, https://s3n.cashify.in/cashify/product/img/xhdpi/Lattitude.jpg
Latitude E6400| E6500, https://s3n.cashify.in/cashify/product/img/xhdpi/Lattitude.jpg
Latitude D620 Core 2 Duo, https://s3n.cashify.in/cashify/product/img/xhdpi/Lattitude.jpg
Inspiron 3527, https://s3n.cashify.in/cashify/product/img/xhdpi/Inspiron.jpg
Inspiron 1318 Dual Core, https://s3n.cashify.in/cashify/product/img/xhdpi/Inspiron.jpg
Dell Inspiron 5521 Core i7, https://s3n.cashify.in/cashify/product/img/xhdpi/Inspiron.jpg
Inspiron N4010| 4020| 4030 Core i7, https://s3n.cashify.in/cashify/product/img/xhdpi/Inspiron.jpg
DELL Inspiron 3543 Notebook, https://s3n.cashify.in/cashify/product/img/xhdpi/e1b75215-a75c.jpg
DELL Inspiron 3521 Laptop, https://s3n.cashify.in/cashify/product/img/xhdpi/e1b75215-a75c.jpg
DELL Inspiron 5578 Notebok, https://s3n.cashify.in/cashify/product/img/xhdpi/e1b75215-a75c.jpg
DELL Inspiron 15 352134500iBU1 Laptop, https://s3n.cashify.in/cashify/product/img/xhdpi/e1b75215-a75c.jpg
DELL Inspiron 14 3421, https://s3n.cashify.in/cashify/product/img/xhdpi/598ae9338e0b2.jpg
DELL Inspiron 3567 Notebook, https://s3n.cashify.in/cashify/product/img/xhdpi/e1b75215-a75c.jpg
DELL Inspiron 7359 Notebook, https://s3n.cashify.in/cashify/product/img/xhdpi/e1b75215-a75c.jpg
DELL Inspiron 3148 Notebook, https://s3n.cashify.in/cashify/product/img/xhdpi/e1b75215-a75c.jpg
DELL 3542 Notebook, https://s3n.cashify.in/cashify/product/img/xhdpi/598ae55e3cdd4.jpg
DELL Inspiron 3467 Notebook, https://s3n.cashify.in/cashify/product/img/xhdpi/e1b75215-a75c.jpg
Dell Vostro 3558 (X510340IN9), https://s3n.cashify.in/cashify/product/img/xhdpi/574548fc5189c.jpg
Dell Inspiron 5559 (Y566513HIN9), https://s3n.cashify.in/cashify/product/img/xhdpi/5745468813642.jpg
Dell Inspiron 3541 (DLNI0059), https://s3n.cashify.in/cashify/product/img/xhdpi/57454622cbc8c.jpg
Dell Latitude 3550, https://s3n.cashify.in/cashify/product/img/xhdpi/574543b1512ec.jpg
Dell Inspiron 15 3543 (X560327IN9), https://s3n.cashify.in/cashify/product/img/xhdpi/574542a1cacde.jpg
Dell Inspiron 15 7548, https://s3n.cashify.in/cashify/product/img/xhdpi/5745423030752.jpg
Dell Inspiron 5555, https://s3n.cashify.in/cashify/product/img/xhdpi/57453e60bc891.jpg
Dell Latitude 14 3450, https://s3n.cashify.in/cashify/product/img/xhdpi/57453755f1e9e.jpg
Dell Vostro 3350, https://s3n.cashify.in/cashify/product/img/xhdpi/afe003d4-8cae.jpg
dell 3000 Notebook 3442, https://s3n.cashify.in/cashify/product/img/xhdpi/Notebook.jpg
Dell Inspiron N5520 (3210M7670M), https://s3n.cashify.in/cashify/product/img/xhdpi/Inspiron.jpg
Dell Inspiron 14 3443 (X560272IN9), https://s3n.cashify.in/cashify/product/img/xhdpi/Inspiron.jpg
Dell Inspiron Notebook 3521S, https://s3n.cashify.in/cashify/product/img/xhdpi/Inspiron.jpg
Dell Inspiron 15 (W560310IN9), https://s3n.cashify.in/cashify/product/img/xhdpi/Inspiron.jpg
Dell Alienware 14 (W560901IN9) 4700MQ, https://s3n.cashify.in/cashify/product/img/xhdpi/Alienware.jpeg
Dell Inspiron N5420 (3210M7660M), https://s3n.cashify.in/cashify/product/img/xhdpi/Inspiron.jpg
Dell Vostro 3560 3210M, https://s3n.cashify.in/cashify/product/img/xhdpi/Vostro.jpg
Dell Inspiron 15R 2310, https://s3n.cashify.in/cashify/product/img/xhdpi/Inspiron.jpg
Dell Inspiron 14R, https://s3n.cashify.in/cashify/product/img/xhdpi/Inspiron.jpg
Dell Inspiron 5000, https://s3n.cashify.in/cashify/product/img/xhdpi/Inspiron.jpg
DELL Vostro 1540, https://s3n.cashify.in/cashify/product/img/xhdpi/Vostro.jpg
Dell Inspiron 3543, https://s3n.cashify.in/cashify/product/img/xhdpi/Inspiron.jpg
Dell Vostro 2520 3110M, https://s3n.cashify.in/cashify/product/img/xhdpi/Vostro.jpg
Dell Inspirion 15 Nootbook 15-3542), https://s3n.cashify.in/cashify/product/img/xhdpi/e1b75215-a75c.jpg
Dell XPS 13, https://s3n.cashify.in/cashify/product/img/xhdpi/XPS_Series.jpg
Dell New Inspiron 15R, https://s3n.cashify.in/cashify/product/img/xhdpi/Inspiron.jpg
Dell 3549 vostro Nootbook, https://s3n.cashify.in/cashify/product/img/xhdpi/Vostro.jpg
Dell Inspiron 15R S 3632QM, https://s3n.cashify.in/cashify/product/img/xhdpi/Inspiron.jpg
Dell Inspiron N5520 3210M, https://s3n.cashify.in/cashify/product/img/xhdpi/Inspiron.jpg
Dell Inspiron 5547 (5547345002S), https://s3n.cashify.in/cashify/product/img/xhdpi/Inspiron.jpg
Dell Inspiron 13 7348, https://s3n.cashify.in/cashify/product/img/xhdpi/Inspiron.jpg
Dell Vostro 15 3549, https://s3n.cashify.in/cashify/product/img/xhdpi/Vostro.jpg
Dell Vostro 3550, https://s3n.cashify.in/cashify/product/img/xhdpi/Vostro.jpg
Dell Inspiron N3420, https://s3n.cashify.in/cashify/product/img/xhdpi/Inspiron.jpg
Dell Inspiron 15R 5521 3337, https://s3n.cashify.in/cashify/product/img/xhdpi/Inspiron.jpg
Dell Vostro 1450, https://s3n.cashify.in/cashify/product/img/xhdpi/Vostro.jpg
Dell Inspiron N3437, https://s3n.cashify.in/cashify/product/img/xhdpi/Inspiron.jpg
Dell Inspiron 15R 5537, https://s3n.cashify.in/cashify/product/img/xhdpi/Inspiron.jpg
Dell Inspiron 14 3442 (5548581TB2S), https://s3n.cashify.in/cashify/product/img/xhdpi/Inspiron.jpg
Dell Latitude 3540 (3543541TB2BT), https://s3n.cashify.in/cashify/product/img/xhdpi/Lattitude.jpg
Dell Inspiron 15 3543 (X560339IN9), https://s3n.cashify.in/cashify/product/img/xhdpi/Inspiron.jpg
Dell Inspiron N3137, https://s3n.cashify.in/cashify/product/img/xhdpi/Inspiron.jpg
Dell Inspiron 15 3541 (DLNI0060), https://s3n.cashify.in/cashify/product/img/xhdpi/Inspiron.jpg
Dell Inspiron 15 3543, https://s3n.cashify.in/cashify/product/img/xhdpi/Inspiron.jpg
Dell Inspiron 15 3520, https://s3n.cashify.in/cashify/product/img/xhdpi/Inspiron.jpg
Dell Vostro 3560, https://s3n.cashify.in/cashify/product/img/xhdpi/Vostro.jpg
Dell Inspiron 15, https://s3n.cashify.in/cashify/product/img/xhdpi/Inspiron.jpg
Dell Vostro 15 3546, https://s3n.cashify.in/cashify/product/img/xhdpi/Vostro.jpg
Dell Latitude E5450, https://s3n.cashify.in/cashify/product/img/xhdpi/4de3efc8-f521.jpg
Dell Inspiron 35 3742, https://s3n.cashify.in/cashify/product/img/xhdpi/Inspiron.jpg
Dell Inspiron 11 3137, https://s3n.cashify.in/cashify/product/img/xhdpi/Inspiron.jpg
Dell Inspiron 15R, https://s3n.cashify.in/cashify/product/img/xhdpi/Inspiron.jpg
Dell Inspiron 17RN, https://s3n.cashify.in/cashify/product/img/xhdpi/Inspiron.jpg
Dell Inspiron 15z, https://s3n.cashify.in/cashify/product/img/xhdpi/Inspiron.jpg
Dell Inspiron  4010U, https://s3n.cashify.in/cashify/product/img/xhdpi/Inspiron.jpg
Dell Latitude 3540, https://s3n.cashify.in/cashify/product/img/xhdpi/Lattitude.jpg
Dell Inspiron 15R 5521, https://s3n.cashify.in/cashify/product/img/xhdpi/Inspiron.jpg
Dell Inspiron 14R 5, https://s3n.cashify.in/cashify/product/img/xhdpi/Inspiron.jpg
Dell AMD Vostro 344, https://s3n.cashify.in/cashify/product/img/xhdpi/Vostro.jpg
Dell Inspiron 15 35, https://s3n.cashify.in/cashify/product/img/xhdpi/Inspiron.jpg
Dell Inspiron 15 35 3217, https://s3n.cashify.in/cashify/product/img/xhdpi/Inspiron.jpg
Dell Latitude E7250, https://s3n.cashify.in/cashify/product/img/xhdpi/Lattitude.jpg
Dell Inspiron N5523 Core i5, https://s3n.cashify.in/cashify/product/img/xhdpi/Inspiron.jpg
Dell Inspiron N3521 Core i5, https://s3n.cashify.in/cashify/product/img/xhdpi/Inspiron.jpg
Inspiron 1764 Core i5, https://s3n.cashify.in/cashify/product/img/xhdpi/Inspiron.jpg
Inspiron 13R (N3010) Core i5, https://s3n.cashify.in/cashify/product/img/xhdpi/Inspiron.jpg
Inspiron 15z Core i5, https://s3n.cashify.in/cashify/product/img/xhdpi/Inspiron.jpg
Latitude E5400 Core 2 Duo, https://s3n.cashify.in/cashify/product/img/xhdpi/Lattitude.jpg
Inspiron 1570 Core 2 Duo, https://s3n.cashify.in/cashify/product/img/xhdpi/Inspiron.jpg
Inspiron 1420 Core2Duo, https://s3n.cashify.in/cashify/product/img/xhdpi/Inspiron.jpg
Inspiron 1410 Core2Duo, https://s3n.cashify.in/cashify/product/img/xhdpi/Inspiron.jpg
Inspiron N4010 Dual Core, https://s3n.cashify.in/cashify/product/img/xhdpi/Inspiron.jpg
Inspiron 5030| 5040 Dual Core, https://s3n.cashify.in/cashify/product/img/xhdpi/Inspiron.jpg
Inspiron 1720 Core2Duo, https://s3n.cashify.in/cashify/product/img/xhdpi/Inspiron.jpg
Inspiron 15z Core i3, https://s3n.cashify.in/cashify/product/img/xhdpi/Inspiron.jpg
Inspiron 17| 17R (Core i5), https://s3n.cashify.in/cashify/product/img/xhdpi/Inspiron.jpg
Inspiron 14z Ultrabook Core i7, https://s3n.cashify.in/cashify/product/img/xhdpi/Inspiron.jpg
Inspiron 14R Core i3, https://s3n.cashify.in/cashify/product/img/xhdpi/Inspiron.jpg
Inspiron 1370 Dual Core, https://s3n.cashify.in/cashify/product/img/xhdpi/Inspiron.jpg
Inspiron 1370 Core2Duo, https://s3n.cashify.in/cashify/product/img/xhdpi/Inspiron.jpg
XPS 14 L401X (Core i7), https://s3n.cashify.in/cashify/product/img/xhdpi/XPS_Series.jpg
Dell XPS12 Core i5, https://s3n.cashify.in/cashify/product/img/xhdpi/XPS_Series.jpg
dell xps 1640, https://s3n.cashify.in/cashify/product/img/xhdpi/XPS_Series.jpg
XPS M1530, https://s3n.cashify.in/cashify/product/img/xhdpi/XPS_Series.jpg
Vostro 2520, https://s3n.cashify.in/cashify/product/img/xhdpi/Vostro.jpg
Vostro 3500 Core i7, https://s3n.cashify.in/cashify/product/img/xhdpi/Vostro.jpg
Dell Vostro 2420 3rd Gen Core i5, https://s3n.cashify.in/cashify/product/img/xhdpi/Vostro.jpg
Vostro 3400 Core i3, https://s3n.cashify.in/cashify/product/img/xhdpi/Vostro.jpg
Vostro 1520 Core2Duo, https://s3n.cashify.in/cashify/product/img/xhdpi/Vostro.jpg
Vostro 1510 Core2Duo, https://s3n.cashify.in/cashify/product/img/xhdpi/Vostro.jpg
Vostro 1520 Celeron, https://s3n.cashify.in/cashify/product/img/xhdpi/Vostro.jpg
Vostro 1310| 13xx Celeron, https://s3n.cashify.in/cashify/product/img/xhdpi/Vostro.jpg
Studio 1749 Core i3, https://s3n.cashify.in/cashify/product/img/xhdpi/Studio.jpg
Precision M6500 Core i7, https://s3n.cashify.in/cashify/product/img/xhdpi/Precision.jpg
Precision M90, https://s3n.cashify.in/cashify/product/img/xhdpi/Precision.jpg
Precision M2300, https://s3n.cashify.in/cashify/product/img/xhdpi/Precision.jpg
Latitude D630, https://s3n.cashify.in/cashify/product/img/xhdpi/Lattitude.jpg
Latitude E5510 Core i7, https://s3n.cashify.in/cashify/product/img/xhdpi/Lattitude.jpg
Latitude E6510 (Core i5), https://s3n.cashify.in/cashify/product/img/xhdpi/Lattitude.jpg
Latitude D420| D430, https://s3n.cashify.in/cashify/product/img/xhdpi/Lattitude.jpg
Latitude D820| D830 Core2Duo, https://s3n.cashify.in/cashify/product/img/xhdpi/Lattitude.jpg
Latitude E4310, https://s3n.cashify.in/cashify/product/img/xhdpi/Lattitude.jpg
Inspiron 1440 Dual Core, https://s3n.cashify.in/cashify/product/img/xhdpi/Inspiron.jpg
Dell Vostro 15 3568, https://s3n.cashify.in/cashify/product/img/xhdpi/7ee5d5a6-5b48.jpg
Dell Inspiron 15 5558, https://s3n.cashify.in/cashify/product/img/xhdpi/17381a2a-c4ee.jpg
DELL 7548 Notebook, https://s3n.cashify.in/cashify/product/img/xhdpi/598ae888f27f5.jpg
DELL Inspiron 7359 2 in 1 Laptop, https://s3n.cashify.in/cashify/product/img/xhdpi/e1b75215-a75c.jpg
DELL Latitude E5530 Netbook, https://s3n.cashify.in/cashify/product/img/xhdpi/e1b75215-a75c.jpg
DELL 3555 Notebook, https://s3n.cashify.in/cashify/product/img/xhdpi/598ae6a46135e.jpg
DELL V2420 Notebook, https://s3n.cashify.in/cashify/product/img/xhdpi/e1b75215-a75c.jpg
DELL Inspiron 7460 Notebook, https://s3n.cashify.in/cashify/product/img/xhdpi/e1b75215-a75c.jpg
DELL Inspiron 3558 Notebook, https://s3n.cashify.in/cashify/product/img/xhdpi/e1b75215-a75c.jpg
DELL Inspiron 5000 5559 Notebook, https://s3n.cashify.in/cashify/product/img/xhdpi/e1b75215-a75c.jpg
DELL 15 Notebook, https://s3n.cashify.in/cashify/product/img/xhdpi/598ae3aedbc32.jpg
XPS 14 L401X (Core i5), https://s3n.cashify.in/cashify/product/img/xhdpi/XPS_Series.jpg
Dell Inspiron 3542 (X560317IN9), https://s3n.cashify.in/cashify/product/img/xhdpi/5745531d3d4bf.jpg
Dell Inspiron 15 5558 (555834500iB), https://s3n.cashify.in/cashify/product/img/xhdpi/574552c5eac91.jpg
Dell Vostro 15 3558, https://s3n.cashify.in/cashify/product/img/xhdpi/57454b38a8dd5.jpg
Dell XPS 13 (Y560031IN9), https://s3n.cashify.in/cashify/product/img/xhdpi/574549951c7cf.jpg
Dell Inspiron 15 3542 3542P4500iB, https://s3n.cashify.in/cashify/product/img/xhdpi/5745471c4375c.jpg
Dell Inspiron 7359 (Y562501HIN9), https://s3n.cashify.in/cashify/product/img/xhdpi/5745440a28aad.jpg
Dell Inspiron 3541 (X560171IN9) Notebook, https://s3n.cashify.in/cashify/product/img/xhdpi/57453d3eea1a8.jpg
Dell D520, https://www.cashify.in/static/b.png
Dell Inspiron 14 (W560324IN9), https://s3n.cashify.in/cashify/product/img/xhdpi/Inspiron.jpg
Dell Inspiron 14R Nootbook, https://s3n.cashify.in/cashify/product/img/xhdpi/Inspiron.jpg
Dell 3546 Notebook 3546, https://s3n.cashify.in/cashify/product/img/xhdpi/Notebook.jpg
Dell Inspiron 15R 2, https://s3n.cashify.in/cashify/product/img/xhdpi/Inspiron.jpg
Dell Alienware M14x, https://s3n.cashify.in/cashify/product/img/xhdpi/Alienware.jpeg
Dell Inspiron 15 3551, https://s3n.cashify.in/cashify/product/img/xhdpi/Inspiron.jpg
Dell Inspiron 15R 5520 3110M, https://s3n.cashify.in/cashify/product/img/xhdpi/Inspiron.jpg
Dell Inspiron 15R 5521 3537U, https://s3n.cashify.in/cashify/product/img/xhdpi/Inspiron.jpg
Dell Inspiron 14R 5421 3217U, https://s3n.cashify.in/cashify/product/img/xhdpi/Inspiron.jpg
Dell 3546 vostro Nootbook, https://s3n.cashify.in/cashify/product/img/xhdpi/Vostro.jpg
Dell Inspiron 3000 Nootbook 3542, https://s3n.cashify.in/cashify/product/img/xhdpi/Inspiron.jpg
Dell Inspiron 15 3521 3337U, https://s3n.cashify.in/cashify/product/img/xhdpi/Inspiron.jpg
Dell Inspiron 4200U, https://s3n.cashify.in/cashify/product/img/xhdpi/Inspiron.jpg
Dell Inspiron 15 5548 (X560556IN9), https://s3n.cashify.in/cashify/product/img/xhdpi/Inspiron.jpg
Dell Inspiron 15R 2410, https://s3n.cashify.in/cashify/product/img/xhdpi/Inspiron.jpg
Dell 17 Alienware, https://s3n.cashify.in/cashify/product/img/xhdpi/Alienware.jpeg
Dell Inspiron N5050, https://s3n.cashify.in/cashify/product/img/xhdpi/Inspiron.jpg
Dell Inspiron 14 3443 (X560282IN9), https://s3n.cashify.in/cashify/product/img/xhdpi/Inspiron.jpg
Dell Inspiron 15 5548 (5548581TB2S), https://s3n.cashify.in/cashify/product/img/xhdpi/Inspiron.jpg
Dell Inspiron Touch, https://s3n.cashify.in/cashify/product/img/xhdpi/Inspiron.jpg
Dell Inspiron 3521, https://s3n.cashify.in/cashify/product/img/xhdpi/e1b75215-a75c.jpg
Dell Inspiron Notebook 3542, https://s3n.cashify.in/cashify/product/img/xhdpi/Inspiron.jpg
Dell Inspiron 5521, https://s3n.cashify.in/cashify/product/img/xhdpi/Inspiron.jpg
Dell Inspiron 3421, https://s3n.cashify.in/cashify/product/img/xhdpi/Inspiron.jpg
Dell 3500 Notebook, https://s3n.cashify.in/cashify/product/img/xhdpi/Notebook.jpg
Dell Inspiron Notebook 3137, https://s3n.cashify.in/cashify/product/img/xhdpi/Inspiron.jpg
Dell Vostro 3360, https://s3n.cashify.in/cashify/product/img/xhdpi/Vostro.jpg
Dell Alienware 14 (W560904IN9), https://s3n.cashify.in/cashify/product/img/xhdpi/Alienware.jpeg
Dell 17R Turbo, https://s3n.cashify.in/cashify/product/img/xhdpi/e1b75215-a75c.jpg
Dell Inspiron 17R N5720, https://s3n.cashify.in/cashify/product/img/xhdpi/Inspiron.jpg
Dell Inspiron 3551, https://s3n.cashify.in/cashify/product/img/xhdpi/Inspiron.jpg
Dell AMD Vostro 3445, https://s3n.cashify.in/cashify/product/img/xhdpi/Vostro.jpg
Dell Inspiron 14 3442, https://s3n.cashify.in/cashify/product/img/xhdpi/Inspiron.jpg
Dell Inspiron 5050, https://s3n.cashify.in/cashify/product/img/xhdpi/Inspiron.jpg
Dell Inspiron 14z 5423, https://s3n.cashify.in/cashify/product/img/xhdpi/Inspiron.jpg
Dell Vostro 3446, https://s3n.cashify.in/cashify/product/img/xhdpi/Vostro.jpg
Dell Alienware 17 W560905IN9), https://s3n.cashify.in/cashify/product/img/xhdpi/Alienware.jpeg
Dell Inspiron 14 34, https://s3n.cashify.in/cashify/product/img/xhdpi/Inspiron.jpg
Dell Latitude E7450, https://s3n.cashify.in/cashify/product/img/xhdpi/Lattitude.jpg
Inspiron 15r| N5110 Core i5, https://s3n.cashify.in/cashify/product/img/xhdpi/Inspiron.jpg
Inspiron 1464 Core i5, https://s3n.cashify.in/cashify/product/img/xhdpi/Inspiron.jpg
Inspiron N5050 Core i3, https://s3n.cashify.in/cashify/product/img/xhdpi/Inspiron.jpg
Inspiron 1564 Core i3, https://s3n.cashify.in/cashify/product/img/xhdpi/Inspiron.jpg
Inspiron E1405 Dual Core, https://s3n.cashify.in/cashify/product/img/xhdpi/Inspiron.jpg
Inspiron 1320, https://s3n.cashify.in/cashify/product/img/xhdpi/Inspiron.jpg
Inspiron 1520| 1521 (Celeron), https://s3n.cashify.in/cashify/product/img/xhdpi/Inspiron.jpg
Inspiron 1318 Celeron, https://s3n.cashify.in/cashify/product/img/xhdpi/Inspiron.jpg
Inspiron 14 (Core i5), https://s3n.cashify.in/cashify/product/img/xhdpi/Inspiron.jpg
Inspiron 14 (Core i3), https://s3n.cashify.in/cashify/product/img/xhdpi/Inspiron.jpg
Alienware M18x, https://s3n.cashify.in/cashify/product/img/xhdpi/Alienware.jpeg
Alienware M17x, https://s3n.cashify.in/cashify/product/img/xhdpi/Alienware.jpeg
Alienware M15x, https://s3n.cashify.in/cashify/product/img/xhdpi/Alienware.jpeg
XPS 14Z Core i7, https://s3n.cashify.in/cashify/product/img/xhdpi/XPS_Series.jpg
XPS M 1210, https://s3n.cashify.in/cashify/product/img/xhdpi/XPS_Series.jpg
XPS M1330, https://s3n.cashify.in/cashify/product/img/xhdpi/XPS_Series.jpg
Dell Vostro 2520 Core i5, https://s3n.cashify.in/cashify/product/img/xhdpi/Vostro.jpg
Dell Vostro 2420 Core i3, https://s3n.cashify.in/cashify/product/img/xhdpi/Vostro.jpg
Vostro 2510, https://s3n.cashify.in/cashify/product/img/xhdpi/Vostro.jpg
Vostro 1310| 13xx Core2Duo, https://s3n.cashify.in/cashify/product/img/xhdpi/Vostro.jpg
Vostro 1014, https://s3n.cashify.in/cashify/product/img/xhdpi/Vostro.jpg
Vostro 1510 Celeron, https://s3n.cashify.in/cashify/product/img/xhdpi/Vostro.jpg
DELL Inspiron 5421/542154500iS, https://s3n.cashify.in/cashify/product/img/xhdpi/e1b75215-a75c.jpg
DELL Inspiron 3442 Notebook, https://s3n.cashify.in/cashify/product/img/xhdpi/e1b75215-a75c.jpg
DELL 5458 5458i341tbwin10BG Notebook, https://s3n.cashify.in/cashify/product/img/xhdpi/598ae79828dd0.jpg
DELL 3550 Notebook, https://s3n.cashify.in/cashify/product/img/xhdpi/598ae5fa45796.jpg
DELL Inspiron 3537 Laptop, https://s3n.cashify.in/cashify/product/img/xhdpi/e1b75215-a75c.jpg
DELL 3551 Notebook, https://s3n.cashify.in/cashify/product/img/xhdpi/598ae650644f8.jpg
DELL Inspiron 15z 5523 Ultrabook, https://s3n.cashify.in/cashify/product/img/xhdpi/e1b75215-a75c.jpg
DELL Inspiron 5559i581tb4gbw10SM Notebook, https://s3n.cashify.in/cashify/product/img/xhdpi/e1b75215-a75c.jpg
DELL Inspiron 3542 Notebook, https://s3n.cashify.in/cashify/product/img/xhdpi/e1b75215-a75c.jpg
DELL Inspiron 5555 Notebook, https://s3n.cashify.in/cashify/product/img/xhdpi/e1b75215-a75c.jpg
DELL Inspiron 14 3442 Notebook, https://s3n.cashify.in/cashify/product/img/xhdpi/e1b75215-a75c.jpg
DELL Inspiron 15 3521 Laptop, https://s3n.cashify.in/cashify/product/img/xhdpi/598aea1801a6c.jpg
DELL Inspiron 5559 Notebook, https://s3n.cashify.in/cashify/product/img/xhdpi/e1b75215-a75c.jpg
DELL Inspiron 5567 Notebook, https://s3n.cashify.in/cashify/product/img/xhdpi/e1b75215-a75c.jpg
DELL Inspiron 7567 Notebook, https://s3n.cashify.in/cashify/product/img/xhdpi/e1b75215-a75c.jpg
DELL Inspiron 7559 Notebook, https://s3n.cashify.in/cashify/product/img/xhdpi/e1b75215-a75c.jpg
Dell 15R 5559, https://s3n.cashify.in/cashify/product/img/xhdpi/b6de852d-d6af.jpg
Dell Inspiron 5558 (Y566517HIN9), https://s3n.cashify.in/cashify/product/img/xhdpi/5745527649bf3.jpg
Dell Inspiron 15 3543 (Y561928HIN9), https://s3n.cashify.in/cashify/product/img/xhdpi/57454ebbb1c41.jpg
Dell Inspiron 7548 (7548581TB4ST), https://s3n.cashify.in/cashify/product/img/xhdpi/57454c03c2192.jpg
Dell Inspiron 3542 3542341TBiBU Notebook, https://s3n.cashify.in/cashify/product/img/xhdpi/574541526a509.jpg
Dell Vostro 3546, https://s3n.cashify.in/cashify/product/img/xhdpi/a4572847-73f1.jpg
Dell Inspiron 15 5558 Laptop, https://s3n.cashify.in/cashify/product/img/xhdpi/b5ed17e4-7353.jpg
Dell Inspiron 15 3542 3542P4500iBU Notebook, https://s3n.cashify.in/cashify/product/img/xhdpi/574538833a350.jpg
Dell Inspiron 3542 CDC-2957U/4GB, https://s3n.cashify.in/cashify/product/img/xhdpi/5745383a249c5.jpg
Dell Inspiron 3558, https://s3n.cashify.in/cashify/product/img/xhdpi/574537a6f2ecc.jpg
Dell Inspiron 7359, https://s3n.cashify.in/cashify/product/img/xhdpi/574536a3e4d66.jpg
Dell E4310 , https://www.cashify.in/static/b.png
Dell E6320, https://www.cashify.in/static/b.png
Dell 3000 Notebook 3542, https://s3n.cashify.in/cashify/product/img/xhdpi/Notebook.jpg
Dell New Inspiron 17R, https://s3n.cashify.in/cashify/product/img/xhdpi/Inspiron.jpg
Dell 14 Notebook, https://s3n.cashify.in/cashify/product/img/xhdpi/Notebook.jpg
Dell Inspiron 15 Nootbook, https://s3n.cashify.in/cashify/product/img/xhdpi/Inspiron.jpg
Dell Vostro 2420 3110M, https://s3n.cashify.in/cashify/product/img/xhdpi/Vostro.jpg
Dell Inspiron 15z Ultrabook5523 GT630M, https://s3n.cashify.in/cashify/product/img/xhdpi/Inspiron.jpg
Dell Vostro 3560 3630M, https://s3n.cashify.in/cashify/product/img/xhdpi/Vostro.jpg
Dell Vostro 1440, https://s3n.cashify.in/cashify/product/img/xhdpi/Vostro.jpg
Dell Inspiron 14 5448, https://s3n.cashify.in/cashify/product/img/xhdpi/Inspiron.jpg
Dell Latitude E6320, https://s3n.cashify.in/cashify/product/img/xhdpi/Lattitude.jpg
Dell 17R 7737 Touch, https://s3n.cashify.in/cashify/product/img/xhdpi/e1b75215-a75c.jpg
Dell Inspiron 15R 7520, https://s3n.cashify.in/cashify/product/img/xhdpi/Inspiron.jpg
Dell 14 Notebook 3442, https://s3n.cashify.in/cashify/product/img/xhdpi/Notebook.jpg
Dell Inspiron 15R 4010R (W560220IN8), https://s3n.cashify.in/cashify/product/img/xhdpi/Inspiron.jpg
Dell Alienware 17  (W560903IN9), https://s3n.cashify.in/cashify/product/img/xhdpi/Alienware.jpeg
Dell Inspiron 14 3443 (X560281IN9), https://s3n.cashify.in/cashify/product/img/xhdpi/Inspiron.jpg
Dell Vostro Notebook 3546, https://s3n.cashify.in/cashify/product/img/xhdpi/Vostro.jpg
Dell Inspiron 15 3543 (3543541TB2BT), https://s3n.cashify.in/cashify/product/img/xhdpi/Inspiron.jpg
Dell Inspiron 15 3543 (3543581TB2SU), https://s3n.cashify.in/cashify/product/img/xhdpi/Inspiron.jpg
Dell Inspiron 14R 5421, https://s3n.cashify.in/cashify/product/img/xhdpi/Inspiron.jpg
Dell Vostro 3460, https://s3n.cashify.in/cashify/product/img/xhdpi/Vostro.jpg
Dell 15R 5537, https://s3n.cashify.in/cashify/product/img/xhdpi/e1b75215-a75c.jpg
Dell Inspiron 15R 3632QM, https://s3n.cashify.in/cashify/product/img/xhdpi/Inspiron.jpg
Dell Inspiron 15 3543 (3543541TBiSU), https://s3n.cashify.in/cashify/product/img/xhdpi/Inspiron.jpg
Dell 3000 Series Notebook, https://s3n.cashify.in/cashify/product/img/xhdpi/Notebook.jpg
Dell XPS 12 (W562002IN9), https://s3n.cashify.in/cashify/product/img/xhdpi/XPS_Series.jpg
Dell Latitude 3440, https://s3n.cashify.in/cashify/product/img/xhdpi/Lattitude.jpg
Dell Inspiron 14 (W56023IN9), https://s3n.cashify.in/cashify/product/img/xhdpi/Inspiron.jpg
Dell Inspiron 11-3147, https://s3n.cashify.in/cashify/product/img/xhdpi/Inspiron.jpg
Dell Inspiron 15 3521, https://s3n.cashify.in/cashify/product/img/xhdpi/Inspiron.jpg
Dell XPS 12, https://s3n.cashify.in/cashify/product/img/xhdpi/XPS_Series.jpg
Dell Vostro 2420, https://s3n.cashify.in/cashify/product/img/xhdpi/Vostro.jpg
Dell Inspiron 15RN, https://s3n.cashify.in/cashify/product/img/xhdpi/Inspiron.jpg
Dell Inspiron 15 35 2365M, https://s3n.cashify.in/cashify/product/img/xhdpi/Inspiron.jpg
Dell Inspiron 14R W560218IN9), https://s3n.cashify.in/cashify/product/img/xhdpi/Inspiron.jpg
Dell Inspiron 15 35 2957U, https://s3n.cashify.in/cashify/product/img/xhdpi/Inspiron.jpg
Dell Inspiron 3537, https://s3n.cashify.in/cashify/product/img/xhdpi/Inspiron.jpg
Dell Vostro 2520, https://s3n.cashify.in/cashify/product/img/xhdpi/Vostro.jpg
Studio 1737, https://s3n.cashify.in/cashify/product/img/xhdpi/Studio.jpg
Precision M2400, https://s3n.cashify.in/cashify/product/img/xhdpi/Precision.jpg
Latitude E6510 Core i7, https://s3n.cashify.in/cashify/product/img/xhdpi/Lattitude.jpg
Latitude E6420 Core i7, https://s3n.cashify.in/cashify/product/img/xhdpi/Lattitude.jpg
Latitude E6410 Core i5, https://s3n.cashify.in/cashify/product/img/xhdpi/Lattitude.jpg
Latitude E5420 Core i5, https://s3n.cashify.in/cashify/product/img/xhdpi/Lattitude.jpg
Latitude XT, https://s3n.cashify.in/cashify/product/img/xhdpi/Lattitude.jpg
Latitude D630 Core2Duo, https://s3n.cashify.in/cashify/product/img/xhdpi/Lattitude.jpg
Latitude D520| D530, https://s3n.cashify.in/cashify/product/img/xhdpi/Lattitude.jpg
Latitude E5430 Core i7, https://s3n.cashify.in/cashify/product/img/xhdpi/Lattitude.jpg
Inspiron 15 3521, https://s3n.cashify.in/cashify/product/img/xhdpi/Inspiron.jpg
Inspiron 11 3000 Series Touchscreen, https://s3n.cashify.in/cashify/product/img/xhdpi/Inspiron.jpg
Dell Inspiron 15 3521 3nd Gen PDC, https://s3n.cashify.in/cashify/product/img/xhdpi/Inspiron.jpg
Dell New Inspiron 15R SE Core i3 (3rd Gen), https://s3n.cashify.in/cashify/product/img/xhdpi/Inspiron.jpg
Dell Inspiron 15R 5521 Touch, https://s3n.cashify.in/cashify/product/img/xhdpi/Inspiron.jpg
Dell Inspiron 15R 5521 3rd Gen Core i5, https://s3n.cashify.in/cashify/product/img/xhdpi/Inspiron.jpg
Inspiron N5050 Core i5, https://s3n.cashify.in/cashify/product/img/xhdpi/Inspiron.jpg
Inspiron N4010| 4020| 4030 Core i5, https://s3n.cashify.in/cashify/product/img/xhdpi/Inspiron.jpg
Inspiron 1564 Core i5, https://s3n.cashify.in/cashify/product/img/xhdpi/Inspiron.jpg
Dell Inspiron 15 3521 3rd Gen Core i3, https://s3n.cashify.in/cashify/product/img/xhdpi/Inspiron.jpg
Dell Inspiron 5050 Core i3 (2nd Gen), https://s3n.cashify.in/cashify/product/img/xhdpi/Inspiron.jpg
Inspiron 13R (N3010) Core i3, https://s3n.cashify.in/cashify/product/img/xhdpi/Inspiron.jpg
Inspiron N4110 Core i3, https://s3n.cashify.in/cashify/product/img/xhdpi/Inspiron.jpg
Inspiron N4010| 4020| 4030 Core i3, https://s3n.cashify.in/cashify/product/img/xhdpi/Inspiron.jpg
Inspiron E1705 Core 2 Duo, https://s3n.cashify.in/cashify/product/img/xhdpi/Inspiron.jpg
Inspiron E1505 Core 2 Duo, https://s3n.cashify.in/cashify/product/img/xhdpi/Inspiron.jpg
Inspiron E1405 Core 2 Duo, https://s3n.cashify.in/cashify/product/img/xhdpi/Inspiron.jpg
Inspiron 640m, https://s3n.cashify.in/cashify/product/img/xhdpi/Inspiron.jpg
Inspiron 1440 Core2Duo, https://s3n.cashify.in/cashify/product/img/xhdpi/Inspiron.jpg
Inspiron 1427 Core 2 Duo, https://s3n.cashify.in/cashify/product/img/xhdpi/Inspiron.jpg
Inspiron 1520| 1521 Core2Duo, https://s3n.cashify.in/cashify/product/img/xhdpi/Inspiron.jpg
Dell Inspiron N3521 Celeron Dual Core, https://s3n.cashify.in/cashify/product/img/xhdpi/Inspiron.jpg
Inspiron 1721, https://s3n.cashify.in/cashify/product/img/xhdpi/Inspiron.jpg
Inspiron 1521 AMD, https://s3n.cashify.in/cashify/product/img/xhdpi/Inspiron.jpg
Inspiron 1526, https://s3n.cashify.in/cashify/product/img/xhdpi/Inspiron.jpg
Inspiron 1501, https://s3n.cashify.in/cashify/product/img/xhdpi/Inspiron.jpg
Inspiron 1525 Celeron, https://s3n.cashify.in/cashify/product/img/xhdpi/Inspiron.jpg
Inspiron 1318 Core 2 Duo, https://s3n.cashify.in/cashify/product/img/xhdpi/Inspiron.jpg
Inspiron N5050 Celeron, https://s3n.cashify.in/cashify/product/img/xhdpi/Inspiron.jpg
Latitude E5400 Celeron, https://s3n.cashify.in/cashify/product/img/xhdpi/Lattitude.jpg
Inspiron 17| 17R (Core i3), https://s3n.cashify.in/cashify/product/img/xhdpi/Inspiron.jpg
XPS 15z Core i7, https://s3n.cashify.in/cashify/product/img/xhdpi/XPS_Series.jpg
Dell Latitude E7440, https://s3n.cashify.in/cashify/product/img/xhdpi/Lattitude.jpg
Dell Inspiron i5567-5473GRY, https://s3n.cashify.in/cashify/product/img/xhdpi/6154f968-c8d2.jpg
XPS M2010, https://s3n.cashify.in/cashify/product/img/xhdpi/XPS_Series.jpg
Dell Vostro 2520 PDC, https://s3n.cashify.in/cashify/product/img/xhdpi/Vostro.jpg
Vostro 3300 Core i7, https://s3n.cashify.in/cashify/product/img/xhdpi/Vostro.jpg
Vostro 3500 Core i5, https://s3n.cashify.in/cashify/product/img/xhdpi/Vostro.jpg
Vostro 3300 Core i3, https://s3n.cashify.in/cashify/product/img/xhdpi/Vostro.jpg
Vostro 1220 Core 2 Duo, https://s3n.cashify.in/cashify/product/img/xhdpi/Vostro.jpg
Vostro 1500 Core2Duo, https://s3n.cashify.in/cashify/product/img/xhdpi/Vostro.jpg
Vostro A840 Celeron, https://s3n.cashify.in/cashify/product/img/xhdpi/Vostro.jpg
Vostro A840 Dual Core, https://s3n.cashify.in/cashify/product/img/xhdpi/Vostro.jpg
Vostro 1400 Celeron, https://s3n.cashify.in/cashify/product/img/xhdpi/Vostro.jpg
Vostro 1220 Celeron, https://s3n.cashify.in/cashify/product/img/xhdpi/Vostro.jpg
Studio 1749 Core i5, https://s3n.cashify.in/cashify/product/img/xhdpi/Studio.jpg
Studio 1537, https://s3n.cashify.in/cashify/product/img/xhdpi/Studio.jpg
Studio 1536, https://s3n.cashify.in/cashify/product/img/xhdpi/Studio.jpg
Precision M6600 Core i7, https://s3n.cashify.in/cashify/product/img/xhdpi/Precision.jpg
Precision M4300, https://s3n.cashify.in/cashify/product/img/xhdpi/Precision.jpg
Latitude D820| D830 Dual Core, https://s3n.cashify.in/cashify/product/img/xhdpi/Lattitude.jpg
Latitude E6410 Core i7, https://s3n.cashify.in/cashify/product/img/xhdpi/Lattitude.jpg
Latitude E6420 Core i3, https://s3n.cashify.in/cashify/product/img/xhdpi/Lattitude.jpg
Latitude E5500 Core2Duo, https://s3n.cashify.in/cashify/product/img/xhdpi/Lattitude.jpg
Latitude E4200| E4300, https://s3n.cashify.in/cashify/product/img/xhdpi/Lattitude.jpg
Precision M6500 Core i5, https://s3n.cashify.in/cashify/product/img/xhdpi/Precision.jpg
Inspiron 1545| 1546 Dual Core, https://s3n.cashify.in/cashify/product/img/xhdpi/Inspiron.jpg
Inspiron N5050 Dual Core, https://s3n.cashify.in/cashify/product/img/xhdpi/Inspiron.jpg
Inspiron 1420 Dual Core, https://s3n.cashify.in/cashify/product/img/xhdpi/Inspiron.jpg
Inspiron 1410 Dual Core, https://s3n.cashify.in/cashify/product/img/xhdpi/Inspiron.jpg
Inspiron 1720 Dual Core, https://s3n.cashify.in/cashify/product/img/xhdpi/Inspiron.jpg
Dell Inspiron 15 3521 Core i5, https://s3n.cashify.in/cashify/product/img/xhdpi/Inspiron.jpg
Dell New Inspiron 15R 3rd Gen Core i5, https://s3n.cashify.in/cashify/product/img/xhdpi/Inspiron.jpg
Inspiron 14Z Ultrabook Core i5, https://s3n.cashify.in/cashify/product/img/xhdpi/Inspiron.jpg
Dell Inspiron N5521 Core i3, https://s3n.cashify.in/cashify/product/img/xhdpi/Inspiron.jpg
Dell Inspiron N3521 Core i3, https://s3n.cashify.in/cashify/product/img/xhdpi/Inspiron.jpg
Inspiron 15R| N5110 Core i3, https://s3n.cashify.in/cashify/product/img/xhdpi/Inspiron.jpg
Inspiron 11Z, https://s3n.cashify.in/cashify/product/img/xhdpi/Inspiron.jpg
Inspiron E1705 Dual Core, https://s3n.cashify.in/cashify/product/img/xhdpi/Inspiron.jpg
Inspiron 6400 Dual Core, https://s3n.cashify.in/cashify/product/img/xhdpi/Inspiron.jpg
Inspiron 6400 Core 2 Duo, https://s3n.cashify.in/cashify/product/img/xhdpi/Inspiron.jpg
Inspiron 1545| 1546 (Core 2 Duo), https://s3n.cashify.in/cashify/product/img/xhdpi/Inspiron.jpg
Inspiron 1750 Core2Duo, https://s3n.cashify.in/cashify/product/img/xhdpi/Inspiron.jpg
Inspiron 1470| 1570, https://s3n.cashify.in/cashify/product/img/xhdpi/Inspiron.jpg
Inspiron M301Z, https://s3n.cashify.in/cashify/product/img/xhdpi/Inspiron.jpg
Inspiron M101Z, https://s3n.cashify.in/cashify/product/img/xhdpi/Inspiron.jpg
Inspiron 15z Core i7, https://s3n.cashify.in/cashify/product/img/xhdpi/Inspiron.jpg
Inspiron 1464 Core i3, https://s3n.cashify.in/cashify/product/img/xhdpi/Inspiron.jpg
Alienware M14x, https://s3n.cashify.in/cashify/product/img/xhdpi/Alienware.jpeg
Alienware M11x R3, https://s3n.cashify.in/cashify/product/img/xhdpi/Alienware.jpeg
dell adamo 13, https://s3n.cashify.in/cashify/product/img/xhdpi/5785e9ca02b60.jpg
XPS L502x Core i7, https://s3n.cashify.in/cashify/product/img/xhdpi/XPS_Series.jpg
XPS 1645, https://s3n.cashify.in/cashify/product/img/xhdpi/XPS_Series.jpg
XPS L502x Core i5, https://s3n.cashify.in/cashify/product/img/xhdpi/XPS_Series.jpg
Dell Vostro 2420 PDC, https://s3n.cashify.in/cashify/product/img/xhdpi/Vostro.jpg
Vostro 3300 Core i5, https://s3n.cashify.in/cashify/product/img/xhdpi/Vostro.jpg
Vostro 3500 Core i3, https://s3n.cashify.in/cashify/product/img/xhdpi/Vostro.jpg
Vostro A860, https://s3n.cashify.in/cashify/product/img/xhdpi/Vostro.jpg
Vostro 1720, https://s3n.cashify.in/cashify/product/img/xhdpi/Vostro.jpg
Vostro 1700, https://s3n.cashify.in/cashify/product/img/xhdpi/Vostro.jpg
Vostro 1400 Core2Duo, https://s3n.cashify.in/cashify/product/img/xhdpi/Vostro.jpg
DELL 3543 Notebook, https://s3n.cashify.in/cashify/product/img/xhdpi/598ae5ae248aa.jpg
DELL Inspiron 15 Laptop, https://s3n.cashify.in/cashify/product/img/xhdpi/e1b75215-a75c.jpg
DELL Inspiron 14 3443 (X560282IN9) Notebook, https://s3n.cashify.in/cashify/product/img/xhdpi/598ae9c080494.jpg
DELL Inspiron 7560 Notebook, https://s3n.cashify.in/cashify/product/img/xhdpi/e1b75215-a75c.jpg
DELL Inspiron 5578, https://s3n.cashify.in/cashify/product/img/xhdpi/e1b75215-a75c.jpg
DELL 3558 Notebook, https://s3n.cashify.in/cashify/product/img/xhdpi/598ae6f9af8d4.jpg
DELL Inspiron 5548 (Notebook) (5548781TB4ST), https://s3n.cashify.in/cashify/product/img/xhdpi/e1b75215-a75c.jpg
DELL AW13581TB2A Notebook, https://s3n.cashify.in/cashify/product/img/xhdpi/598ae8e2e8fa6.jpg
Dell Inspiron 5559, https://s3n.cashify.in/cashify/product/img/xhdpi/57454aaf32128.jpg
Dell Vostro 15 3558 (V3558I34500U), https://s3n.cashify.in/cashify/product/img/xhdpi/5745445a68d03.jpg
Dell Inspiron 3541, https://s3n.cashify.in/cashify/product/img/xhdpi/57453ee3e77cb.jpg
Dell Inspiron 11 3148, https://s3n.cashify.in/cashify/product/img/xhdpi/57453e16a63f3.jpg
Dell Alienware 17 MLK R2 Y569972..., https://s3n.cashify.in/cashify/product/img/xhdpi/57453a5f58bff.jpeg
Dell 3546 Notebook, https://s3n.cashify.in/cashify/product/img/xhdpi/Notebook.jpg
Dell Inspiron 15z Ultrabook 5523, https://s3n.cashify.in/cashify/product/img/xhdpi/Inspiron.jpg
Dell Inspiron 5437 4200U, https://s3n.cashify.in/cashify/product/img/xhdpi/Inspiron.jpg
Dell Inspiron N5523, https://s3n.cashify.in/cashify/product/img/xhdpi/Inspiron.jpg
Dell Inspiron Notebook, https://s3n.cashify.in/cashify/product/img/xhdpi/Inspiron.jpg
Dell DELL LATITUDE E series E6230, https://s3n.cashify.in/cashify/product/img/xhdpi/Lattitude.jpg
Dell 3446 Notebook 3446, https://s3n.cashify.in/cashify/product/img/xhdpi/Notebook.jpg
Dell Inspiron 15z (W560771IN9), https://s3n.cashify.in/cashify/product/img/xhdpi/Inspiron.jpg
Dell Inspiron 15 3558 (355834500iB), https://s3n.cashify.in/cashify/product/img/xhdpi/Inspiron.jpg
Dell Alienware 14 (X560912In9), https://s3n.cashify.in/cashify/product/img/xhdpi/Alienware.jpeg
Dell Inspiron 15z Ultrabook 5523 GT630M, https://s3n.cashify.in/cashify/product/img/xhdpi/Inspiron.jpg
Dell Inspiron 15 R, https://s3n.cashify.in/cashify/product/img/xhdpi/Inspiron.jpg
Dell Inspiron 14, https://s3n.cashify.in/cashify/product/img/xhdpi/Inspiron.jpg
Dell Inspiron n7720, https://s3n.cashify.in/cashify/product/img/xhdpi/Inspiron.jpg
Dell Inspiron 14 AMM4040, https://s3n.cashify.in/cashify/product/img/xhdpi/Inspiron.jpg
Dell New Inspiron 1, https://s3n.cashify.in/cashify/product/img/xhdpi/Inspiron.jpg
Dell Inspiron N5520, https://s3n.cashify.in/cashify/product/img/xhdpi/Inspiron.jpg
Dell Inspiron 15R N5521, https://s3n.cashify.in/cashify/product/img/xhdpi/Inspiron.jpg
Dell Inspiron 15 700 (W560780IN9), https://s3n.cashify.in/cashify/product/img/xhdpi/Inspiron.jpg
Dell Inspiron 14R (N4110), https://s3n.cashify.in/cashify/product/img/xhdpi/Inspiron.jpg
Dell Inspiron 15R (W560205IN8), https://s3n.cashify.in/cashify/product/img/xhdpi/Inspiron.jpg
Dell Inspiron N5423, https://s3n.cashify.in/cashify/product/img/xhdpi/Inspiron.jpg
Dell Inspiron 15R 5, https://s3n.cashify.in/cashify/product/img/xhdpi/Inspiron.jpg
Dell Inspiron 17R N, https://s3n.cashify.in/cashify/product/img/xhdpi/Inspiron.jpg
Dell Inspiron 15R Special edition N7520SE, https://s3n.cashify.in/cashify/product/img/xhdpi/Inspiron.jpg
Dell Inspiron 15z 5523, https://s3n.cashify.in/cashify/product/img/xhdpi/Inspiron.jpg
Dell Alienware 14 (W560902IN9), https://s3n.cashify.in/cashify/product/img/xhdpi/Alienware.jpeg
Dell 17R 5737, https://s3n.cashify.in/cashify/product/img/xhdpi/e1b75215-a75c.jpg
Dell Inspiron N5521, https://s3n.cashify.in/cashify/product/img/xhdpi/Inspiron.jpg
Dell Inspiron N3521, https://s3n.cashify.in/cashify/product/img/xhdpi/Inspiron.jpg
Dell 3537, https://s3n.cashify.in/cashify/product/img/xhdpi/e1b75215-a75c.jpg
Dell Inspiron 15R 5537 (3542581TB2S), https://s3n.cashify.in/cashify/product/img/xhdpi/Inspiron.jpg
Dell Inspiron 15 35 (X560327IN9), https://s3n.cashify.in/cashify/product/img/xhdpi/Inspiron.jpg
Dell Vostro 3445, https://s3n.cashify.in/cashify/product/img/xhdpi/Vostro.jpg
Dell I 3542 Netbook, https://s3n.cashify.in/cashify/product/img/xhdpi/e1b75215-a75c.jpg
Dell Inspiron 15 N550, https://s3n.cashify.in/cashify/product/img/xhdpi/Inspiron.jpg
Dell Inspiron 15 3537, https://s3n.cashify.in/cashify/product/img/xhdpi/e1b75215-a75c.jpg
Dell Inspiron 11 2-in-1 3148, https://s3n.cashify.in/cashify/product/img/xhdpi/Inspiron.jpg
Dell Inspiron 15 3541, https://s3n.cashify.in/cashify/product/img/xhdpi/Inspiron.jpg
Dell Inspiron 3542, https://s3n.cashify.in/cashify/product/img/xhdpi/Inspiron.jpg
Dell Inspiron 15 3542, https://s3n.cashify.in/cashify/product/img/xhdpi/Inspiron.jpg
Dell Vostro 14 3445, https://s3n.cashify.in/cashify/product/img/xhdpi/Vostro.jpg
Dell Inspiron 15 35 (354254500iS), https://s3n.cashify.in/cashify/product/img/xhdpi/Inspiron.jpg
Dell Latitude E7240, https://s3n.cashify.in/cashify/product/img/xhdpi/Lattitude.jpg
Dell Inspiron N5110, https://s3n.cashify.in/cashify/product/img/xhdpi/167c3508-38b4.jpg
Dell Latitude E5440, https://s3n.cashify.in/cashify/product/img/xhdpi/f7ed7b3b-def7.jpg
Dell Latitude E7490, https://s3n.cashify.in/cashify/product/img/xhdpi/9605d741-e503.jpg
Dell Inspiron 5570, https://s3n.cashify.in/cashify/product/img/xhdpi/5b343d7b-44c9.jpg
Studio 1749 Core2Duo, https://s3n.cashify.in/cashify/product/img/xhdpi/Studio.jpg
Studio XPS 16, https://s3n.cashify.in/cashify/product/img/xhdpi/Studio.jpg
Studio 1735, https://s3n.cashify.in/cashify/product/img/xhdpi/Studio.jpg
Precision M65, https://s3n.cashify.in/cashify/product/img/xhdpi/Precision.jpg
Latitude E5510 Core i5, https://s3n.cashify.in/cashify/product/img/xhdpi/Lattitude.jpg
Latitude E6420 Core i5, https://s3n.cashify.in/cashify/product/img/xhdpi/Lattitude.jpg
Latitude E5420 Core i3, https://s3n.cashify.in/cashify/product/img/xhdpi/Lattitude.jpg
Latitude 131L, https://s3n.cashify.in/cashify/product/img/xhdpi/Lattitude.jpg
Latitude E5430 Core i5, https://s3n.cashify.in/cashify/product/img/xhdpi/Lattitude.jpg
Inspiron 1110 Dual Core, https://s3n.cashify.in/cashify/product/img/xhdpi/Inspiron.jpg
Inspiron 15 3521 Touchscreen, https://s3n.cashify.in/cashify/product/img/xhdpi/Inspiron.jpg
Inspiron 17| 17R (Core i7), https://s3n.cashify.in/cashify/product/img/xhdpi/Inspiron.jpg
Dell Inspiron Ultra N5423 Core i5, https://s3n.cashify.in/cashify/product/img/xhdpi/Inspiron.jpg
Dell Inspiron N3420 Core i5, https://s3n.cashify.in/cashify/product/img/xhdpi/Inspiron.jpg
Dell Inspiron 14R 5421 Core i3, https://s3n.cashify.in/cashify/product/img/xhdpi/Inspiron.jpg
Dell Inspiron 15R 5521 Core i3, https://s3n.cashify.in/cashify/product/img/xhdpi/Inspiron.jpg
Dell Inspiron 15 3520 Core i3, https://s3n.cashify.in/cashify/product/img/xhdpi/Inspiron.jpg
Dell Inspiron 3521 Core i3, https://s3n.cashify.in/cashify/product/img/xhdpi/Inspiron.jpg
Inspiron 1764 Core i3, https://s3n.cashify.in/cashify/product/img/xhdpi/Inspiron.jpg
Inspiron 5030| 5040 Core I3, https://s3n.cashify.in/cashify/product/img/xhdpi/Inspiron.jpg
Inspiron E1505 Dual Core, https://s3n.cashify.in/cashify/product/img/xhdpi/Inspiron.jpg
Inspiron 9400, https://s3n.cashify.in/cashify/product/img/xhdpi/Inspiron.jpg
Inspiron 1525 Core 2 Duo, https://s3n.cashify.in/cashify/product/img/xhdpi/Inspiron.jpg
Dell Inspiron N3421-W560109TH, https://s3n.cashify.in/cashify/product/img/xhdpi/Inspiron.jpg
Inspiron N4110 Core i5, https://s3n.cashify.in/cashify/product/img/xhdpi/Inspiron.jpg
Inspiron 1570 Dual Core, https://s3n.cashify.in/cashify/product/img/xhdpi/Inspiron.jpg
Inspiron 14 Core2Duo, https://s3n.cashify.in/cashify/product/img/xhdpi/Inspiron.jpg
Inspiron 14z Ultrabook Core i3, https://s3n.cashify.in/cashify/product/img/xhdpi/Inspiron.jpg
Inspiron 14R Core i5, https://s3n.cashify.in/cashify/product/img/xhdpi/Inspiron.jpg
Dell XPS 13 Core i5, https://s3n.cashify.in/cashify/product/img/xhdpi/XPS_Series.jpg
XPS 15z Core i5, https://s3n.cashify.in/cashify/product/img/xhdpi/XPS_Series.jpg
XPS 14 L401X (Core i3), https://s3n.cashify.in/cashify/product/img/xhdpi/XPS_Series.jpg
XPS M1710, https://s3n.cashify.in/cashify/product/img/xhdpi/XPS_Series.jpg
Vostro 3400 Core i7, https://s3n.cashify.in/cashify/product/img/xhdpi/Vostro.jpg
Vostro 3400 Core i5, https://s3n.cashify.in/cashify/product/img/xhdpi/Vostro.jpg
Dell Vostro 2520 2nd Gen Core i3, https://s3n.cashify.in/cashify/product/img/xhdpi/Vostro.jpg
Dell Vostro 1550, https://s3n.cashify.in/cashify/product/img/xhdpi/Vostro.jpg
Vostro V13, https://s3n.cashify.in/cashify/product/img/xhdpi/Vostro.jpg
Vostro A840 Core2Duo, https://s3n.cashify.in/cashify/product/img/xhdpi/Vostro.jpg
Vostro 1500 Celeron, https://s3n.cashify.in/cashify/product/img/xhdpi/Vostro.jpg
Vostro 1000, https://s3n.cashify.in/cashify/product/img/xhdpi/Vostro.jpg
Alienware M11xR2| R3, https://s3n.cashify.in/cashify/product/img/xhdpi/Alienware.jpeg
DELL Inspiron 15R Laptop, https://s3n.cashify.in/cashify/product/img/xhdpi/e1b75215-a75c.jpg
DELL 3568 Notebook, https://s3n.cashify.in/cashify/product/img/xhdpi/598ae74ddd512.jpg
DELL 5559 Notebook, https://s3n.cashify.in/cashify/product/img/xhdpi/598ae83a85d25.jpg
DELL Inspiron 3565 Notebook, https://s3n.cashify.in/cashify/product/img/xhdpi/e1b75215-a75c.jpg
DELL Inspiron 5378 Notebook, https://s3n.cashify.in/cashify/product/img/xhdpi/e1b75215-a75c.jpg
DELL Inspiron 3148 2 in 1 Laptop, https://s3n.cashify.in/cashify/product/img/xhdpi/e1b75215-a75c.jpg
DELL 5558 Notebook, https://s3n.cashify.in/cashify/product/img/xhdpi/598ae7eac0561.jpg
Dell Vostro 3558, https://s3n.cashify.in/cashify/product/img/xhdpi/574551759af46.jpg
Dell Inspiron 15 3543 Laptop (3543541TB2BT), https://s3n.cashify.in/cashify/product/img/xhdpi/5745476ec2611.jpg
Dell Inspiron 15 3542 354234500iS, https://s3n.cashify.in/cashify/product/img/xhdpi/574543608af18.jpg
Dell Inspiron 7559, https://s3n.cashify.in/cashify/product/img/xhdpi/5745400a4da22.jpg
Dell Inspiron 7348, https://s3n.cashify.in/cashify/product/img/xhdpi/57453908c6d7b.jpg
Dell Inspiron 5558, https://s3n.cashify.in/cashify/product/img/xhdpi/574536fd4d544.jpg
Dell Alienware M14X 3610M, https://s3n.cashify.in/cashify/product/img/xhdpi/Alienware.jpeg
Dell Inspiron 15 3543 (X560324IN9), https://s3n.cashify.in/cashify/product/img/xhdpi/Inspiron.jpg
Dell Inspiron 15 5548, https://s3n.cashify.in/cashify/product/img/xhdpi/Inspiron.jpg
Dell Inspiron 15RL, https://s3n.cashify.in/cashify/product/img/xhdpi/Inspiron.jpg
Dell Vostro V3350, https://s3n.cashify.in/cashify/product/img/xhdpi/2f256916-ead1.jpg
dell 5000 Notebook 5547, https://s3n.cashify.in/cashify/product/img/xhdpi/Notebook.jpg
Dell Inspiron 15 3543 (X560322IN9), https://s3n.cashify.in/cashify/product/img/xhdpi/Inspiron.jpg
Dell Alienware 17, https://s3n.cashify.in/cashify/product/img/xhdpi/Alienware.jpeg
Dell Inspiron 14z, https://s3n.cashify.in/cashify/product/img/xhdpi/Inspiron.jpg
Dell Inspiron 15R N 5520, https://s3n.cashify.in/cashify/product/img/xhdpi/Inspiron.jpg
Dell Inspiron 5437, https://s3n.cashify.in/cashify/product/img/xhdpi/Inspiron.jpg
Dell Inspiron 15 3531, https://s3n.cashify.in/cashify/product/img/xhdpi/Inspiron.jpg
Dell 15R 7537 Touch, https://s3n.cashify.in/cashify/product/img/xhdpi/e1b75215-a75c.jpg
Dell Inspiron 14 (W560326IN9), https://s3n.cashify.in/cashify/product/img/xhdpi/Inspiron.jpg
Dell 15 Notebook 3537, https://s3n.cashify.in/cashify/product/img/xhdpi/Notebook.jpg
Dell 15 Notebook 3541, https://s3n.cashify.in/cashify/product/img/xhdpi/Notebook.jpg
Dell Latitude E6520, https://s3n.cashify.in/cashify/product/img/xhdpi/Lattitude.jpg
Dell Inspiron 15 3543 (X560333IN9), https://s3n.cashify.in/cashify/product/img/xhdpi/Inspiron.jpg
Dell Inspiron N3521 3337U, https://s3n.cashify.in/cashify/product/img/xhdpi/Inspiron.jpg
Dell XPS XPS13, https://s3n.cashify.in/cashify/product/img/xhdpi/XPS_Series.jpg
Dell Inspiron 3437, https://s3n.cashify.in/cashify/product/img/xhdpi/Inspiron.jpg
Dell Inspiron 14 700(W560782IN9), https://s3n.cashify.in/cashify/product/img/xhdpi/Inspiron.jpg
Dell Inspiron 14 3437, https://s3n.cashify.in/cashify/product/img/xhdpi/Inspiron.jpg
Dell Inspiron 15R 4200U, https://s3n.cashify.in/cashify/product/img/xhdpi/Inspiron.jpg
Dell Inspiron 15R 5537 (3543581TB2SU), https://s3n.cashify.in/cashify/product/img/xhdpi/Inspiron.jpg
Dell Inspiron 15 5547, https://s3n.cashify.in/cashify/product/img/xhdpi/Inspiron.jpg
Dell Inspiron 5547 (5547581TB2S), https://s3n.cashify.in/cashify/product/img/xhdpi/Inspiron.jpg
Dell Inspiron 7537, https://s3n.cashify.in/cashify/product/img/xhdpi/Inspiron.jpg
Dell Inspiron 5547, https://s3n.cashify.in/cashify/product/img/xhdpi/Inspiron.jpg
Dell 15R 5537 TS La, https://s3n.cashify.in/cashify/product/img/xhdpi/e1b75215-a75c.jpg
Dell Inspiron N3421, https://s3n.cashify.in/cashify/product/img/xhdpi/Inspiron.jpg
Dell Inspiron 15RS, https://s3n.cashify.in/cashify/product/img/xhdpi/Inspiron.jpg
Dell Inspiron 15R 5521 3217U, https://s3n.cashify.in/cashify/product/img/xhdpi/e1b75215-a75c.jpg
Dell Inspiron 15 35 6010, https://s3n.cashify.in/cashify/product/img/xhdpi/Inspiron.jpg
Dell Vostro 14 3446, https://s3n.cashify.in/cashify/product/img/xhdpi/Vostro.jpg
Dell Inspiron M101Z, https://s3n.cashify.in/cashify/product/img/xhdpi/Inspiron.jpg
Dell Latitude E6430 ATG, https://s3n.cashify.in/cashify/product/img/xhdpi/Lattitude.jpg
Dell Inspiron 7568, https://s3n.cashify.in/cashify/product/img/xhdpi/f7d32895-da6b.jpg
Dell XPS 15 2630, https://s3n.cashify.in/cashify/product/img/xhdpi/dbc0a150-d89d.jpg
Dell Inspiron 15 5580, https://s3n.cashify.in/cashify/product/img/xhdpi/b427cc30-a289.jpg
