models,images
Lenovo Essential G455| G550| G555, https://s3n.cashify.in/cashify/product/img/xhdpi/Lenovo_Essential_Series.jpg
Lenovo Essential G580 Core i3, https://s3n.cashify.in/cashify/product/img/xhdpi/Lenovo_Essential_Series.jpg
Lenovo Essential G460 Series, https://s3n.cashify.in/cashify/product/img/xhdpi/Lenovo_Essential_Series.jpg
Lenovo G530 (Pentium Dual-core), https://s3n.cashify.in/cashify/product/img/xhdpi/Lenovo_G_Series.jpg
Lenovo Essential G570 (Pentium Dual-core), https://s3n.cashify.in/cashify/product/img/xhdpi/Lenovo_Essential_Series.jpg
Lenovo S400 Core i3, https://s3n.cashify.in/cashify/product/img/xhdpi/S_Series.jpg
Lenovo S405 AMD A8, https://s3n.cashify.in/cashify/product/img/xhdpi/S_Series.jpg
Lenovo Essential G475 Series, https://s3n.cashify.in/cashify/product/img/xhdpi/Lenovo_Essential_Series.jpg
Lenovo 3000 N500 (Pentium Dual-core), https://s3n.cashify.in/cashify/product/img/xhdpi/Lenovo_3000_Series.jpg
Lenovo 3000 N200 (Pentium Dual-core), https://s3n.cashify.in/cashify/product/img/xhdpi/Lenovo_3000_Series.jpg
Lenovo 3000 Y300 Series, https://s3n.cashify.in/cashify/product/img/xhdpi/Lenovo_3000_Series.jpg
Lenovo 3000 G530 (Pentium Dual-core), https://s3n.cashify.in/cashify/product/img/xhdpi/Lenovo_3000_Series.jpg
Lenovo 3000 G400 Series, https://s3n.cashify.in/cashify/product/img/xhdpi/Lenovo_3000_Series.jpg
Lenovo G400s Touch, https://s3n.cashify.in/cashify/product/img/xhdpi/Lenovo_G_Series.jpg
Lenovo 3000 G530 (Core 2 Duo), https://s3n.cashify.in/cashify/product/img/xhdpi/Lenovo_3000_Series.jpg
Lenovo ThinkPad X1 (Core i7 Quad Core), https://s3n.cashify.in/cashify/product/img/xhdpi/ThinkPad_Series.jpg
Lenovo ThinkPad W701d (Core i7 Quad Core), https://s3n.cashify.in/cashify/product/img/xhdpi/ThinkPad_Series.jpg
Lenovo ThinkPad W701 (Core i7 Quad Core), https://s3n.cashify.in/cashify/product/img/xhdpi/ThinkPad_Series.jpg
Lenovo ThinkPad W520 (Core i7), https://s3n.cashify.in/cashify/product/img/xhdpi/ThinkPad_Series.jpg
Lenovo ThinkPad T430u (Core i7), https://s3n.cashify.in/cashify/product/img/xhdpi/ThinkPad_Series.jpg
Lenovo ThinkPad T420 (Core i7), https://s3n.cashify.in/cashify/product/img/xhdpi/ThinkPad_Series.jpg
Lenovo ThinkPad X201i (Core i5), https://s3n.cashify.in/cashify/product/img/xhdpi/ThinkPad_Series.jpg
Lenovo ThinkPad T410s (Core i5), https://s3n.cashify.in/cashify/product/img/xhdpi/ThinkPad_Series.jpg
Lenovo ThinkPad T410 (Core i5), https://s3n.cashify.in/cashify/product/img/xhdpi/ThinkPad_Series.jpg
Lenovo ThinkPad L420 (Core i5), https://s3n.cashify.in/cashify/product/img/xhdpi/ThinkPad_Series.jpg
Lenovo ThinkPad Edge E520 (Core i5), https://s3n.cashify.in/cashify/product/img/xhdpi/ThinkPad_Series.jpg
Lenovo ThinkPad Edge E420 (Core i5), https://s3n.cashify.in/cashify/product/img/xhdpi/ThinkPad_Series.jpg
Thinkpad X130e, https://s3n.cashify.in/cashify/product/img/xhdpi/ThinkPad_Series.jpg
Lenovo ThinkPad W700 (Core 2 Quad Core), https://s3n.cashify.in/cashify/product/img/xhdpi/ThinkPad_Series.jpg
Lenovo ThinkPad T61 (Core 2 Duo), https://s3n.cashify.in/cashify/product/img/xhdpi/ThinkPad_Series.jpg
Lenovo ThinkPad T500 (Core 2 Duo), https://s3n.cashify.in/cashify/product/img/xhdpi/ThinkPad_Series.jpg
Lenovo ThinkPad T400 (Core 2 Duo), https://s3n.cashify.in/cashify/product/img/xhdpi/ThinkPad_Series.jpg
Lenovo ThinkPad R61i (Core 2 Duo), https://s3n.cashify.in/cashify/product/img/xhdpi/ThinkPad_Series.jpg
Lenovo ThinkPad X200s (Celeron Dual-core), https://s3n.cashify.in/cashify/product/img/xhdpi/ThinkPad_Series.jpg
Lenovo ThinkPad Edge14 (Celeron Dual-core), https://s3n.cashify.in/cashify/product/img/xhdpi/ThinkPad_Series.jpg
Lenovo ThinkPad SL500c (Celeron Dual-core), https://s3n.cashify.in/cashify/product/img/xhdpi/ThinkPad_Series.jpg
Lenovo ThinkPad Edge E535 (AMD A-Series Quad Core), https://s3n.cashify.in/cashify/product/img/xhdpi/ThinkPad_Series.jpg
Lenovo ThinkPad T410| T410s Series (Core i5 based), https://s3n.cashify.in/cashify/product/img/xhdpi/ThinkPad_Series.jpg
ThinkPad T510 Core i3, https://s3n.cashify.in/cashify/product/img/xhdpi/ThinkPad_Series.jpg
Lenovo Ideapad S400 Pentium Dual Core, https://s3n.cashify.in/cashify/product/img/xhdpi/Idea_Pad_Series.jpg
Lenovo Ideapad U410 Core i3, https://s3n.cashify.in/cashify/product/img/xhdpi/Idea_Pad_Series.jpg
Lenovo Ideapad U310 Core i3, https://s3n.cashify.in/cashify/product/img/xhdpi/Idea_Pad_Series.jpg
Lenovo IdeaPad Y570 Core i5, https://s3n.cashify.in/cashify/product/img/xhdpi/Idea_Pad_Series.jpg
Lenovo IdeaPad Y470 Core i5, https://s3n.cashify.in/cashify/product/img/xhdpi/Idea_Pad_Series.jpg
Lenovo IdeaPad z570 Core i5, https://s3n.cashify.in/cashify/product/img/xhdpi/Idea_Pad_Series.jpg
Lenovo IdeaPad u460 Core i3, https://s3n.cashify.in/cashify/product/img/xhdpi/Idea_Pad_Series.jpg
Lenovo IdeaPad u260 Core i3, https://s3n.cashify.in/cashify/product/img/xhdpi/Idea_Pad_Series.jpg
Lenovo IdeaPad z370 Series(i3), https://s3n.cashify.in/cashify/product/img/xhdpi/Idea_Pad_Series.jpg
Lenovo IdeaPad Y530 (Pentium Dual-core), https://s3n.cashify.in/cashify/product/img/xhdpi/Idea_Pad_Series.jpg
Lenovo IdeaPad Y530 (Core 2 Duo), https://s3n.cashify.in/cashify/product/img/xhdpi/Idea_Pad_Series.jpg
Lenovo Essential V460 Series, https://s3n.cashify.in/cashify/product/img/xhdpi/Lenovo_Essential_Series.jpg
Lenovo ThinkPad T410| T410s Core i3, https://s3n.cashify.in/cashify/product/img/xhdpi/ThinkPad_Series.jpg
Lenovo Essential V370, https://s3n.cashify.in/cashify/product/img/xhdpi/Lenovo_Essential_Series.jpg
Lenovo IdeaPad U330 (Core 2 Duo), https://s3n.cashify.in/cashify/product/img/xhdpi/Idea_Pad_Series.jpg
Lenovo Essential E43A, https://s3n.cashify.in/cashify/product/img/xhdpi/Lenovo_Essential_Series.jpg
Lenovo IdeaPad S405 (AMD A-Series Quad Core), https://s3n.cashify.in/cashify/product/img/xhdpi/Idea_Pad_Series.jpg
Lenovo IdeaPad S405 (AMD A-Series Dual-core), https://s3n.cashify.in/cashify/product/img/xhdpi/Idea_Pad_Series.jpg
Lenovo Essential N500 Dual Core, https://s3n.cashify.in/cashify/product/img/xhdpi/Lenovo_Essential_Series.jpg
LENOVO Ideapad 510 Notebook, https://s3n.cashify.in/cashify/product/img/xhdpi/5c94ac64-e81c.jpg
LENOVO B5070 Notebook (59427747), https://s3n.cashify.in/cashify/product/img/xhdpi/5c94ac64-e81c.jpg
LENOVO B5080 Notebook, https://s3n.cashify.in/cashify/product/img/xhdpi/5c94ac64-e81c.jpg
LENOVO Ideapad 310 31015IKB Notebook, https://s3n.cashify.in/cashify/product/img/xhdpi/5c94ac64-e81c.jpg
LENOVO Ideapad 510s Notebook, https://s3n.cashify.in/cashify/product/img/xhdpi/5c94ac64-e81c.jpg
LENOVO Essentail G505 (59379528) Laptop, https://s3n.cashify.in/cashify/product/img/xhdpi/5c94ac64-e81c.jpg
Lenovo G50-80 (80E502UQIN) Laptop, https://s3n.cashify.in/cashify/product/img/xhdpi/5747edba810b5.png
Lenovo G50-80 (80E5039EIH) Laptop, https://s3n.cashify.in/cashify/product/img/xhdpi/5747ea5aef77c.png
Lenovo G50-80 (80L0006CIN) Laptop, https://s3n.cashify.in/cashify/product/img/xhdpi/5747ea0c07bc4.png
Lenovo Z51-70 (80K600VWIN) Laptop, https://s3n.cashify.in/cashify/product/img/xhdpi/5747e866b441d.jpg
Lenovo G50-80 (80E5038EIH) Laptop, https://s3n.cashify.in/cashify/product/img/xhdpi/5747e7cd274c0.png
Lenovo Ideapad 300-15ISK (80Q700UGIN) Noteboo.., https://s3n.cashify.in/cashify/product/img/xhdpi/5747e7294a8f2.jpg
Lenovo Ideapad Flex 2 59-428487 Laptop, https://s3n.cashify.in/cashify/product/img/xhdpi/5747e2067dec2.jpg
Lenovo G50-80 (80E503CMIH) Notebook, https://s3n.cashify.in/cashify/product/img/xhdpi/5747e15fe053c.png
Lenovo G50-70 (80E5021LIN) Laptop, https://s3n.cashify.in/cashify/product/img/xhdpi/5747e1092723a.png
Lenovo Yoga 500 (80N4003VIN) Laptop, https://s3n.cashify.in/cashify/product/img/xhdpi/5747d9023d929.jpg
Lenovo Yoga 500 (80N400MLIN) Notebook, https://s3n.cashify.in/cashify/product/img/xhdpi/5747d74d2f610.jpg
Lenovo G50 Y700, https://s3n.cashify.in/cashify/product/img/xhdpi/5747d4b4a4afd.jpg
Lenovo Yoga 900, https://s3n.cashify.in/cashify/product/img/xhdpi/5747d0d04e65c.jpg
Lenovo Ideapad 100 15IBY (80MJ00), https://s3n.cashify.in/cashify/product/img/xhdpi/5747ce0d4df0a.jpg
Lenovo Ideapad Flex14(59-395516), https://s3n.cashify.in/cashify/product/img/xhdpi/Idea_Pad_Series.jpg
Lenovo Essential G510(59-398411)laptop, https://s3n.cashify.in/cashify/product/img/xhdpi/Lenovo_Essential_Series.jpg
Lenovo Ideapad S Laptop(59-398253), https://s3n.cashify.in/cashify/product/img/xhdpi/Idea_Pad_Series.jpg
Lenovo G50-70 (59-439144)notebook, https://s3n.cashify.in/cashify/product/img/xhdpi/Lenovo_G_Series.jpg
Lenovo G50-30 (Pentium, https://s3n.cashify.in/cashify/product/img/xhdpi/Lenovo_G_Series.jpg
Lenovo G50-30 Notebook (80G001Y2IN), https://s3n.cashify.in/cashify/product/img/xhdpi/Lenovo_G_Series.jpg
Lenovo Y Series Notebook core, https://s3n.cashify.in/cashify/product/img/xhdpi/Y_Series.jpg
Lenovo Flex 2-14D Notebook(59-436783), https://s3n.cashify.in/cashify/product/img/xhdpi/7100d8ed-ad04.jpg
Lenovo G50-45 Notebook (80E301CYCIN), https://s3n.cashify.in/cashify/product/img/xhdpi/Lenovo_G_Series.jpg
LENOVO G50-70 Notebook, https://s3n.cashify.in/cashify/product/img/xhdpi/Lenovo_G_Series.jpg
Lenovo Essential G580(59-328965)laptop, https://s3n.cashify.in/cashify/product/img/xhdpi/Lenovo_Essential_Series.jpg
Lenovo X131e-33711Y4 laptop, https://s3n.cashify.in/cashify/product/img/xhdpi/X_series.jpg
Lenovo Ideapad U310(59-341069)ULTRABOOK, https://s3n.cashify.in/cashify/product/img/xhdpi/Idea_Pad_Series.jpg
Lenovo G50-70 Notebook(59-422423), https://s3n.cashify.in/cashify/product/img/xhdpi/Lenovo_G_Series.jpg
Lenovo G580-59-348965 Laptop, https://s3n.cashify.in/cashify/product/img/xhdpi/Lenovo_G_Series.jpg
Lenovo ThinkPad Edge E430-3254-T3Q, https://s3n.cashify.in/cashify/product/img/xhdpi/ThinkPad_Series.jpg
Lenovo ThinkPad Helix ultrabook, https://s3n.cashify.in/cashify/product/img/xhdpi/ThinkPad_Series.jpg
Lenovo G50-30 Notebook(80G001NTIN), https://s3n.cashify.in/cashify/product/img/xhdpi/Lenovo_G_Series.jpg
Lenovo Ideapad Z580(59-339356)laptop, https://s3n.cashify.in/cashify/product/img/xhdpi/Idea_Pad_Series.jpg
Lenovo Z580-59-347567 laptop, https://s3n.cashify.in/cashify/product/img/xhdpi/Z_series.jpg
Lenovo Ideapad Z500(59-341235)laptop, https://s3n.cashify.in/cashify/product/img/xhdpi/Idea_Pad_Series.jpg
Lenovo Z-500 IdeapaD (59-3380463), https://s3n.cashify.in/cashify/product/img/xhdpi/Z_series.jpg
Lenovo Flex Notebook (59-428487), https://s3n.cashify.in/cashify/product/img/xhdpi/7100d8ed-ad04.jpg
Lenovo T440P (20AWA1DCIG)notebook, https://s3n.cashify.in/cashify/product/img/xhdpi/T_Series.jpg
Lenovo G580 Laptop 59-348462, https://s3n.cashify.in/cashify/product/img/xhdpi/Lenovo_G_Series.jpg
Lenovo G500 (59-380706), https://s3n.cashify.in/cashify/product/img/xhdpi/Lenovo_G_Series.jpg
Lenovo IdeaPad B40-70(59-433780)laptop, https://s3n.cashify.in/cashify/product/img/xhdpi/Idea_Pad_Series.jpg
Lenovo G50-70 (59-443034), https://s3n.cashify.in/cashify/product/img/xhdpi/Lenovo_G_Series.jpg
Lenovo ThinkPad Edge E430-3254-D9Q, https://s3n.cashify.in/cashify/product/img/xhdpi/ThinkPad_Series.jpg
Lenovo Ideapad Flex14(59-395515)TS screen laptop, https://s3n.cashify.in/cashify/product/img/xhdpi/Idea_Pad_Series.jpg
Lenovo G580-59-355396 laptop, https://s3n.cashify.in/cashify/product/img/xhdpi/Lenovo_G_Series.jpg
Lenovo Essential G580-59-361898 Laptop, https://s3n.cashify.in/cashify/product/img/xhdpi/Lenovo_Essential_Series.jpg
Lenovo ThinkPad X230(2325TVM)Laptop, https://s3n.cashify.in/cashify/product/img/xhdpi/ThinkPad_Series.jpg
Lenovo Essential G50 (59-380720), https://s3n.cashify.in/cashify/product/img/xhdpi/Lenovo_Essential_Series.jpg
Lenovo Essential G580(59-358313)Laptop, https://s3n.cashify.in/cashify/product/img/xhdpi/Lenovo_Essential_Series.jpg
Lenovo Ideapad S400(59-340453)laptop, https://s3n.cashify.in/cashify/product/img/xhdpi/Idea_Pad_Series.jpg
Lenovo ThinkPad Edge E530(3259BK9)Laptop, https://s3n.cashify.in/cashify/product/img/xhdpi/ThinkPad_Series.jpg
Lenovo G50-45 (80E3004JIN)Notebook, https://s3n.cashify.in/cashify/product/img/xhdpi/Lenovo_G_Series.jpg
Lenovo Ideapad Z580 (59-383172)Laptop, https://s3n.cashify.in/cashify/product/img/xhdpi/Idea_Pad_Series.jpg
Lenovo Ideapad Z370(59-342158)Laptop, https://s3n.cashify.in/cashify/product/img/xhdpi/Idea_Pad_Series.jpg
Lenovo Ideapad Y510 series (59-390016)Laptop, https://s3n.cashify.in/cashify/product/img/xhdpi/Idea_Pad_Series.jpg
Lenovo G50-45 Notebook (80E3003QIN)AMD, https://s3n.cashify.in/cashify/product/img/xhdpi/Lenovo_G_Series.jpg
Lenovo Ideapad Y50-P(59-428436)laptop, https://s3n.cashify.in/cashify/product/img/xhdpi/Idea_Pad_Series.jpg
Lenovo G500 (59-412737), https://s3n.cashify.in/cashify/product/img/xhdpi/Lenovo_G_Series.jpg
Lenovo ThinkPad X1 Carbon(MTM34608E1)Ultrabook, https://s3n.cashify.in/cashify/product/img/xhdpi/ThinkPad_Series.jpg
Lenovo IdeaPad Z570(59-321453)Laptop, https://s3n.cashify.in/cashify/product/img/xhdpi/Idea_Pad_Series.jpg
Lenovo IdeaPad B480-343139, https://s3n.cashify.in/cashify/product/img/xhdpi/Idea_Pad_Series.jpg
Lenovo G580-59-341688 Laptop, https://s3n.cashify.in/cashify/product/img/xhdpi/Lenovo_G_Series.jpg
Lenovo G405 (59-415703)laptop, https://s3n.cashify.in/cashify/product/img/xhdpi/Lenovo_G_Series.jpg
Lenovo G Series (59-324015)laptop, https://s3n.cashify.in/cashify/product/img/xhdpi/Lenovo_G_Series.jpg
Lenovo Essential G580(59-361868)laptop, https://s3n.cashify.in/cashify/product/img/xhdpi/Lenovo_Essential_Series.jpg
Lenovo Ideapad Z580(59-347587) Laptop, https://s3n.cashify.in/cashify/product/img/xhdpi/Idea_Pad_Series.jpg
LENOVO L430 2466-5G6 LAPTOP, https://s3n.cashify.in/cashify/product/img/xhdpi/L_Series.jpg
Lenovo Ideapad G50-70(59-413719), https://s3n.cashify.in/cashify/product/img/xhdpi/Idea_Pad_Series.jpg
Lenovo Z500 (59-380476), https://s3n.cashify.in/cashify/product/img/xhdpi/Z_series.jpg
Lenovo B50-70 (59-425871), https://s3n.cashify.in/cashify/product/img/xhdpi/B_Series.jpg
Lenovo Flex 2-14 Laptop(59-429522), https://s3n.cashify.in/cashify/product/img/xhdpi/7100d8ed-ad04.jpg
Lenovo G Series (59-379528), https://s3n.cashify.in/cashify/product/img/xhdpi/Lenovo_G_Series.jpg
Lenovo Flex 2-14 (59-420166), https://s3n.cashify.in/cashify/product/img/xhdpi/7100d8ed-ad04.jpg
Lenovo B590-59-390110, https://s3n.cashify.in/cashify/product/img/xhdpi/B_Series.jpg
Lenovo Ideapad Yoga13(59-369597), https://s3n.cashify.in/cashify/product/img/xhdpi/Idea_Pad_Series.jpg
Lenovo S510p (59-383336), https://s3n.cashify.in/cashify/product/img/xhdpi/S_Series.jpg
Lenovo Essential G50(59-436417), https://s3n.cashify.in/cashify/product/img/xhdpi/Lenovo_Essential_Series.jpg
Lenovo G50-45 Laptop(80E300GYIN), https://s3n.cashify.in/cashify/product/img/xhdpi/Lenovo_G_Series.jpg
Lenovo IdeaPad B590(59-390111), https://s3n.cashify.in/cashify/product/img/xhdpi/Idea_Pad_Series.jpg
Lenovo G510 59-382826, https://s3n.cashify.in/cashify/product/img/xhdpi/Lenovo_G_Series.jpg
Lenovo G Series (59-370250), https://s3n.cashify.in/cashify/product/img/xhdpi/Lenovo_G_Series.jpg
Lenovo G50-45 Notebook (80E3019EIH), https://s3n.cashify.in/cashify/product/img/xhdpi/Lenovo_G_Series.jpg
Lenovo G50-70 (59-436419), https://s3n.cashify.in/cashify/product/img/xhdpi/Lenovo_G_Series.jpg
Lenovo Flex 2 14 Ideapad(59-429522), https://s3n.cashify.in/cashify/product/img/xhdpi/7100d8ed-ad04.jpg
Lenovo Z50-70 (59-429602), https://s3n.cashify.in/cashify/product/img/xhdpi/Z_series.jpg
Lenovo Ideapad S510p(59-398253), https://s3n.cashify.in/cashify/product/img/xhdpi/Idea_Pad_Series.jpg
Lenovo B40-70 (59-430675), https://s3n.cashify.in/cashify/product/img/xhdpi/B_Series.jpg
Lenovo Z580 Laptop, https://s3n.cashify.in/cashify/product/img/xhdpi/Z_series.jpg
Lenovo Z Series (59-347570), https://s3n.cashify.in/cashify/product/img/xhdpi/Z_series.jpg
Lenovo ThinkPad X230(23253VQ), https://s3n.cashify.in/cashify/product/img/xhdpi/ThinkPad_Series.jpg
Lenovo Ideapad Flex 10(59-404493), https://s3n.cashify.in/cashify/product/img/xhdpi/Idea_Pad_Series.jpg
Lenovo G-585 Notebook (59-348455), https://s3n.cashify.in/cashify/product/img/xhdpi/Lenovo_G_Series.jpg
Lenovo Essential B490(59-376926), https://s3n.cashify.in/cashify/product/img/xhdpi/Lenovo_Essential_Series.jpg
Lenovo B490-59-384796, https://s3n.cashify.in/cashify/product/img/xhdpi/B_Series.jpg
Lenovo Ideapad U510 ultrabook, https://s3n.cashify.in/cashify/product/img/xhdpi/Idea_Pad_Series.jpg
Lenovo G510 (59-382843), https://s3n.cashify.in/cashify/product/img/xhdpi/Lenovo_G_Series.jpg
Lenovo G50-70 (59-422410), https://s3n.cashify.in/cashify/product/img/xhdpi/Lenovo_G_Series.jpg
Lenovo Ideapad S300(59-340450), https://s3n.cashify.in/cashify/product/img/xhdpi/Idea_Pad_Series.jpg
Lenovo S20-30 (59-436662), https://s3n.cashify.in/cashify/product/img/xhdpi/S_Series.jpg
Lenovo Essential G50-70(59-379534), https://s3n.cashify.in/cashify/product/img/xhdpi/Lenovo_Essential_Series.jpg
Lenovo Ideapad Ultraslim S5110P(59-411377), https://s3n.cashify.in/cashify/product/img/xhdpi/Idea_Pad_Series.jpg
Lenovo Flex 2 14 Ideapad(59-429516), https://s3n.cashify.in/cashify/product/img/xhdpi/7100d8ed-ad04.jpg
Lenovo Z50 (59-429607), https://s3n.cashify.in/cashify/product/img/xhdpi/Z_series.jpg
Lenovo Yoga Series(59-369606), https://s3n.cashify.in/cashify/product/img/xhdpi/Yoga_Series.jpg
Lenovo G50-70 (59-413711), https://s3n.cashify.in/cashify/product/img/xhdpi/Lenovo_G_Series.jpg
Lenovo G50-30(80g001vnin), https://s3n.cashify.in/cashify/product/img/xhdpi/Lenovo_G_Series.jpg
Lenovo Flex 10 Notebook(59-439199), https://s3n.cashify.in/cashify/product/img/xhdpi/7100d8ed-ad04.jpg
Lenovo G505 (59-380131), https://s3n.cashify.in/cashify/product/img/xhdpi/Lenovo_G_Series.jpg
Lenovo G50-45 (80E300GWIN), https://s3n.cashify.in/cashify/product/img/xhdpi/Lenovo_G_Series.jpg
Lenovo 80TD (V110-15AST), https://s3n.cashify.in/cashify/product/img/xhdpi/3d41e5fd-b325.jpg
Lenovo X220, https://s3n.cashify.in/cashify/product/img/xhdpi/X_series.jpg
Lenovo Essential G450 Series, https://s3n.cashify.in/cashify/product/img/xhdpi/Lenovo_Essential_Series.jpg
Lenovo Essential G530 Series, https://s3n.cashify.in/cashify/product/img/xhdpi/Lenovo_Essential_Series.jpg
Lenovo Essential G470 Series, https://s3n.cashify.in/cashify/product/img/xhdpi/Lenovo_Essential_Series.jpg
Lenovo G550 (Core 2 Duo), https://s3n.cashify.in/cashify/product/img/xhdpi/Lenovo_G_Series.jpg
Lenovo G560 Core 2 Duo, https://s3n.cashify.in/cashify/product/img/xhdpi/Lenovo_G_Series.jpg
Lenovo 3000 Y410 Series, https://s3n.cashify.in/cashify/product/img/xhdpi/Lenovo_3000_Series.jpg
Lenovo 3000 C200 (Pentium Dual-core), https://s3n.cashify.in/cashify/product/img/xhdpi/Lenovo_3000_Series.jpg
Lenovo G-585 AMD Brazo, https://s3n.cashify.in/cashify/product/img/xhdpi/Lenovo_G_Series.jpg
Lenovo ThinkPad L430 (Pentium Dual-core), https://s3n.cashify.in/cashify/product/img/xhdpi/ThinkPad_Series.jpg
Lenovo ThinkPad Edge E530 (Pentium), https://s3n.cashify.in/cashify/product/img/xhdpi/ThinkPad_Series.jpg
Lenovo ThinkPad X1 (Core i7), https://s3n.cashify.in/cashify/product/img/xhdpi/ThinkPad_Series.jpg
Lenovo ThinkPad W701 (Core i7 Dual-core), https://s3n.cashify.in/cashify/product/img/xhdpi/ThinkPad_Series.jpg
Lenovo ThinkPad W520 (Core i7 Quad Core), https://s3n.cashify.in/cashify/product/img/xhdpi/ThinkPad_Series.jpg
Lenovo ThinkPad W510 (Core i7 Quad Core), https://s3n.cashify.in/cashify/product/img/xhdpi/ThinkPad_Series.jpg
Lenovo ThinkPad T530 (Core i7), https://s3n.cashify.in/cashify/product/img/xhdpi/ThinkPad_Series.jpg
Lenovo ThinkPad L520 (Core i7), https://s3n.cashify.in/cashify/product/img/xhdpi/ThinkPad_Series.jpg
Lenovo ThinkPad L430 (Core i7), https://s3n.cashify.in/cashify/product/img/xhdpi/ThinkPad_Series.jpg
Lenovo ThinkPad Edge S430 (Core i7), https://s3n.cashify.in/cashify/product/img/xhdpi/ThinkPad_Series.jpg
Lenovo ThinkPad X1 (Core i5), https://s3n.cashify.in/cashify/product/img/xhdpi/ThinkPad_Series.jpg
Lenovo ThinkPad W520 (Core i5), https://s3n.cashify.in/cashify/product/img/xhdpi/ThinkPad_Series.jpg
Lenovo ThinkPad T520 (Core i5), https://s3n.cashify.in/cashify/product/img/xhdpi/ThinkPad_Series.jpg
Lenovo ThinkPad X201 (Core i3), https://s3n.cashify.in/cashify/product/img/xhdpi/ThinkPad_Series.jpg
Lenovo ThinkPad T530 (Core i3), https://s3n.cashify.in/cashify/product/img/xhdpi/ThinkPad_Series.jpg
Lenovo ThinkPad T420i (Core i3), https://s3n.cashify.in/cashify/product/img/xhdpi/ThinkPad_Series.jpg
Lenovo Thinkpad T60 (Core Duo), https://s3n.cashify.in/cashify/product/img/xhdpi/ThinkPad_Series.jpg
Lenovo ThinkPad W700 (Core 2 Extreme Quad Core), https://s3n.cashify.in/cashify/product/img/xhdpi/ThinkPad_Series.jpg
Lenovo ThinkPad W700 (Core 2 Extreme), https://s3n.cashify.in/cashify/product/img/xhdpi/ThinkPad_Series.jpg
Lenovo ThinkPad W700 (Core 2 Extreme Dual-core), https://s3n.cashify.in/cashify/product/img/xhdpi/ThinkPad_Series.jpg
Lenovo ThinkPad SL510 (Core 2 Duo), https://s3n.cashify.in/cashify/product/img/xhdpi/ThinkPad_Series.jpg
Lenovo ThinkPad SL400 (Core 2 Duo), https://s3n.cashify.in/cashify/product/img/xhdpi/ThinkPad_Series.jpg
Lenovo Thinkpad SL300 (Core 2 Duo), https://s3n.cashify.in/cashify/product/img/xhdpi/ThinkPad_Series.jpg
Lenovo ThinkPad L520 (Celeron Dual-core), https://s3n.cashify.in/cashify/product/img/xhdpi/ThinkPad_Series.jpg
Lenovo ThinkPad L430 (Celeron Dual-core), https://s3n.cashify.in/cashify/product/img/xhdpi/ThinkPad_Series.jpg
Lenovo ThinkPad L512 (Celeron Dual-core), https://s3n.cashify.in/cashify/product/img/xhdpi/ThinkPad_Series.jpg
Lenovo ThinkPad Edge E435 (AMD A-Series Quad Core), https://s3n.cashify.in/cashify/product/img/xhdpi/ThinkPad_Series.jpg
Lenovo ThinkPad Edge E530 Core i5, https://s3n.cashify.in/cashify/product/img/xhdpi/ThinkPad_Series.jpg
Lenovo ThinkPad Edge E250| E520s Series, https://s3n.cashify.in/cashify/product/img/xhdpi/ThinkPad_Series.jpg
Lenovo IdeaPad z470 Series, https://s3n.cashify.in/cashify/product/img/xhdpi/Idea_Pad_Series.jpg
Lenovo IdeaPad z460 Series, https://s3n.cashify.in/cashify/product/img/xhdpi/Idea_Pad_Series.jpg
Lenovo IdeaPad Z580 (Core i7), https://s3n.cashify.in/cashify/product/img/xhdpi/Idea_Pad_Series.jpg
Lenovo IdeaPad Y580 (Core i7 Quad Core), https://s3n.cashify.in/cashify/product/img/xhdpi/Idea_Pad_Series.jpg
Lenovo IdeaPad Y650 (Core 2 Duo), https://s3n.cashify.in/cashify/product/img/xhdpi/Idea_Pad_Series.jpg
Lenovo Essential V560 Series, https://s3n.cashify.in/cashify/product/img/xhdpi/Lenovo_Essential_Series.jpg
Lenovo Essential V470 Series, https://s3n.cashify.in/cashify/product/img/xhdpi/Lenovo_Essential_Series.jpg
Lenovo IdeaPad U350 (Core 2 Solo), https://s3n.cashify.in/cashify/product/img/xhdpi/Idea_Pad_Series.jpg
Lenovo IdeaPad U110 (Core 2 Duo), https://s3n.cashify.in/cashify/product/img/xhdpi/Idea_Pad_Series.jpg
Lenovo Essential V200 Series, https://s3n.cashify.in/cashify/product/img/xhdpi/Lenovo_Essential_Series.jpg
Lenovo Ideapad 320E 80XL0376IN, https://s3n.cashify.in/cashify/product/img/xhdpi/10bd5c91-bc07.jpg
Lenovo IdeaPad 130, https://s3n.cashify.in/cashify/product/img/xhdpi/b042e932-0b24.jpg
Lenovo ThinkPad L440, https://s3n.cashify.in/cashify/product/img/xhdpi/9da04fde-16bf.jpg
LENOVO 310 Notebook, https://s3n.cashify.in/cashify/product/img/xhdpi/5c94ac64-e81c.jpg
LENOVO IdeaPad 100 10015IBY Notebook, https://s3n.cashify.in/cashify/product/img/xhdpi/5c94ac64-e81c.jpg
LENOVO Ideapad Yoga 13 (59369597) Ultrabook, https://s3n.cashify.in/cashify/product/img/xhdpi/5c94ac64-e81c.jpg
LENOVO Y5070 Notebook, https://s3n.cashify.in/cashify/product/img/xhdpi/5c94ac64-e81c.jpg
LENOVO Y Series Y70015ISK, https://s3n.cashify.in/cashify/product/img/xhdpi/5c94ac64-e81c.jpg
LENOVO Ideapad 110 15ACL Notebook, https://s3n.cashify.in/cashify/product/img/xhdpi/5c94ac64-e81c.jpg
LENOVO IP Pentium Quad Core  IdeaPad 110 Notebook, https://s3n.cashify.in/cashify/product/img/xhdpi/5c94ac64-e81c.jpg
LENOVO Y700 Notebook, https://s3n.cashify.in/cashify/product/img/xhdpi/5c94ac64-e81c.jpg
LENOVO Lenovo Yoga Notebook, https://s3n.cashify.in/cashify/product/img/xhdpi/5c94ac64-e81c.jpg
LENOVO Essential G510 (59398438), https://s3n.cashify.in/cashify/product/img/xhdpi/5c94ac64-e81c.jpg
LENOVO Ideapad U310 (59341069) Ultrabook, https://s3n.cashify.in/cashify/product/img/xhdpi/5c94ac64-e81c.jpg
LENOVO Ideapad 100 11015ACL Notebook, https://s3n.cashify.in/cashify/product/img/xhdpi/5c94ac64-e81c.jpg
LENOVO Yoga 500, https://s3n.cashify.in/cashify/product/img/xhdpi/5c94ac64-e81c.jpg
LENOVO Think Pad E450 Notebook, https://s3n.cashify.in/cashify/product/img/xhdpi/5c94ac64-e81c.jpg
Lenovo Thinkpad E-450 (20DD001NIG) Laptop, https://s3n.cashify.in/cashify/product/img/xhdpi/5747ed683c05a.jpg
Lenovo Yoga 500 (80N400MNIN) Laptop, https://s3n.cashify.in/cashify/product/img/xhdpi/5747e8b0b8a8e.jpg
Lenovo U41-70 (80JV007GIN) Laptop, https://s3n.cashify.in/cashify/product/img/xhdpi/5747e1b9f2fb9.jpg
Lenovo Z51-70 (80K600VVIN) Laptop, https://s3n.cashify.in/cashify/product/img/xhdpi/5747dfbc963b2.jpg
Lenovo Yoga 500 (80N40041IN) Laptop, https://s3n.cashify.in/cashify/product/img/xhdpi/5747dea9bf455.jpg
Lenovo G50-80 (80E5020VIN) Laptop, https://s3n.cashify.in/cashify/product/img/xhdpi/5747de309f7e6.png
Lenovo Ideapad 100-15IBY (80MJ00PAIH) Noteboo.., https://s3n.cashify.in/cashify/product/img/xhdpi/5747ddc83b27a.jpg
Lenovo Yoga 300 80M0007KIN Laptop, https://s3n.cashify.in/cashify/product/img/xhdpi/5747d7bc8c165.jpg
Lenovo Ideapad Flex 10, https://s3n.cashify.in/cashify/product/img/xhdpi/5747d56d48185.jpg
Lenovo Yoga 500 (80N4003WIN), https://s3n.cashify.in/cashify/product/img/xhdpi/5747d18731ae9.jpg
Lenovo G50-80, https://s3n.cashify.in/cashify/product/img/xhdpi/5747cf3aa042c.jpg
Lenovo B5070 Noteboook (59-430828), https://s3n.cashify.in/cashify/product/img/xhdpi/B_Series.jpg
Lenovo G50-70 Notebook(59-422417), https://s3n.cashify.in/cashify/product/img/xhdpi/Lenovo_G_Series.jpg
Lenovo Essential G580(59-345396)laptop, https://s3n.cashify.in/cashify/product/img/xhdpi/Lenovo_Essential_Series.jpg
Lenovo ThinkPad EdgeE530 (32591k5)laptop, https://s3n.cashify.in/cashify/product/img/xhdpi/ThinkPad_Series.jpg
Lenovo Ideapad U410(59-342778)ULTRBOOK, https://s3n.cashify.in/cashify/product/img/xhdpi/Idea_Pad_Series.jpg
Lenovo L Notebook (, https://s3n.cashify.in/cashify/product/img/xhdpi/L_Series.jpg
Lenovo Essential G40(59-383636) Laptop, https://s3n.cashify.in/cashify/product/img/xhdpi/Lenovo_Essential_Series.jpg
Lenovo B480-59-343081 LAPTOP, https://s3n.cashify.in/cashify/product/img/xhdpi/B_Series.jpg
Lenovo ThinkPad X230-2325-3VQ, https://s3n.cashify.in/cashify/product/img/xhdpi/ThinkPad_Series.jpg
Lenovo Z 50-70-8433 notebook, https://s3n.cashify.in/cashify/product/img/xhdpi/Z_series.jpg
Lenovo G 510 Notebook, https://s3n.cashify.in/cashify/product/img/xhdpi/Lenovo_G_Series.jpg
Lenovo G50-30 (80G0018VIN) notebook, https://s3n.cashify.in/cashify/product/img/xhdpi/Lenovo_G_Series.jpg
Lenovo Ideapad U310(59-342830)ultrabook, https://s3n.cashify.in/cashify/product/img/xhdpi/Idea_Pad_Series.jpg
Lenovo G50-70 Notebook(59-436421), https://s3n.cashify.in/cashify/product/img/xhdpi/Lenovo_G_Series.jpg
Lenovo Thinkpad Yoga(20CDA01GIG), https://s3n.cashify.in/cashify/product/img/xhdpi/ThinkPad_Series.jpg
Lenovo Thinkpad Yoga(20CDA02AIG), https://s3n.cashify.in/cashify/product/img/xhdpi/ThinkPad_Series.jpg
Lenovo G-585 Notebook(59-348629), https://s3n.cashify.in/cashify/product/img/xhdpi/Lenovo_G_Series.jpg
Lenovo B490 Laptop(59-364694), https://s3n.cashify.in/cashify/product/img/xhdpi/B_Series.jpg
Lenovo Z-580 (59-338105)laptop, https://s3n.cashify.in/cashify/product/img/xhdpi/Z_series.jpg
Lenovo Z Series (59-370433) Laptop, https://s3n.cashify.in/cashify/product/img/xhdpi/Z_series.jpg
Lenovo Ideapad Z580(59-339351)laptop, https://s3n.cashify.in/cashify/product/img/xhdpi/Idea_Pad_Series.jpg
Lenovo G500 59-382993 laptop, https://s3n.cashify.in/cashify/product/img/xhdpi/Lenovo_G_Series.jpg
Lenovo Essential G580(59-352561)laptop, https://s3n.cashify.in/cashify/product/img/xhdpi/Lenovo_Essential_Series.jpg
Lenovo Essential G570(59-337986)laptop, https://s3n.cashify.in/cashify/product/img/xhdpi/Lenovo_Essential_Series.jpg
Lenovo S400 Notebook, https://s3n.cashify.in/cashify/product/img/xhdpi/S_Series.jpg
Lenovo Ideapad Z580K Laptop, https://s3n.cashify.in/cashify/product/img/xhdpi/Idea_Pad_Series.jpg
Lenovo Ideapad Z50(59-427805), https://s3n.cashify.in/cashify/product/img/xhdpi/Idea_Pad_Series.jpg
Lenovo Ideapad S206(59-338049)laptop, https://s3n.cashify.in/cashify/product/img/xhdpi/Idea_Pad_Series.jpg
Lenovo Essential G510(59-398431)Laptop, https://s3n.cashify.in/cashify/product/img/xhdpi/Lenovo_Essential_Series.jpg
Lenovo Ideapad U410(59-342788)Ultrabook, https://s3n.cashify.in/cashify/product/img/xhdpi/Idea_Pad_Series.jpg
Lenovo Ideapad S400(59-355933)Laptop, https://s3n.cashify.in/cashify/product/img/xhdpi/Idea_Pad_Series.jpg
Lenovo G50 (80e501LRIN) NOTEBOOK, https://s3n.cashify.in/cashify/product/img/xhdpi/Lenovo_G_Series.jpg
Lenovo G580-59-355385 laptop, https://s3n.cashify.in/cashify/product/img/xhdpi/Lenovo_G_Series.jpg
Lenovo Thinkpad E530 (33661G0)Laptop, https://s3n.cashify.in/cashify/product/img/xhdpi/ThinkPad_Series.jpg
Lenovo Z50-70 (59-429611)Laptop, https://s3n.cashify.in/cashify/product/img/xhdpi/Z_series.jpg
Lenovo G50- 70 Notebook (59-441421), https://s3n.cashify.in/cashify/product/img/xhdpi/Lenovo_G_Series.jpg
Lenovo Z-585 Notebook(59-347937), https://s3n.cashify.in/cashify/product/img/xhdpi/Z_series.jpg
Lenovo Ideapad U410(59-342779)ultrabook, https://s3n.cashify.in/cashify/product/img/xhdpi/Idea_Pad_Series.jpg
Lenovo ThinkPad Edge E431(62774XQ)Laptop, https://s3n.cashify.in/cashify/product/img/xhdpi/ThinkPad_Series.jpg
Lenovo ThinkPad Edge E530(32591K8)Laptop, https://s3n.cashify.in/cashify/product/img/xhdpi/ThinkPad_Series.jpg
Lenovo Ideapad  B490 Laptop, https://s3n.cashify.in/cashify/product/img/xhdpi/Idea_Pad_Series.jpg
Lenovo Y50-70 Laptop(59-441907), https://s3n.cashify.in/cashify/product/img/xhdpi/Y_Series.jpg
Lenovo Yoga 2 13 Notebook((59-442015), https://s3n.cashify.in/cashify/product/img/xhdpi/Yoga_Series.jpg
Lenovo Essential G50 (59-380722), https://s3n.cashify.in/cashify/product/img/xhdpi/Lenovo_Essential_Series.jpg
Lenovo Essential G400S(59-383670)TS Laptop, https://s3n.cashify.in/cashify/product/img/xhdpi/Lenovo_Essential_Series.jpg
Lenovo Essential B490(59-381836)laptop, https://s3n.cashify.in/cashify/product/img/xhdpi/Lenovo_Essential_Series.jpg
Lenovo Ideapad S400-358451 Laptop, https://s3n.cashify.in/cashify/product/img/xhdpi/Idea_Pad_Series.jpg
Lenovo Ideapad B490(59-349872)Laptop, https://s3n.cashify.in/cashify/product/img/xhdpi/Idea_Pad_Series.jpg
Lenovo Z-580 Ideapad( 59-383037), https://s3n.cashify.in/cashify/product/img/xhdpi/Z_series.jpg
Lenovo S300-59-34817 Notebook, https://s3n.cashify.in/cashify/product/img/xhdpi/S_Series.jpg
Lenovo G580-58 Laptop, https://s3n.cashify.in/cashify/product/img/xhdpi/Lenovo_G_Series.jpg
Lenovo Essential G505s(59-380146)Laptop, https://s3n.cashify.in/cashify/product/img/xhdpi/Lenovo_Essential_Series.jpg
Lenovo B480 Laptop, https://s3n.cashify.in/cashify/product/img/xhdpi/B_Series.jpg
Lenovo S510p (59-398286)LAPTOP, https://s3n.cashify.in/cashify/product/img/xhdpi/S_Series.jpg
Lenovo G580-59-351466, https://s3n.cashify.in/cashify/product/img/xhdpi/Lenovo_G_Series.jpg
Lenovo ThinkPad T43(2349U2D), https://s3n.cashify.in/cashify/product/img/xhdpi/ThinkPad_Series.jpg
Lenovo Essential G500s(59-388254), https://s3n.cashify.in/cashify/product/img/xhdpi/Lenovo_Essential_Series.jpg
Lenovo G50-45 Notebook(80E30142IN), https://s3n.cashify.in/cashify/product/img/xhdpi/Lenovo_G_Series.jpg
Lenovo Ideapad S510p(59-411376), https://s3n.cashify.in/cashify/product/img/xhdpi/Idea_Pad_Series.jpg
Lenovo Z50-70 (59-436412), https://s3n.cashify.in/cashify/product/img/xhdpi/Z_series.jpg
Lenovo Z50 (59-427802), https://s3n.cashify.in/cashify/product/img/xhdpi/Z_series.jpg
Lenovo Yoga 3 Pro Notebook (80HE00PCIN), https://s3n.cashify.in/cashify/product/img/xhdpi/Yoga_Series.jpg
Lenovo Flex 14 Tsscreen(59-395516), https://s3n.cashify.in/cashify/product/img/xhdpi/7100d8ed-ad04.jpg
Lenovo G50-70 (59-422405), https://s3n.cashify.in/cashify/product/img/xhdpi/Lenovo_G_Series.jpg
Lenovo IdeaPad Z50-70(59-419432), https://s3n.cashify.in/cashify/product/img/xhdpi/Idea_Pad_Series.jpg
Lenovo Z50-70 (59-428432), https://s3n.cashify.in/cashify/product/img/xhdpi/Z_series.jpg
Lenovo G50-70 Notebook(59-446477), https://s3n.cashify.in/cashify/product/img/xhdpi/Lenovo_G_Series.jpg
Lenovo Essential G400s(59-383636), https://s3n.cashify.in/cashify/product/img/xhdpi/Lenovo_Essential_Series.jpg
Lenovo ThinkPad X10(3460-22Q), https://s3n.cashify.in/cashify/product/img/xhdpi/ThinkPad_Series.jpg
Lenovo ThinkPad T430(2349O92), https://s3n.cashify.in/cashify/product/img/xhdpi/ThinkPad_Series.jpg
Lenovo Ideapad Z580(59-333651)), https://s3n.cashify.in/cashify/product/img/xhdpi/Idea_Pad_Series.jpg
Lenovo Essential G50(59-380860), https://s3n.cashify.in/cashify/product/img/xhdpi/Lenovo_Essential_Series.jpg
Lenovo G50-70 (59-422418), https://s3n.cashify.in/cashify/product/img/xhdpi/Lenovo_G_Series.jpg
Lenovo G50-45 (80E3005RIN), https://s3n.cashify.in/cashify/product/img/xhdpi/Lenovo_G_Series.jpg
Lenovo Flex 10 (59-404493), https://s3n.cashify.in/cashify/product/img/xhdpi/7100d8ed-ad04.jpg
Lenovo G500s (59-383022), https://s3n.cashify.in/cashify/product/img/xhdpi/Lenovo_G_Series.jpg
Lenovo Flex 14 Laptop(59-395515), https://s3n.cashify.in/cashify/product/img/xhdpi/7100d8ed-ad04.jpg
Lenovo G50-30 Notebook(80G001NSIN), https://s3n.cashify.in/cashify/product/img/xhdpi/Lenovo_G_Series.jpg
Lenovo G50 Notebook(80E3014FIN), https://s3n.cashify.in/cashify/product/img/xhdpi/Lenovo_G_Series.jpg
Lenovo Flex 2 (59-428487), https://s3n.cashify.in/cashify/product/img/xhdpi/7100d8ed-ad04.jpg
Lenovo Yoga 2 (59-428504), https://s3n.cashify.in/cashify/product/img/xhdpi/Yoga_Series.jpg
Lenovo Essential G5 (59-379862), https://s3n.cashify.in/cashify/product/img/xhdpi/Lenovo_Essential_Series.jpg
Lenovo S510p (59-383339), https://s3n.cashify.in/cashify/product/img/xhdpi/S_Series.jpg
Lenovo Ideapad Z510(59-405838), https://s3n.cashify.in/cashify/product/img/xhdpi/Idea_Pad_Series.jpg
Lenovo G50-30(80G001Y2IN), https://s3n.cashify.in/cashify/product/img/xhdpi/Lenovo_G_Series.jpg
Lenovo ThinkPad X240, https://s3n.cashify.in/cashify/product/img/xhdpi/ThinkPad_Series.jpg
LENOVO Yoga Book yb1x91l, https://s3n.cashify.in/cashify/product/img/xhdpi/5c94ac64-e81c.jpg
LENOVO G5080 G5080 Notebook, https://s3n.cashify.in/cashify/product/img/xhdpi/5c94ac64-e81c.jpg
LENOVO Ideapad 310 Notebook, https://s3n.cashify.in/cashify/product/img/xhdpi/5c94ac64-e81c.jpg
LENOVO Yoga 710, https://s3n.cashify.in/cashify/product/img/xhdpi/5c94ac64-e81c.jpg
LENOVO G5080 Notebook, https://s3n.cashify.in/cashify/product/img/xhdpi/5c94ac64-e81c.jpg
LENOVO Yoga 510, https://s3n.cashify.in/cashify/product/img/xhdpi/5c94ac64-e81c.jpg
LENOVO Yoga 510 Notebook, https://s3n.cashify.in/cashify/product/img/xhdpi/5c94ac64-e81c.jpg
LENOVO E4080 Notebook, https://s3n.cashify.in/cashify/product/img/xhdpi/5c94ac64-e81c.jpg
Lenovo G50-80 (80L0006FIN) Laptop, https://s3n.cashify.in/cashify/product/img/xhdpi/5747ee0a026c4.png
Lenovo Yoga 500 (Core i7 5th Gen..., https://s3n.cashify.in/cashify/product/img/xhdpi/5747ed0cce635.jpg
Lenovo G50-80 (80E503CBIH) Laptop, https://s3n.cashify.in/cashify/product/img/xhdpi/5747e776334ea.png
Lenovo G50-80 (80E502Q8IH) Notebook, https://s3n.cashify.in/cashify/product/img/xhdpi/5747e30952b77.png
Lenovo G50-30 (80G001VNIN) Notebook, https://s3n.cashify.in/cashify/product/img/xhdpi/5747e25ab19c1.png
Lenovo Yoga 300 (80M00011IN) Laptop, https://s3n.cashify.in/cashify/product/img/xhdpi/5747e06c51e57.jpg
Lenovo G50-80 (80L000HSIN) Laptop, https://s3n.cashify.in/cashify/product/img/xhdpi/5747df01f1e67.png
Lenovo G50-80 (80E5021EIN) Laptop, https://s3n.cashify.in/cashify/product/img/xhdpi/5747d8b4a64aa.jpg
Lenovo Ideapad Flex 2 (14), https://s3n.cashify.in/cashify/product/img/xhdpi/5747d687bf82c.jpg
Lenovo Z51-70, https://s3n.cashify.in/cashify/product/img/xhdpi/5747d619694b4.jpg
Lenovo IdeaPad 100 (80RK002UIH), https://s3n.cashify.in/cashify/product/img/xhdpi/5747d46555dfd.jpg
Lenovo YOGA 3 14, https://s3n.cashify.in/cashify/product/img/xhdpi/5747d3e95b34b.jpg
Lenovo Yoga 300 (80M1003WIN), https://s3n.cashify.in/cashify/product/img/xhdpi/5747d2a993b90.jpg
Lenovo G40-80 Notebook(80KY005TIN), https://s3n.cashify.in/cashify/product/img/xhdpi/Lenovo_G_Series.jpg
Lenovo G50-80 (Intel core, https://s3n.cashify.in/cashify/product/img/xhdpi/Lenovo_G_Series.jpg
Lenovo Z580 (59-333345)laptop, https://s3n.cashify.in/cashify/product/img/xhdpi/Z_series.jpg
Lenovo B40-30 Notebook (59-439837), https://s3n.cashify.in/cashify/product/img/xhdpi/B_Series.jpg
Lenovo Z50-70 Notebook(59-442262), https://s3n.cashify.in/cashify/product/img/xhdpi/Z_series.jpg
Lenovo Ideapad G50-45(80E300FSIN)AMD, https://s3n.cashify.in/cashify/product/img/xhdpi/Idea_Pad_Series.jpg
Lenovo G580-59-355398 laptop, https://s3n.cashify.in/cashify/product/img/xhdpi/Lenovo_G_Series.jpg
Lenovo ThinkPad Edge E430, https://s3n.cashify.in/cashify/product/img/xhdpi/ThinkPad_Series.jpg
Lenovo Essential G580, https://s3n.cashify.in/cashify/product/img/xhdpi/Lenovo_Essential_Series.jpg
Lenovo Thinkpad E43i notebook, https://s3n.cashify.in/cashify/product/img/xhdpi/ThinkPad_Series.jpg
Lenovo B40-70 Notebook (59-436219), https://s3n.cashify.in/cashify/product/img/xhdpi/B_Series.jpg
Lenovo T430U-6273-26Q notebook, https://s3n.cashify.in/cashify/product/img/xhdpi/T_Series.jpg
Lenovo Ideapad Z580(59-383215), https://s3n.cashify.in/cashify/product/img/xhdpi/Idea_Pad_Series.jpg
Lenovo S300 NotebooK 59-340450, https://s3n.cashify.in/cashify/product/img/xhdpi/S_Series.jpg
Lenovo ThinkPad L430(24664B4)laptop, https://s3n.cashify.in/cashify/product/img/xhdpi/ThinkPad_Series.jpg
Lenovo Z50 (59-429611) notebook, https://s3n.cashify.in/cashify/product/img/xhdpi/Z_series.jpg
Lenovo 59-370254 Laptop, https://s3n.cashify.in/cashify/product/img/xhdpi/f127fb5f-3062.jpg
Lenovo B480 Laptop 59-328960 laptop, https://s3n.cashify.in/cashify/product/img/xhdpi/B_Series.jpg
Lenovo G580-59-32408 laptop, https://s3n.cashify.in/cashify/product/img/xhdpi/Lenovo_G_Series.jpg
Lenovo IdeaPad Z50-70(59-419432)laptop, https://s3n.cashify.in/cashify/product/img/xhdpi/Idea_Pad_Series.jpg
Lenovo Z50-70 (59-427812)Notebook, https://s3n.cashify.in/cashify/product/img/xhdpi/Z_series.jpg
Lenovo Z50-70 (59-420313)Laptop, https://s3n.cashify.in/cashify/product/img/xhdpi/Z_series.jpg
Lenovo ThinkPad E431(62771F0)Laptop, https://s3n.cashify.in/cashify/product/img/xhdpi/ThinkPad_Series.jpg
Lenovo ThinkPad Edge E430(32541B0)Laptop, https://s3n.cashify.in/cashify/product/img/xhdpi/ThinkPad_Series.jpg
Lenovo ThinkPad Edge E430(32541A9)Laptop, https://s3n.cashify.in/cashify/product/img/xhdpi/ThinkPad_Series.jpg
Lenovo G403 Laptop (80G00018IN), https://s3n.cashify.in/cashify/product/img/xhdpi/Lenovo_G_Series.jpg
Lenovo G-580 Notebook(59-363678), https://s3n.cashify.in/cashify/product/img/xhdpi/Lenovo_G_Series.jpg
Lenovo ThinkPad Edge E530(32591J1)Laptop, https://www.cashify.in/static/b.png
Lenovo IdeaPad Z50-70(59-429623)Laptop, https://s3n.cashify.in/cashify/product/img/xhdpi/Idea_Pad_Series.jpg
Lenovo G50 (80E300RGIN)AMD, https://s3n.cashify.in/cashify/product/img/xhdpi/Lenovo_G_Series.jpg
Lenovo G50-30 Notebook (80G000D41N), https://s3n.cashify.in/cashify/product/img/xhdpi/Lenovo_G_Series.jpg
Lenovo Flex 2-14 (59-429729)Notebook, https://s3n.cashify.in/cashify/product/img/xhdpi/7100d8ed-ad04.jpg
Lenovo Thinkpad E431 Notebook -6.89+10, https://s3n.cashify.in/cashify/product/img/xhdpi/ThinkPad_Series.jpg
Lenovo Ideapad S510P(59-311377)Notebook, https://s3n.cashify.in/cashify/product/img/xhdpi/Idea_Pad_Series.jpg
Lenovo IdeaPad B490(59-369872)Laptop, https://s3n.cashify.in/cashify/product/img/xhdpi/Idea_Pad_Series.jpg
Lenovo IdeaPad B590(59-390109), https://s3n.cashify.in/cashify/product/img/xhdpi/Idea_Pad_Series.jpg
Lenovo ThinkPad Edge E530(3259KCQ), https://s3n.cashify.in/cashify/product/img/xhdpi/ThinkPad_Series.jpg
Lenovo S-210 Touch (59-379242), https://s3n.cashify.in/cashify/product/img/xhdpi/S_Series.jpg
Lenovo X230T Notebook, https://s3n.cashify.in/cashify/product/img/xhdpi/X_series.jpg
Lenovo ThinkPad EdgeE530 (3259-T1Q), https://s3n.cashify.in/cashify/product/img/xhdpi/ThinkPad_Series.jpg
Lenovo B490 Laptop, https://s3n.cashify.in/cashify/product/img/xhdpi/B_Series.jpg
Lenovo G50-70 Laptop(59-417092), https://s3n.cashify.in/cashify/product/img/xhdpi/Lenovo_G_Series.jpg
Lenovo B50-70 Notebook(59-438423), https://s3n.cashify.in/cashify/product/img/xhdpi/B_Series.jpg
Lenovo ThinkPad Edge(E430-3254-T2Q), https://s3n.cashify.in/cashify/product/img/xhdpi/ThinkPad_Series.jpg
Lenovo Flex 14 Laptop(59-411867), https://s3n.cashify.in/cashify/product/img/xhdpi/7100d8ed-ad04.jpg
Lenovo Flex 10 (59-4305551), https://s3n.cashify.in/cashify/product/img/xhdpi/7100d8ed-ad04.jpg
Lenovo Z580 (59382934), https://s3n.cashify.in/cashify/product/img/xhdpi/Z_series.jpg
Lenovo Z-500 Ideapad(59-380463), https://s3n.cashify.in/cashify/product/img/xhdpi/Z_series.jpg
Lenovo Essential G45(59-415701), https://s3n.cashify.in/cashify/product/img/xhdpi/Lenovo_Essential_Series.jpg
Lenovo Essential B490(59-381813), https://s3n.cashify.in/cashify/product/img/xhdpi/Lenovo_Essential_Series.jpg
Lenovo G500 59-412154, https://s3n.cashify.in/cashify/product/img/xhdpi/Lenovo_G_Series.jpg
Lenovo G510 (59-398411), https://s3n.cashify.in/cashify/product/img/xhdpi/Lenovo_G_Series.jpg
Lenovo Z50-70 (59-429601), https://s3n.cashify.in/cashify/product/img/xhdpi/Z_series.jpg
Lenovo Essential G510(59-398452), https://s3n.cashify.in/cashify/product/img/xhdpi/Lenovo_Essential_Series.jpg
Lenovo Z50-70 (59-429623), https://s3n.cashify.in/cashify/product/img/xhdpi/Z_series.jpg
Lenovo U-310 Ideapad(59-342831), https://s3n.cashify.in/cashify/product/img/xhdpi/U_Series.jpg
Lenovo ThinkPad X1 Carbon, https://s3n.cashify.in/cashify/product/img/xhdpi/ThinkPad_Series.jpg
Lenovo Ideapad U410(59-342777), https://s3n.cashify.in/cashify/product/img/xhdpi/Idea_Pad_Series.jpg
Lenovo IdeaPad Yoga2 (59-411008), https://s3n.cashify.in/cashify/product/img/xhdpi/Idea_Pad_Series.jpg
Lenovo Essential G580(59-344833), https://s3n.cashify.in/cashify/product/img/xhdpi/Lenovo_Essential_Series.jpg
Lenovo B490 Laptop(59-376926), https://s3n.cashify.in/cashify/product/img/xhdpi/B_Series.jpg
Lenovo Ideapad Z580(59-333347), https://s3n.cashify.in/cashify/product/img/xhdpi/Idea_Pad_Series.jpg
Lenovo G580 Notebook(59-369761), https://s3n.cashify.in/cashify/product/img/xhdpi/Lenovo_G_Series.jpg
Lenovo Yoga Series(59-369150), https://s3n.cashify.in/cashify/product/img/xhdpi/Yoga_Series.jpg
Lenovo G500 (59-37033022), https://s3n.cashify.in/cashify/product/img/xhdpi/Lenovo_G_Series.jpg
Lenovo ThinkPad Edge E431, https://s3n.cashify.in/cashify/product/img/xhdpi/ThinkPad_Series.jpg
Lenovo G400s TS (59-383645), https://s3n.cashify.in/cashify/product/img/xhdpi/Lenovo_G_Series.jpg
Lenovo Z510 (59387061), https://s3n.cashify.in/cashify/product/img/xhdpi/Z_series.jpg
Lenovo S-210 Touchs(59-379266), https://s3n.cashify.in/cashify/product/img/xhdpi/S_Series.jpg
Lenovo Essential G5 (59-351473), https://s3n.cashify.in/cashify/product/img/xhdpi/Lenovo_Essential_Series.jpg
Lenovo Essential G5 (59-380754), https://s3n.cashify.in/cashify/product/img/xhdpi/Lenovo_Essential_Series.jpg
Lenovo G50-30(80G0003-GIN), https://s3n.cashify.in/cashify/product/img/xhdpi/Lenovo_G_Series.jpg
Lenovo G580 Laptop, https://s3n.cashify.in/cashify/product/img/xhdpi/Lenovo_G_Series.jpg
Lenovo Essential G580 2nd Gen PDC, https://s3n.cashify.in/cashify/product/img/xhdpi/Lenovo_Essential_Series.jpg
Lenovo Essential G575 Series, https://s3n.cashify.in/cashify/product/img/xhdpi/Lenovo_Essential_Series.jpg
Lenovo G550 (Pentium Dual-core), https://s3n.cashify.in/cashify/product/img/xhdpi/Lenovo_G_Series.jpg
Lenovo U-310 Ideapad Core i5, https://s3n.cashify.in/cashify/product/img/xhdpi/U_Series.jpg
Lenovo Essential G580 (Core i5), https://s3n.cashify.in/cashify/product/img/xhdpi/Lenovo_Essential_Series.jpg
Lenovo Essential B470 Core i5, https://s3n.cashify.in/cashify/product/img/xhdpi/Lenovo_Essential_Series.jpg
Lenovo S300 Core i3, https://s3n.cashify.in/cashify/product/img/xhdpi/S_Series.jpg
Lenovo Essential B570, https://s3n.cashify.in/cashify/product/img/xhdpi/Lenovo_Essential_Series.jpg
Lenovo Essential B560, https://s3n.cashify.in/cashify/product/img/xhdpi/Lenovo_Essential_Series.jpg
Lenovo G560 Dual Core, https://s3n.cashify.in/cashify/product/img/xhdpi/Lenovo_G_Series.jpg
Lenovo 3000 N100 (Pentium Dual-core), https://s3n.cashify.in/cashify/product/img/xhdpi/Lenovo_3000_Series.jpg
Lenovo 3000 V100 (Core Duo), https://s3n.cashify.in/cashify/product/img/xhdpi/Lenovo_3000_Series.jpg
Lenovo 3000 V200 (Core 2 Duo), https://s3n.cashify.in/cashify/product/img/xhdpi/Lenovo_3000_Series.jpg
Lenovo 3000 N200 (Core 2 Duo), https://s3n.cashify.in/cashify/product/img/xhdpi/Lenovo_3000_Series.jpg
Lenovo 3000 G350 (Pentium Dual-core), https://s3n.cashify.in/cashify/product/img/xhdpi/Lenovo_3000_Series.jpg
Lenovo 3000 G430 Series, https://s3n.cashify.in/cashify/product/img/xhdpi/Lenovo_3000_Series.jpg
Lenovo 3000 G410 Series, https://s3n.cashify.in/cashify/product/img/xhdpi/Lenovo_3000_Series.jpg
Lenovo E430 Thinkpad Core i3, https://s3n.cashify.in/cashify/product/img/xhdpi/ThinkPad_Series.jpg
Lenovo G-585 AMD E300, https://s3n.cashify.in/cashify/product/img/xhdpi/Lenovo_G_Series.jpg
Lenovo ThinkPad R61i (Pentium Dual-core), https://s3n.cashify.in/cashify/product/img/xhdpi/ThinkPad_Series.jpg
Lenovo ThinkPad X201i (Pentium Dual-core), https://s3n.cashify.in/cashify/product/img/xhdpi/ThinkPad_Series.jpg
Lenovo ThinkPad T430 (Pentium Dual-core), https://s3n.cashify.in/cashify/product/img/xhdpi/ThinkPad_Series.jpg
Lenovo ThinkPad Edge E530 (Pentium Dual-core), https://s3n.cashify.in/cashify/product/img/xhdpi/ThinkPad_Series.jpg
Lenovo N500 (Pentium Dual-core), https://www.cashify.in/static/b.png
Lenovo ThinkPad X220 (Core i7), https://s3n.cashify.in/cashify/product/img/xhdpi/ThinkPad_Series.jpg
Lenovo ThinkPad X201i (Core i7), https://s3n.cashify.in/cashify/product/img/xhdpi/ThinkPad_Series.jpg
Lenovo ThinkPad W530 (Core i7 Quad Core), https://s3n.cashify.in/cashify/product/img/xhdpi/ThinkPad_Series.jpg
Lenovo ThinkPad T520 (Core i7), https://s3n.cashify.in/cashify/product/img/xhdpi/ThinkPad_Series.jpg
Lenovo ThinkPad T520 (Core i7 Quad Core), https://s3n.cashify.in/cashify/product/img/xhdpi/ThinkPad_Series.jpg
Lenovo ThinkPad T430s (Core i7), https://s3n.cashify.in/cashify/product/img/xhdpi/ThinkPad_Series.jpg
Lenovo ThinkPad T420s (Core i7), https://s3n.cashify.in/cashify/product/img/xhdpi/ThinkPad_Series.jpg
Lenovo ThinkPad Edge E520 (Core i7), https://s3n.cashify.in/cashify/product/img/xhdpi/ThinkPad_Series.jpg
Lenovo ThinkPad X220 (Core i5), https://s3n.cashify.in/cashify/product/img/xhdpi/ThinkPad_Series.jpg
Lenovo ThinkPad T430s (Core i5), https://s3n.cashify.in/cashify/product/img/xhdpi/ThinkPad_Series.jpg
Lenovo ThinkPad T430 (Core i5), https://s3n.cashify.in/cashify/product/img/xhdpi/ThinkPad_Series.jpg
Lenovo ThinkPad T420s (Core i5), https://s3n.cashify.in/cashify/product/img/xhdpi/ThinkPad_Series.jpg
Lenovo ThinkPad L412 (Core i5), https://s3n.cashify.in/cashify/product/img/xhdpi/ThinkPad_Series.jpg
Lenovo ThinkPad X201i (Core i3), https://s3n.cashify.in/cashify/product/img/xhdpi/ThinkPad_Series.jpg
Lenovo ThinkPad T430i (Core i3), https://s3n.cashify.in/cashify/product/img/xhdpi/ThinkPad_Series.jpg
Lenovo ThinkPad T430 (Core i3), https://s3n.cashify.in/cashify/product/img/xhdpi/ThinkPad_Series.jpg
Lenovo ThinkPad T420s (Core i3), https://s3n.cashify.in/cashify/product/img/xhdpi/ThinkPad_Series.jpg
Lenovo ThinkPad Edge E520 (Core i3), https://s3n.cashify.in/cashify/product/img/xhdpi/ThinkPad_Series.jpg
Lenovo ThinkPad Edge E420 (Core i3), https://s3n.cashify.in/cashify/product/img/xhdpi/ThinkPad_Series.jpg
Lenovo ThinkPad Edge 14 (Core i3), https://s3n.cashify.in/cashify/product/img/xhdpi/ThinkPad_Series.jpg
Lenovo ThinkPad X200 (Core Duo), https://s3n.cashify.in/cashify/product/img/xhdpi/ThinkPad_Series.jpg
IBM Lenovo ThinkPad T60, https://s3n.cashify.in/cashify/product/img/xhdpi/ThinkPad_Series.jpg
Lenovo ThinkPad T61p (Core 2 Duo), https://s3n.cashify.in/cashify/product/img/xhdpi/ThinkPad_Series.jpg
Lenovo ThinkPad T60p (Core 2 Duo), https://s3n.cashify.in/cashify/product/img/xhdpi/ThinkPad_Series.jpg
Lenovo ThinkPad SL410 (Core 2 Duo), https://s3n.cashify.in/cashify/product/img/xhdpi/ThinkPad_Series.jpg
Lenovo ThinkPad R60 (Core 2 Duo), https://s3n.cashify.in/cashify/product/img/xhdpi/ThinkPad_Series.jpg
Lenovo ThinkPad SL510 (Celeron Dual-core), https://www.cashify.in/static/b.png
Lenovo ThinkPad R500 (Celeron Dual-core), https://www.cashify.in/static/b.png
Lenovo ThinkPad Edge E425 (AMD A-Series Quad Core), https://www.cashify.in/static/b.png
Lenovo ThinkPad Edge E435 (AMD A-Series Dual-core), https://www.cashify.in/static/b.png
ThinkPad T510 Core i7, https://www.cashify.in/static/b.png
Lenovo IdeaPad u450 Series, https://www.cashify.in/static/b.png
Lenovo Ideapad Z580 Core i5, https://www.cashify.in/static/b.png
Lenovo Ideapad Z580 Core i3, https://www.cashify.in/static/b.png
Lenovo IdeaPad Y560 Core i7, https://www.cashify.in/static/b.png
Lenovo IdeaPad Y500 Core i7, https://www.cashify.in/static/b.png
Lenovo IdeaPad Y480 Series, https://www.cashify.in/static/b.png
Lenovo IdeaPad u260 Core i5, https://www.cashify.in/static/b.png
Lenovo IdeaPad u300 Core i5, https://www.cashify.in/static/b.png
Lenovo IdeaPad Y560 Core i5, https://www.cashify.in/static/b.png
Lenovo IdeaPad z370 Series(i5), https://www.cashify.in/static/b.png
Lenovo IdeaPad Y480 (Core i5), https://www.cashify.in/static/b.png
Lenovo IdeaPad Y710 (Core 2 Duo), https://www.cashify.in/static/b.png
Lenovo IdeaPad Y430 (Core 2 Duo), https://www.cashify.in/static/b.png
Lenovo IdeaPad U510 (Core i5), https://www.cashify.in/static/b.png
Lenovo IdeaPad U310 (Core i5), https://www.cashify.in/static/b.png
Lenovo IdealPad Y550 (Core 2 Duo), https://www.cashify.in/static/b.png
Lenovo Essential V100 Series, https://www.cashify.in/static/b.png
Lenovo Ideapad 330, https://www.cashify.in/static/b.png
Lenovo Ideapad 320s, https://www.cashify.in/static/b.png
Lenovo B40-70, https://www.cashify.in/static/b.png
Lenovo Essential B550, https://www.cashify.in/static/b.png
Lenovo X230T Core i7, https://www.cashify.in/static/b.png
Lenovo Essential B590 (Core i3), https://www.cashify.in/static/b.png
Lenovo Z-585 AM, https://www.cashify.in/static/b.png
Lenovo 3000 Y400 Series, https://www.cashify.in/static/b.png
Lenovo 3000 Y500 Series, https://www.cashify.in/static/b.png
Lenovo 3000 N100 (Core 2 Duo), https://www.cashify.in/static/b.png
Lenovo B490 Core i3, https://www.cashify.in/static/b.png
Lenovo ThinkPad X220 (Pentium Dual-core), https://www.cashify.in/static/b.png
Lenovo ThinkPad R60 (Core Solo), https://www.cashify.in/static/b.png
Lenovo ThinkPad X201 (Core i7), https://www.cashify.in/static/b.png
Lenovo ThinkPad W530 (Core i7), https://www.cashify.in/static/b.png
Lenovo ThinkPad T530 (Core i7 Quad Core), https://www.cashify.in/static/b.png
Lenovo ThinkPad T431s (Core i7), https://www.cashify.in/static/b.png
Lenovo ThinkPad T410 (Core i7), https://www.cashify.in/static/b.png
Lenovo ThinkPad Edge E430 (Core i7 Quad Core), https://www.cashify.in/static/b.png
Lenovo ThinkPad X201 (Core i5), https://www.cashify.in/static/b.png
Lenovo ThinkPad W510 (Core i5), https://www.cashify.in/static/b.png
Lenovo ThinkPad T420 (Core i5), https://www.cashify.in/static/b.png
Lenovo ThinkPad L512 (Core i5), https://www.cashify.in/static/b.png
Lenovo ThinkPad Edge S430 (Core i5), https://www.cashify.in/static/b.png
Lenovo ThinkPad T530i (Core i3), https://www.cashify.in/static/b.png
Lenovo ThinkPad T520i (Core i3), https://www.cashify.in/static/b.png
Lenovo ThinkPad T520 (Core i3), https://www.cashify.in/static/b.png
Lenovo ThinkPad L520 (Core i3), https://www.cashify.in/static/b.png
Lenovo ThinkPad L512 (Core i3), https://www.cashify.in/static/b.png
Lenovo ThinkPad Edge S430 (Core i3), https://www.cashify.in/static/b.png
Lenovo ThinkPad R60 (Core Duo), https://www.cashify.in/static/b.png
IBM ThinkPad X60, https://www.cashify.in/static/b.png
Lenovo ThinkPad W700ds (Core 2 Quad Core), https://www.cashify.in/static/b.png
Lenovo ThinkPad X200 (Core 2 Duo), https://www.cashify.in/static/b.png
Lenovo ThinkPad W700ds (Core 2 Duo), https://www.cashify.in/static/b.png
Lenovo ThinkPad W500 (Core 2 Duo), https://www.cashify.in/static/b.png
Lenovo ThinkPad T400s (Core 2 Duo), https://www.cashify.in/static/b.png
Lenovo ThinkPad SL500c (Core 2 Duo), https://www.cashify.in/static/b.png
Lenovo ThinkPad SL500 (Core 2 Duo), https://www.cashify.in/static/b.png
Lenovo ThinkPad SL400c (Core 2 Duo), https://www.cashify.in/static/b.png
Lenovo ThinkPad R500 (Core 2 Duo), https://www.cashify.in/static/b.png
Lenovo ThinkPad R400 (Core 2 Duo), https://www.cashify.in/static/b.png
IBM ThinkPad X61, https://www.cashify.in/static/b.png
Lenovo ThinkPad X201i (Celeron Dual-core), https://www.cashify.in/static/b.png
Lenovo ThinkPad Edge E535 (AMD A-Series Dual-core), https://www.cashify.in/static/b.png
Thinkpad X120e, https://www.cashify.in/static/b.png
Lenovo 3000 C200 (Core 2 Duo), https://www.cashify.in/static/b.png
Lenovo ThinkPad Edge E430 Core i3, https://www.cashify.in/static/b.png
Lenovo ThinkPad Edge E220/E220s Series, https://www.cashify.in/static/b.png
Lenovo Ideapad U410 Core i5, https://www.cashify.in/static/b.png
Lenovo Ideapad Z500 Core i5, https://www.cashify.in/static/b.png
Lenovo IdeaPad B480 Core i3, https://www.cashify.in/static/b.png
Lenovo IdeaPad Y470 Core i7, https://www.cashify.in/static/b.png
Lenovo IdeaPad Y400 Core i7, https://www.cashify.in/static/b.png
Lenovo IdeaPad u460 Core i5, https://www.cashify.in/static/b.png
Lenovo IdeaPad Y460 Series, https://www.cashify.in/static/b.png
Lenovo IdeaPad z570 Core i3, https://www.cashify.in/static/b.png
Lenovo IdeaPad z560 Series, https://www.cashify.in/static/b.png
Lenovo IdeaPad Y550 (Core 2 Duo), https://www.cashify.in/static/b.png
Lenovo Essential N500 Core 2 Duo, https://www.cashify.in/static/b.png
LENOVO Legion Y720 Notebook, https://www.cashify.in/static/b.png
LENOVO Z5170 Notebook, https://www.cashify.in/static/b.png
LENOVO Ideapad 500 Notebook, https://www.cashify.in/static/b.png
LENOVO 510 Yoga, https://s3n.cashify.in/cashify/product/img/xhdpi/5c94ac64-e81c.jpg
LENOVO Essential G500 (59380722) Laptop, https://s3n.cashify.in/cashify/product/img/xhdpi/5c94ac64-e81c.jpg
Lenovo Yoga 500 (Core i5 5th Gen..., https://s3n.cashify.in/cashify/product/img/xhdpi/5747ecbbb7530.jpg
Lenovo U41-70 (80JV00HKIN) Notebook, https://s3n.cashify.in/cashify/product/img/xhdpi/5747eb39dee23.jpg
Lenovo B40-80 (80F60006IH) Laptop, https://s3n.cashify.in/cashify/product/img/xhdpi/5747e95a8e134.jpg
Lenovo G50-80 (80E5039CIH) Laptop, https://s3n.cashify.in/cashify/product/img/xhdpi/5747e9011eaef.png
Lenovo Thinkpad Edge E450 (20DDA01N00) Laptop, https://s3n.cashify.in/cashify/product/img/xhdpi/5747e81f0cbda.jpg
Lenovo Ideapad 100-15IBY (80MJ00HGIN) Laptop, https://s3n.cashify.in/cashify/product/img/xhdpi/5747e0b49782b.jpg
Lenovo Ideapad Flex 2-14 59-429728 Laptop, https://s3n.cashify.in/cashify/product/img/xhdpi/5747e016c3f67.jpg
Lenovo G50-80 (80E502Q3IH) Notebook, https://s3n.cashify.in/cashify/product/img/xhdpi/5747dd731cd83.jpg
Lenovo Z51-70 (80K60002IN) Laptop, https://s3n.cashify.in/cashify/product/img/xhdpi/5747dd20ecab4.jpg
Lenovo Ideapad 500 (80NT00PAIN) Notebook, https://s3n.cashify.in/cashify/product/img/xhdpi/5747d9c629b97.jpg
Lenovo B50-80 (80EW052YIH) Laptop, https://s3n.cashify.in/cashify/product/img/xhdpi/5747d9726cb2b.jpg
Lenovo G50-80 (80E503C9IH) Laptop, https://s3n.cashify.in/cashify/product/img/xhdpi/5747d6ece919e.jpg
Lenovo Ideapad 100 15IBD (80QQ00), https://s3n.cashify.in/cashify/product/img/xhdpi/5747d5b7e2d02.jpg
Lenovo Y50-70, https://s3n.cashify.in/cashify/product/img/xhdpi/5747d506bd949.jpg
Lenovo U41, https://s3n.cashify.in/cashify/product/img/xhdpi/5747d2f8739ed.jpg
Lenovo G50-80 (80E502Q3IH), https://s3n.cashify.in/cashify/product/img/xhdpi/5747d0304550b.jpg
Lenovo G50-30, https://s3n.cashify.in/cashify/product/img/xhdpi/5747cfb4b1834.jpg
Lenovo B50-80, https://s3n.cashify.in/cashify/product/img/xhdpi/5747cec103543.jpg
Lenovo B40-70 (59429146)Laptop, https://s3n.cashify.in/cashify/product/img/xhdpi/B_Series.jpg
Lenovo Z Series Notebook core, https://s3n.cashify.in/cashify/product/img/xhdpi/Z_series.jpg
Lenovo B50-70 Notebook(59-441714), https://s3n.cashify.in/cashify/product/img/xhdpi/B_Series.jpg
Lenovo Z Series Notebook, https://s3n.cashify.in/cashify/product/img/xhdpi/Z_series.jpg
Lenovo S400-59-340453 notebook, https://s3n.cashify.in/cashify/product/img/xhdpi/S_Series.jpg
Lenovo ThinkPad X220, https://s3n.cashify.in/cashify/product/img/xhdpi/ThinkPad_Series.jpg
Lenovo E531 (6885C6Q)Thinkpad, https://s3n.cashify.in/cashify/product/img/xhdpi/ThinkPad_Series.jpg
Lenovo X240 ThinkPad(20AMA0JXIG), https://s3n.cashify.in/cashify/product/img/xhdpi/ThinkPad_Series.jpg
Lenovo Ideapad G50-45(80E3004EIN)AMD, https://s3n.cashify.in/cashify/product/img/xhdpi/Idea_Pad_Series.jpg
Lenovo G50 Laptop (59-443034), https://s3n.cashify.in/cashify/product/img/xhdpi/Lenovo_G_Series.jpg
Lenovo G510 NotebooK, https://s3n.cashify.in/cashify/product/img/xhdpi/Lenovo_G_Series.jpg
Lenovo G50 Laptop (59-443003), https://s3n.cashify.in/cashify/product/img/xhdpi/Lenovo_G_Series.jpg
Lenovo Ideapad Z580 (59-333630)Laptop, https://s3n.cashify.in/cashify/product/img/xhdpi/Idea_Pad_Series.jpg
Lenovo Y50-70 Laptop(59-441908), https://s3n.cashify.in/cashify/product/img/xhdpi/Y_Series.jpg
Lenovo T430U Notebook, https://s3n.cashify.in/cashify/product/img/xhdpi/T_Series.jpg
Lenovo Ideapad Y500(59-346619)LAPTOP, https://s3n.cashify.in/cashify/product/img/xhdpi/Idea_Pad_Series.jpg
Lenovo Ideapad U310(59-341070)ultrabook, https://s3n.cashify.in/cashify/product/img/xhdpi/Idea_Pad_Series.jpg
Lenovo Essential G570(59-340549)laptop, https://s3n.cashify.in/cashify/product/img/xhdpi/Lenovo_Essential_Series.jpg
Lenovo S20-30 Notebook (59-442211), https://s3n.cashify.in/cashify/product/img/xhdpi/S_Series.jpg
Lenovo Thinkpad Edge E431(62771F1)laptop, https://s3n.cashify.in/cashify/product/img/xhdpi/ThinkPad_Series.jpg
Lenovo Thinkpad E530(33661J0)laptop, https://s3n.cashify.in/cashify/product/img/xhdpi/ThinkPad_Series.jpg
Lenovo Essential G580 (59-351474)Laptop, https://s3n.cashify.in/cashify/product/img/xhdpi/Lenovo_Essential_Series.jpg
Lenovo G Series Notebook, https://s3n.cashify.in/cashify/product/img/xhdpi/Lenovo_G_Series.jpg
Lenovo Ideapad Ultrabook aslim s510p(59-411377), https://s3n.cashify.in/cashify/product/img/xhdpi/Idea_Pad_Series.jpg
Lenovo Ideapad U410(59-341061)Ultrabook, https://s3n.cashify.in/cashify/product/img/xhdpi/Idea_Pad_Series.jpg
Lenovo Ideapad G50-30 (80G000PIN), https://s3n.cashify.in/cashify/product/img/xhdpi/Idea_Pad_Series.jpg
Lenovo ThinkPad X240 laptop, https://s3n.cashify.in/cashify/product/img/xhdpi/ThinkPad_Series.jpg
Lenovo ThinkPad T430-2349-J8Q, https://s3n.cashify.in/cashify/product/img/xhdpi/ThinkPad_Series.jpg
Lenovo B Series B570, https://s3n.cashify.in/cashify/product/img/xhdpi/B_Series.jpg
Lenovo Ideapad Z580(59-347604)laptop, https://s3n.cashify.in/cashify/product/img/xhdpi/Idea_Pad_Series.jpg
Lenovo Flex 2-14 Laptop(59-413529), https://s3n.cashify.in/cashify/product/img/xhdpi/7100d8ed-ad04.jpg
Lenovo S-210 Touch(59-379334)Laptop, https://s3n.cashify.in/cashify/product/img/xhdpi/S_Series.jpg
Lenovo B40-45 (59-436667), https://s3n.cashify.in/cashify/product/img/xhdpi/B_Series.jpg
Lenovo B490 Laptop 59-349113, https://s3n.cashify.in/cashify/product/img/xhdpi/B_Series.jpg
Lenovo G500 (59-412154)Laptop, https://s3n.cashify.in/cashify/product/img/xhdpi/Lenovo_G_Series.jpg
Lenovo B50-70 (59-434773)laptop, https://s3n.cashify.in/cashify/product/img/xhdpi/B_Series.jpg
Lenovo Yoga 2 13 Notebook(59-442014), https://s3n.cashify.in/cashify/product/img/xhdpi/Yoga_Series.jpg
Lenovo IdeaPad B480-343821, https://s3n.cashify.in/cashify/product/img/xhdpi/Idea_Pad_Series.jpg
Lenovo Essential G580(59-347375)Laptop, https://s3n.cashify.in/cashify/product/img/xhdpi/Lenovo_Essential_Series.jpg
Lenovo Essential G580 (59-335617)Laptop, https://s3n.cashify.in/cashify/product/img/xhdpi/Lenovo_Essential_Series.jpg
Lenovo Ideapad B490(59-382575)Notebook laptop, https://s3n.cashify.in/cashify/product/img/xhdpi/Idea_Pad_Series.jpg
Lenovo G500 (59-380860)Laptop, https://s3n.cashify.in/cashify/product/img/xhdpi/Lenovo_G_Series.jpg
Lenovo Ideapad Z510(59-387057)Laptop, https://s3n.cashify.in/cashify/product/img/xhdpi/Idea_Pad_Series.jpg
Lenovo Essential B490(59-413237)Notebook, https://s3n.cashify.in/cashify/product/img/xhdpi/Lenovo_Essential_Series.jpg
Lenovo B40-70 Notebook(59-440123), https://s3n.cashify.in/cashify/product/img/xhdpi/B_Series.jpg
Lenovo G50-70 Ideapad (59-422432)Laptop, https://s3n.cashify.in/cashify/product/img/xhdpi/Lenovo_G_Series.jpg
Lenovo B490 Laptop 59-349110, https://s3n.cashify.in/cashify/product/img/xhdpi/B_Series.jpg
Lenovo Ideapad S510P(59-411351)Laptop, https://s3n.cashify.in/cashify/product/img/xhdpi/Idea_Pad_Series.jpg
Lenovo Essential G580(59-398232)laptop, https://s3n.cashify.in/cashify/product/img/xhdpi/Lenovo_Essential_Series.jpg
Lenovo ThinkPad Edge E530(32591F2)Laptop, https://s3n.cashify.in/cashify/product/img/xhdpi/ThinkPad_Series.jpg
Lenovo ThinkPad X230(2325Y9C), https://s3n.cashify.in/cashify/product/img/xhdpi/ThinkPad_Series.jpg
Lenovo G500 (59380704), https://s3n.cashify.in/cashify/product/img/xhdpi/Lenovo_G_Series.jpg
Lenovo Essential B4(59-364701), https://s3n.cashify.in/cashify/product/img/xhdpi/Lenovo_Essential_Series.jpg
Lenovo ThinkPad Twi(33472QQ), https://s3n.cashify.in/cashify/product/img/xhdpi/ThinkPad_Series.jpg
Lenovo E430 Thinkpad, https://s3n.cashify.in/cashify/product/img/xhdpi/ThinkPad_Series.jpg
Lenovo Z50-70 IdeaPad(59-430541), https://s3n.cashify.in/cashify/product/img/xhdpi/Z_series.jpg
Lenovo Z50-70 (59-428434), https://s3n.cashify.in/cashify/product/img/xhdpi/Z_series.jpg
Lenovo Z50-70 Notebook(59-442264), https://s3n.cashify.in/cashify/product/img/xhdpi/Z_series.jpg
Lenovo G50-80 Notebok(80E501LRIN), https://s3n.cashify.in/cashify/product/img/xhdpi/Lenovo_G_Series.jpg
Lenovo X240 ThinkPad(20AMA0B2IG), https://s3n.cashify.in/cashify/product/img/xhdpi/ThinkPad_Series.jpg
Lenovo Z50-70 Notebook(59-420310), https://s3n.cashify.in/cashify/product/img/xhdpi/Z_series.jpg
Lenovo G50 (80E3014FIN), https://s3n.cashify.in/cashify/product/img/xhdpi/Lenovo_G_Series.jpg
Lenovo Ideapad Z510(59-405848), https://s3n.cashify.in/cashify/product/img/xhdpi/Idea_Pad_Series.jpg
Lenovo G50-70 Laptop(59-422412), https://s3n.cashify.in/cashify/product/img/xhdpi/Lenovo_G_Series.jpg
Lenovo Essential G45 (59-412293), https://s3n.cashify.in/cashify/product/img/xhdpi/Lenovo_Essential_Series.jpg
Lenovo ThinkPad E431(62771L8), https://s3n.cashify.in/cashify/product/img/xhdpi/ThinkPad_Series.jpg
Lenovo G580-59-324014, https://s3n.cashify.in/cashify/product/img/xhdpi/Lenovo_G_Series.jpg
Lenovo Flex 10 Laptop(59-408507), https://s3n.cashify.in/cashify/product/img/xhdpi/7100d8ed-ad04.jpg
Lenovo Essential G580 (59-352560), https://s3n.cashify.in/cashify/product/img/xhdpi/Lenovo_Essential_Series.jpg
Lenovo Ideapad U310(59-342832), https://s3n.cashify.in/cashify/product/img/xhdpi/Idea_Pad_Series.jpg
Lenovo Essential G50(59-383037), https://s3n.cashify.in/cashify/product/img/xhdpi/Lenovo_Essential_Series.jpg
Lenovo G510 (59-398343), https://s3n.cashify.in/cashify/product/img/xhdpi/Lenovo_G_Series.jpg
Lenovo Y-500 Ideapad(59-379647), https://s3n.cashify.in/cashify/product/img/xhdpi/Y_Series.jpg
Lenovo ThinkPad Edge E431(62774SQ), https://s3n.cashify.in/cashify/product/img/xhdpi/ThinkPad_Series.jpg
Lenovo Essential G55 (59-379446), https://s3n.cashify.in/cashify/product/img/xhdpi/Lenovo_Essential_Series.jpg
Lenovo Z510 (59-398019, https://s3n.cashify.in/cashify/product/img/xhdpi/Z_series.jpg
Lenovo G-580 Notebook(59-379637), https://s3n.cashify.in/cashify/product/img/xhdpi/Lenovo_G_Series.jpg
Lenovo Laptop G510 Series(59-398474), https://s3n.cashify.in/cashify/product/img/xhdpi/L_Series.jpg
Lenovo Essential G55(59-379534), https://s3n.cashify.in/cashify/product/img/xhdpi/Lenovo_Essential_Series.jpg
Lenovo Flex (59-411866), https://s3n.cashify.in/cashify/product/img/xhdpi/7100d8ed-ad04.jpg
Lenovo Essential G5 (59-382995), https://s3n.cashify.in/cashify/product/img/xhdpi/Lenovo_Essential_Series.jpg
Lenovo B40-30 (59-425891), https://s3n.cashify.in/cashify/product/img/xhdpi/B_Series.jpg
Lenovo Ideapad G50(59-413719), https://s3n.cashify.in/cashify/product/img/xhdpi/Idea_Pad_Series.jpg
Lenovo G510 (59398530), https://s3n.cashify.in/cashify/product/img/xhdpi/Lenovo_G_Series.jpg
Lenovo G50-70(59-422421), https://s3n.cashify.in/cashify/product/img/xhdpi/Lenovo_G_Series.jpg
Lenovo Essential G50-70(59-413724), https://s3n.cashify.in/cashify/product/img/xhdpi/Lenovo_Essential_Series.jpg
Lenovo G50-70 (59422417), https://s3n.cashify.in/cashify/product/img/xhdpi/Lenovo_G_Series.jpg
Lenovo ThinkPad T430, https://s3n.cashify.in/cashify/product/img/xhdpi/ThinkPad_Series.jpg
Lenovo ThinkPad T440, https://s3n.cashify.in/cashify/product/img/xhdpi/ThinkPad_Series.jpg
Lenovo ThinkPad X230, https://s3n.cashify.in/cashify/product/img/xhdpi/ThinkPad_Series.jpg
Lenovo Ideapad S145, https://s3n.cashify.in/cashify/product/img/xhdpi/e410ec4b-66e9.jpg
Lenovo Thinkpad E431, https://s3n.cashify.in/cashify/product/img/xhdpi/e68f091e-4d84.jpg
Lenovo Essential B490 Celeron Dual Core, https://s3n.cashify.in/cashify/product/img/xhdpi/Lenovo_Essential_Series.jpg
Lenovo S400 Pentium Dual Core, https://s3n.cashify.in/cashify/product/img/xhdpi/S_Series.jpg
Lenovo Essential G570 (Core i5), https://s3n.cashify.in/cashify/product/img/xhdpi/Lenovo_Essential_Series.jpg
Lenovo Essential B560 Core i5, https://s3n.cashify.in/cashify/product/img/xhdpi/Lenovo_Essential_Series.jpg
Lenovo Essential G570 (Core i3), https://s3n.cashify.in/cashify/product/img/xhdpi/Lenovo_Essential_Series.jpg
Lenovo Essential B470, https://s3n.cashify.in/cashify/product/img/xhdpi/Lenovo_Essential_Series.jpg
Lenovo Essential B450, https://s3n.cashify.in/cashify/product/img/xhdpi/Lenovo_Essential_Series.jpg
Lenovo G560 Core i5, https://s3n.cashify.in/cashify/product/img/xhdpi/Lenovo_G_Series.jpg
Lenovo 3000 V100 (Core 2 Duo), https://s3n.cashify.in/cashify/product/img/xhdpi/Lenovo_3000_Series.jpg
Lenovo 3000 N500 (Core 2 Duo), https://s3n.cashify.in/cashify/product/img/xhdpi/Lenovo_3000_Series.jpg
Lenovo 3000 Y200 Series, https://s3n.cashify.in/cashify/product/img/xhdpi/Lenovo_3000_Series.jpg
Lenovo 3000 N100 (Core Duo), https://s3n.cashify.in/cashify/product/img/xhdpi/Lenovo_3000_Series.jpg
Lenovo B490 Pentium Dual Core, https://s3n.cashify.in/cashify/product/img/xhdpi/B_Series.jpg
Lenovo 3000 G230 Series, https://s3n.cashify.in/cashify/product/img/xhdpi/Lenovo_3000_Series.jpg
Lenovo G500, https://s3n.cashify.in/cashify/product/img/xhdpi/Lenovo_G_Series.jpg
Lenovo B480, https://s3n.cashify.in/cashify/product/img/xhdpi/B_Series.jpg
Lenovo Thinkpad T60 (Core Solo), https://s3n.cashify.in/cashify/product/img/xhdpi/ThinkPad_Series.jpg
Lenovo ThinkPad w701d (Core i7), https://s3n.cashify.in/cashify/product/img/xhdpi/ThinkPad_Series.jpg
Lenovo ThinkPad W510 (Core i7), https://s3n.cashify.in/cashify/product/img/xhdpi/ThinkPad_Series.jpg
Lenovo ThinkPad T430 (Core i7), https://s3n.cashify.in/cashify/product/img/xhdpi/ThinkPad_Series.jpg
Lenovo ThinkPad T430 (Core i7 Quad Core), https://s3n.cashify.in/cashify/product/img/xhdpi/ThinkPad_Series.jpg
Lenovo ThinkPad Edge E530 (Core i7 Quad Core), https://s3n.cashify.in/cashify/product/img/xhdpi/ThinkPad_Series.jpg
Lenovo ThinkPad W530 (Core i5), https://s3n.cashify.in/cashify/product/img/xhdpi/ThinkPad_Series.jpg
Lenovo ThinkPad T530 (Core i5), https://s3n.cashify.in/cashify/product/img/xhdpi/ThinkPad_Series.jpg
Lenovo ThinkPad T431s (Core i5), https://s3n.cashify.in/cashify/product/img/xhdpi/ThinkPad_Series.jpg
Lenovo ThinkPad T430u (Core i5), https://s3n.cashify.in/cashify/product/img/xhdpi/ThinkPad_Series.jpg
Lenovo ThinkPad L520 (Core i5), https://s3n.cashify.in/cashify/product/img/xhdpi/ThinkPad_Series.jpg
Lenovo ThinkPad L430 (Core i5), https://s3n.cashify.in/cashify/product/img/xhdpi/ThinkPad_Series.jpg
Lenovo ThinkPad Edge E430 (Core i5), https://s3n.cashify.in/cashify/product/img/xhdpi/ThinkPad_Series.jpg
Thinkpad L421, https://s3n.cashify.in/cashify/product/img/xhdpi/ThinkPad_Series.jpg
Lenovo ThinkPad X220 (Core i3), https://s3n.cashify.in/cashify/product/img/xhdpi/ThinkPad_Series.jpg
Lenovo ThinkPad X1 (Core i3), https://s3n.cashify.in/cashify/product/img/xhdpi/ThinkPad_Series.jpg
Lenovo ThinkPad T430u (Core i3), https://s3n.cashify.in/cashify/product/img/xhdpi/ThinkPad_Series.jpg
Lenovo ThinkPad T420 (Core i3), https://s3n.cashify.in/cashify/product/img/xhdpi/ThinkPad_Series.jpg
Lenovo ThinkPad L430 (Core i3), https://s3n.cashify.in/cashify/product/img/xhdpi/ThinkPad_Series.jpg
Lenovo ThinkPad L420 (Core i3), https://s3n.cashify.in/cashify/product/img/xhdpi/ThinkPad_Series.jpg
Lenovo ThinkPad Edge E530 (Core i3), https://s3n.cashify.in/cashify/product/img/xhdpi/ThinkPad_Series.jpg
Thinkpad L412 Core i3, https://s3n.cashify.in/cashify/product/img/xhdpi/ThinkPad_Series.jpg
Lenovo ThinkPad T61 (Core Duo), https://s3n.cashify.in/cashify/product/img/xhdpi/ThinkPad_Series.jpg
Lenovo ThinkPad T60p (Core Duo), https://s3n.cashify.in/cashify/product/img/xhdpi/ThinkPad_Series.jpg
Lenovo ThinkPad R400 (Core Duo), https://s3n.cashify.in/cashify/product/img/xhdpi/ThinkPad_Series.jpg
Lenovo ThinkPad W700ds (Core 2 Extreme Quad Core), https://s3n.cashify.in/cashify/product/img/xhdpi/ThinkPad_Series.jpg
Lenovo ThinkPad X200s (Core 2 Duo), https://s3n.cashify.in/cashify/product/img/xhdpi/ThinkPad_Series.jpg
Lenovo ThinkPad W700 (Core 2 Duo), https://s3n.cashify.in/cashify/product/img/xhdpi/ThinkPad_Series.jpg
Lenovo Thinkpad T60 (Core 2 Duo), https://s3n.cashify.in/cashify/product/img/xhdpi/ThinkPad_Series.jpg
Lenovo ThinkPad R61u (Core 2 Duo), https://s3n.cashify.in/cashify/product/img/xhdpi/ThinkPad_Series.jpg
Lenovo ThinkPad R61e (Core 2 Duo), https://s3n.cashify.in/cashify/product/img/xhdpi/ThinkPad_Series.jpg
Lenovo ThinkPad R61 (Core 2 Duo), https://s3n.cashify.in/cashify/product/img/xhdpi/ThinkPad_Series.jpg
Lenovo ThinkPad X220 (Celeron Dual-core), https://s3n.cashify.in/cashify/product/img/xhdpi/ThinkPad_Series.jpg
Lenovo ThinkPad Edge E430 (Celeron Dual-core), https://s3n.cashify.in/cashify/product/img/xhdpi/ThinkPad_Series.jpg
Lenovo ThinkPad SL500 (Celeron Dual-core), https://s3n.cashify.in/cashify/product/img/xhdpi/ThinkPad_Series.jpg
Lenovo ThinkPad SL410 (Celeron Dual-core), https://s3n.cashify.in/cashify/product/img/xhdpi/ThinkPad_Series.jpg
Lenovo ThinkPad SL400 (Celeron Dual-core), https://s3n.cashify.in/cashify/product/img/xhdpi/ThinkPad_Series.jpg
Thinkpad X100e, https://s3n.cashify.in/cashify/product/img/xhdpi/ThinkPad_Series.jpg
Lenovo ThinkPad Edge E425 (AMD A-Series Dual-core), https://s3n.cashify.in/cashify/product/img/xhdpi/ThinkPad_Series.jpg
ThinkPad T510 Core i5, https://s3n.cashify.in/cashify/product/img/xhdpi/ThinkPad_Series.jpg
Lenovo ThinkPad Edge E420/E420s Series, https://s3n.cashify.in/cashify/product/img/xhdpi/ThinkPad_Series.jpg
Lenovo IdeaPad u300 Core i7, https://s3n.cashify.in/cashify/product/img/xhdpi/Idea_Pad_Series.jpg
Lenovo IdeaPad Y570 Core i7, https://s3n.cashify.in/cashify/product/img/xhdpi/Idea_Pad_Series.jpg
Lenovo IdeaPad z570 Core i7, https://s3n.cashify.in/cashify/product/img/xhdpi/Idea_Pad_Series.jpg
Lenovo IdeaPad Y560 Core i3, https://s3n.cashify.in/cashify/product/img/xhdpi/Idea_Pad_Series.jpg
Lenovo IdeaPad Y470 Core i3, https://s3n.cashify.in/cashify/product/img/xhdpi/Idea_Pad_Series.jpg
Lenovo IdeaPad z360 Series, https://s3n.cashify.in/cashify/product/img/xhdpi/Idea_Pad_Series.jpg
Lenovo IdeaPad Y510 (Core 2 Duo), https://s3n.cashify.in/cashify/product/img/xhdpi/Idea_Pad_Series.jpg
Lenovo IdeaPad Y450 (Core 2 Duo), https://s3n.cashify.in/cashify/product/img/xhdpi/Idea_Pad_Series.jpg
Lenovo IdeaPad U510 (Core i7), https://s3n.cashify.in/cashify/product/img/xhdpi/Idea_Pad_Series.jpg
Lenovo Essential V570 Series, https://s3n.cashify.in/cashify/product/img/xhdpi/Lenovo_Essential_Series.jpg
Lenovo Essential E43G, https://s3n.cashify.in/cashify/product/img/xhdpi/Lenovo_Essential_Series.jpg
Lenovo Essential G530 Core 2 Duo, https://s3n.cashify.in/cashify/product/img/xhdpi/Lenovo_Essential_Series.jpg
Lenovo Ideapad 100-15IBD (80QQ001XIH) Noteboo.., https://s3n.cashify.in/cashify/product/img/xhdpi/5747ec654a401.jpg
Lenovo G50-80 (Core i3 4th Gen/4..., https://s3n.cashify.in/cashify/product/img/xhdpi/5747ec11d8510.png
Lenovo G50-80 (80L000HRIN) Laptop, https://s3n.cashify.in/cashify/product/img/xhdpi/5747ebc471aa0.png
Lenovo G50-80 (80L000HMIN) Laptop, https://s3n.cashify.in/cashify/product/img/xhdpi/5747eaf5808bb.png
Lenovo U41-70 (80JV00CDIN) Notebook, https://s3n.cashify.in/cashify/product/img/xhdpi/5747eaa2930fd.jpg
Lenovo G50-70 (59-442243) Notebook, https://s3n.cashify.in/cashify/product/img/xhdpi/5747e2b287c56.png
Lenovo G50-80 (80E502UKIN) Laptop, https://s3n.cashify.in/cashify/product/img/xhdpi/5747df5f50cf3.png
Lenovo (80E502ULIN) Laptop, https://s3n.cashify.in/cashify/product/img/xhdpi/5747da2a5f1b0.jpg
Lenovo B4080 (S0007IH) Notebook, https://s3n.cashify.in/cashify/product/img/xhdpi/5747d8118f03a.jpg
Lenovo G40-45, https://s3n.cashify.in/cashify/product/img/xhdpi/5747d36c21e5f.jpg
Lenovo Yoga 500 (80N40040IN), https://s3n.cashify.in/cashify/product/img/xhdpi/5747d249d0ebe.jpg
Lenovo G50-80 (80E502Q6IH), https://s3n.cashify.in/cashify/product/img/xhdpi/5747d1f932a22.jpg
Lenovo G50-45 (80E301CYIN), https://s3n.cashify.in/cashify/product/img/xhdpi/5747cdb297da4.jpg
Lenovo Thinkpad X250, https://s3n.cashify.in/cashify/product/img/xhdpi/5746d034d2cfb.jpg
Lenovo G50-70 Noteb00K(59-42417), https://s3n.cashify.in/cashify/product/img/xhdpi/Lenovo_G_Series.jpg
Lenovo Essential G55(59-379528)laptop, https://s3n.cashify.in/cashify/product/img/xhdpi/Lenovo_Essential_Series.jpg
Lenovo Flex 2 14 Ideapad(59-429518), https://s3n.cashify.in/cashify/product/img/xhdpi/7100d8ed-ad04.jpg
Lenovo Thinkpad E431 notebook, https://s3n.cashify.in/cashify/product/img/xhdpi/ThinkPad_Series.jpg
Lenovo G 50-70 (Core59-422423, https://s3n.cashify.in/cashify/product/img/xhdpi/Lenovo_G_Series.jpg
Lenovo 80n40046in NOTEBOOK, https://s3n.cashify.in/cashify/product/img/xhdpi/21d74845-1243.jpg
Lenovo Essential G580(59-342778)laptop, https://s3n.cashify.in/cashify/product/img/xhdpi/Lenovo_Essential_Series.jpg
Lenovo Ideapad B490(59-380241)laptop, https://s3n.cashify.in/cashify/product/img/xhdpi/Idea_Pad_Series.jpg
Lenovo Essential G580(59-351470)laptop, https://s3n.cashify.in/cashify/product/img/xhdpi/Lenovo_Essential_Series.jpg
Lenovo Ideapad Y500 laptop (59-369647), https://s3n.cashify.in/cashify/product/img/xhdpi/Idea_Pad_Series.jpg
Lenovo G50-30 Laptop(80G000D4IN), https://s3n.cashify.in/cashify/product/img/xhdpi/Lenovo_G_Series.jpg
Lenovo Ideapad U410 ultrabook(59-347981), https://s3n.cashify.in/cashify/product/img/xhdpi/Idea_Pad_Series.jpg
Lenovo ThinkPad Edge E530(3259H6Q), https://s3n.cashify.in/cashify/product/img/xhdpi/ThinkPad_Series.jpg
Lenovo IdeaPad B480-343143, https://s3n.cashify.in/cashify/product/img/xhdpi/Idea_Pad_Series.jpg
Lenovo ThinkPad Edge E530(32591K7)laptop, https://s3n.cashify.in/cashify/product/img/xhdpi/ThinkPad_Series.jpg
Lenovo Ideapad G50-30 notebook (80G000EPIN), https://s3n.cashify.in/cashify/product/img/xhdpi/Idea_Pad_Series.jpg
Lenovo Ideapad S110(59-328520)laptop, https://s3n.cashify.in/cashify/product/img/xhdpi/Idea_Pad_Series.jpg
Lenovo G580-59-356381 laptop, https://s3n.cashify.in/cashify/product/img/xhdpi/Lenovo_G_Series.jpg
Lenovo Flex 10 Laptop (59-403055), https://s3n.cashify.in/cashify/product/img/xhdpi/7100d8ed-ad04.jpg
Lenovo G510 (59-398438)laptop, https://s3n.cashify.in/cashify/product/img/xhdpi/Lenovo_G_Series.jpg
Lenovo Essential G580 59-362296 laptop, https://s3n.cashify.in/cashify/product/img/xhdpi/Lenovo_Essential_Series.jpg
Lenovo Z50 (59-429610 Notebook, https://s3n.cashify.in/cashify/product/img/xhdpi/Z_series.jpg
Lenovo ThinkPad X230(2325YX3)Laptop, https://s3n.cashify.in/cashify/product/img/xhdpi/ThinkPad_Series.jpg
Lenovo Essential G580 (59-337031)Laptop, https://s3n.cashify.in/cashify/product/img/xhdpi/Lenovo_Essential_Series.jpg
Lenovo ThinkPad L430(24666FQ)Laptop, https://s3n.cashify.in/cashify/product/img/xhdpi/ThinkPad_Series.jpg
Lenovo Essential G510(59-382757)Laptop, https://s3n.cashify.in/cashify/product/img/xhdpi/Lenovo_Essential_Series.jpg
Lenovo B40-70 Notebook(59-438421), https://s3n.cashify.in/cashify/product/img/xhdpi/B_Series.jpg
Lenovo G580-59-358263 Laptop, https://s3n.cashify.in/cashify/product/img/xhdpi/Lenovo_G_Series.jpg
Lenovo Ideapad Z580(59-347586)Laptop, https://s3n.cashify.in/cashify/product/img/xhdpi/Idea_Pad_Series.jpg
Lenovo G580-59-358346 Laptop, https://s3n.cashify.in/cashify/product/img/xhdpi/Lenovo_G_Series.jpg
Lenovo G50-70 Laptop (59-413698)laptop, https://s3n.cashify.in/cashify/product/img/xhdpi/Lenovo_G_Series.jpg
Lenovo Z-500 Ideapad 59-349110, https://s3n.cashify.in/cashify/product/img/xhdpi/Z_series.jpg
Lenovo S230U Notebook, https://s3n.cashify.in/cashify/product/img/xhdpi/S_Series.jpg
Lenovo Ideapad Z510(59-387061)laptop, https://s3n.cashify.in/cashify/product/img/xhdpi/Idea_Pad_Series.jpg
Lenovo Essential G50(59-383037)laptop, https://s3n.cashify.in/cashify/product/img/xhdpi/Lenovo_Essential_Series.jpg
Lenovo G580-59-336936 LAPTOP, https://s3n.cashify.in/cashify/product/img/xhdpi/Lenovo_G_Series.jpg
Lenovo Essential G580 (59-362301), https://s3n.cashify.in/cashify/product/img/xhdpi/Lenovo_Essential_Series.jpg
Lenovo B Series B560 Ci3, https://s3n.cashify.in/cashify/product/img/xhdpi/B_Series.jpg
Lenovo Flex 2 (59-429730)notebook, https://s3n.cashify.in/cashify/product/img/xhdpi/7100d8ed-ad04.jpg
Lenovo ThinkPad X1 Carbon(34606P6), https://s3n.cashify.in/cashify/product/img/xhdpi/ThinkPad_Series.jpg
Lenovo Z510 (59387057), https://s3n.cashify.in/cashify/product/img/xhdpi/Z_series.jpg
Lenovo Z50-70 (59-419439), https://s3n.cashify.in/cashify/product/img/xhdpi/Z_series.jpg
Lenovo S Series (59-379393), https://s3n.cashify.in/cashify/product/img/xhdpi/S_Series.jpg
Lenovo Ideapad Z500(59-380480), https://s3n.cashify.in/cashify/product/img/xhdpi/Idea_Pad_Series.jpg
Lenovo Flex 2 (59-429516), https://s3n.cashify.in/cashify/product/img/xhdpi/7100d8ed-ad04.jpg
Lenovo Ideapad Flex14(429728), https://s3n.cashify.in/cashify/product/img/xhdpi/Idea_Pad_Series.jpg
Lenovo G505 (59-379987), https://s3n.cashify.in/cashify/product/img/xhdpi/Lenovo_G_Series.jpg
Lenovo Ideapad G50-30)80G0000KIN), https://s3n.cashify.in/cashify/product/img/xhdpi/Idea_Pad_Series.jpg
Lenovo ThinkPad Edge E431 62772c1, https://s3n.cashify.in/cashify/product/img/xhdpi/ThinkPad_Series.jpg
Lenovo Y Series Notebook, https://s3n.cashify.in/cashify/product/img/xhdpi/Y_Series.jpg
Lenovo G50-70 Laptop(59-417110), https://s3n.cashify.in/cashify/product/img/xhdpi/Lenovo_G_Series.jpg
Lenovo Y510P (59-389687), https://s3n.cashify.in/cashify/product/img/xhdpi/Y_Series.jpg
Lenovo Y50-70 IdeaPad(59-431090), https://s3n.cashify.in/cashify/product/img/xhdpi/Y_Series.jpg
Lenovo Essential G55(59-379528), https://s3n.cashify.in/cashify/product/img/xhdpi/Lenovo_Essential_Series.jpg
Lenovo G50-70 Notebook(59-442243), https://s3n.cashify.in/cashify/product/img/xhdpi/Lenovo_G_Series.jpg
Lenovo G500s (59-383016), https://s3n.cashify.in/cashify/product/img/xhdpi/Lenovo_G_Series.jpg
Lenovo Flex 2 14 Ideapad(59-429524), https://s3n.cashify.in/cashify/product/img/xhdpi/7100d8ed-ad04.jpg
Lenovo U510 (59-389403), https://s3n.cashify.in/cashify/product/img/xhdpi/U_Series.jpg
Lenovo ThinkPad L430(24666HQ), https://s3n.cashify.in/cashify/product/img/xhdpi/ThinkPad_Series.jpg
Lenovo Ideapad U310(59-341068), https://s3n.cashify.in/cashify/product/img/xhdpi/Idea_Pad_Series.jpg
Lenovo G400s TS (59-383679), https://s3n.cashify.in/cashify/product/img/xhdpi/Lenovo_G_Series.jpg
Lenovo Flex 14 Tsscreen(59-395514), https://s3n.cashify.in/cashify/product/img/xhdpi/7100d8ed-ad04.jpg
Lenovo Essential G50(59-403742), https://s3n.cashify.in/cashify/product/img/xhdpi/Lenovo_Essential_Series.jpg
Lenovo Z5070 59-428433, https://s3n.cashify.in/cashify/product/img/xhdpi/Z_series.jpg
Lenovo G50-30 (80G00018IN), https://s3n.cashify.in/cashify/product/img/xhdpi/Lenovo_G_Series.jpg
Lenovo Z-500 Ideapad(59-366447), https://s3n.cashify.in/cashify/product/img/xhdpi/Z_series.jpg
Lenovo G500 (59-370358), https://s3n.cashify.in/cashify/product/img/xhdpi/Lenovo_G_Series.jpg
Lenovo Essential G55 (59-387133), https://s3n.cashify.in/cashify/product/img/xhdpi/Lenovo_Essential_Series.jpg
Lenovo Essential G580(59-324061), https://s3n.cashify.in/cashify/product/img/xhdpi/Lenovo_Essential_Series.jpg
Lenovo Z510 (59-398016), https://s3n.cashify.in/cashify/product/img/xhdpi/Z_series.jpg
Lenovo G50-30 (80G0015GIN), https://s3n.cashify.in/cashify/product/img/xhdpi/Lenovo_G_Series.jpg
Lenovo G50 (59-422406), https://s3n.cashify.in/cashify/product/img/xhdpi/Lenovo_G_Series.jpg
Lenovo Flex 10 Laptop(59-429516), https://s3n.cashify.in/cashify/product/img/xhdpi/7100d8ed-ad04.jpg
Lenovo G40-30(80FY002-MIN), https://s3n.cashify.in/cashify/product/img/xhdpi/Lenovo_G_Series.jpg
LENOVO Ideapad Z510 (59405838) Notebook, https://s3n.cashify.in/cashify/product/img/xhdpi/5c94ac64-e81c.jpg
LENOVO IdeaPad 110 Notebook, https://s3n.cashify.in/cashify/product/img/xhdpi/5c94ac64-e81c.jpg
LENOVO Ideapad 500 50015ISK Notebook, https://s3n.cashify.in/cashify/product/img/xhdpi/5c94ac64-e81c.jpg
LENOVO Ideapad 300 15ISK 80Q700DWIN Notebook, https://s3n.cashify.in/cashify/product/img/xhdpi/5c94ac64-e81c.jpg
LENOVO 510 Notebook, https://s3n.cashify.in/cashify/product/img/xhdpi/5c94ac64-e81c.jpg
