models,images
Samsung NP300E4Z-A04IN, https://s3n.cashify.in/cashify/product/img/xhdpi/NP_Series.jpg
Samsung NP350V5C-S0C, https://s3n.cashify.in/cashify/product/img/xhdpi/NP_Series.jpg
Samsung NP370R5E-S05IN, https://s3n.cashify.in/cashify/product/img/xhdpi/NP_Series.jpg
Samsung NP300E5C-U01IN, https://s3n.cashify.in/cashify/product/img/xhdpi/NP_Series.jpg
Samsung NP550P5C-S05IN, https://s3n.cashify.in/cashify/product/img/xhdpi/NP_Series.jpg
Samsung Ativ Smart PC XE700TIC-A01IN, https://s3n.cashify.in/cashify/product/img/xhdpi/Ativ_Smart_Series.jpg
Samsung NP550P5C-S01IN, https://s3n.cashify.in/cashify/product/img/xhdpi/NP_Series.jpg
Samsung NP300E5X-A04IN, https://s3n.cashify.in/cashify/product/img/xhdpi/NP_Series.jpg
Samsung NP300V5A-S0GIN, https://s3n.cashify.in/cashify/product/img/xhdpi/NP_Series.jpg
Samsung NP300E5C-A02IN, https://s3n.cashify.in/cashify/product/img/xhdpi/NP_Series.jpg
Samsung NP350V5C-S02IN, https://s3n.cashify.in/cashify/product/img/xhdpi/NP_Series.jpg
Samsung NP350V5C-S08IN, https://s3n.cashify.in/cashify/product/img/xhdpi/NP_Series.jpg
Samsung NP300E5C-A08IN, https://s3n.cashify.in/cashify/product/img/xhdpi/NP_Series.jpg
Samsung NP370R5E-S06IN, https://s3n.cashify.in/cashify/product/img/xhdpi/NP_Series.jpg
Samsung NP300E5E-A03, https://s3n.cashify.in/cashify/product/img/xhdpi/NP_Series.jpg
Samsung NP300E5X-S03IN, https://s3n.cashify.in/cashify/product/img/xhdpi/NP_Series.jpg
Samsung NP350V5C-S0BIN, https://s3n.cashify.in/cashify/product/img/xhdpi/NP_Series.jpg
Samsung NP300V5A-S0LIN, https://s3n.cashify.in/cashify/product/img/xhdpi/NP_Series.jpg
Samsung NP530U4B-S02IN, https://s3n.cashify.in/cashify/product/img/xhdpi/NP_Series.jpg
Samsung NP370R5E-S04IN, https://s3n.cashify.in/cashify/product/img/xhdpi/NP_Series.jpg
Samsung NP350V5X-S01Laptop, https://s3n.cashify.in/cashify/product/img/xhdpi/NP_Series.jpg
Samsung NP350E5C-S03IN, https://s3n.cashify.in/cashify/product/img/xhdpi/NP_Series.jpg
Samsung NP355V5C-S06IN, https://s3n.cashify.in/cashify/product/img/xhdpi/NP_Series.jpg
Samsung NP350V5C-S04IN, https://s3n.cashify.in/cashify/product/img/xhdpi/NP_Series.jpg
Samsung NP535U4C-S02IN, https://s3n.cashify.in/cashify/product/img/xhdpi/NP_Series.jpg
Samsung NP530U4C-S06IN, https://s3n.cashify.in/cashify/product/img/xhdpi/NP_Series.jpg
Samsung NP900X4C-A02IN, https://s3n.cashify.in/cashify/product/img/xhdpi/NP_Series.jpg
Samsung NP300E5V-A02, https://s3n.cashify.in/cashify/product/img/xhdpi/NP_Series.jpg
SAMSUNG NP RV509 A08IN Laptop, https://s3n.cashify.in/cashify/product/img/xhdpi/3648aac9-a30a.jpg
SAMSUNG NP RV411 A08IN Laptop, https://s3n.cashify.in/cashify/product/img/xhdpi/52952dd6-ca06.jpg
Samsung NP550P5C-S03IN, https://s3n.cashify.in/cashify/product/img/xhdpi/NP_Series.jpg
Samsung NP900X3C-A02IN, https://s3n.cashify.in/cashify/product/img/xhdpi/NP_Series.jpg
Samsung NP300E5X-A08IN, https://s3n.cashify.in/cashify/product/img/xhdpi/NP_Series.jpg
Samsung NP530U4C-S01IN, https://s3n.cashify.in/cashify/product/img/xhdpi/NP_Series.jpg
Samsung NP355E5C-A01IN, https://s3n.cashify.in/cashify/product/img/xhdpi/NP_Series.jpg
Samsung NP300E5C-S01IN, https://s3n.cashify.in/cashify/product/img/xhdpi/NP_Series.jpg
Samsung NP355E5X-A02IN, https://s3n.cashify.in/cashify/product/img/xhdpi/NP_Series.jpg
Samsung NP350V5C-A03IN, https://s3n.cashify.in/cashify/product/img/xhdpi/NP_Series.jpg
Samsung NP355V5C-A02IN, https://s3n.cashify.in/cashify/product/img/xhdpi/NP_Series.jpg
Samsung NP530U4C-S04IN, https://s3n.cashify.in/cashify/product/img/xhdpi/NP_Series.jpg
Samsung NP530U4C-S03IN, https://s3n.cashify.in/cashify/product/img/xhdpi/NP_Series.jpg
Samsung NP550P5C-S04IN, https://s3n.cashify.in/cashify/product/img/xhdpi/NP_Series.jpg
Samsung NP355E5X-A01IN, https://s3n.cashify.in/cashify/product/img/xhdpi/NP_Series.jpg
Samsung NP300E5X-S01IN, https://s3n.cashify.in/cashify/product/img/xhdpi/NP_Series.jpg
Samsung NP370R5E-S03IN, https://s3n.cashify.in/cashify/product/img/xhdpi/NP_Series.jpg
Samsung NP300E5X-A01IN, https://s3n.cashify.in/cashify/product/img/xhdpi/NP_Series.jpg
Samsung NP350V5C-S01IN, https://s3n.cashify.in/cashify/product/img/xhdpi/NP_Series.jpg
Samsung NP300E5Z-A0UIN, https://s3n.cashify.in/cashify/product/img/xhdpi/NP_Series.jpg
Samsung NP300E4X-A02IN, https://s3n.cashify.in/cashify/product/img/xhdpi/NP_Series.jpg
Samsung NP900X4C-A01IN, https://s3n.cashify.in/cashify/product/img/xhdpi/NP_Series.jpg
Samsung NP355V5C-S03IN, https://s3n.cashify.in/cashify/product/img/xhdpi/NP_Series.jpg
Samsung NP350E5C-S01IN, https://s3n.cashify.in/cashify/product/img/xhdpi/NP_Series.jpg
Samsung NP350V5C-S07IN, https://s3n.cashify.in/cashify/product/img/xhdpi/NP_Series.jpg
Samsung NP355V5C-S05IN, https://s3n.cashify.in/cashify/product/img/xhdpi/NP_Series.jpg
Samsung NP530U4C-S05IN, https://s3n.cashify.in/cashify/product/img/xhdpi/NP_Series.jpg
Samsung NP300E5C-A09IN, https://s3n.cashify.in/cashify/product/img/xhdpi/NP_Series.jpg
Samsung NP300V5A-S0CIN, https://s3n.cashify.in/cashify/product/img/xhdpi/NP_Series.jpg
Samsung NP300E5X-A0BIN, https://s3n.cashify.in/cashify/product/img/xhdpi/NP_Series.jpg
Samsung NP300E5V-S02, https://s3n.cashify.in/cashify/product/img/xhdpi/NP_Series.jpg
Samsung NP300E5Z-S0AIN, https://s3n.cashify.in/cashify/product/img/xhdpi/NP_Series.jpg
Samsung NP530U3B-A02IN, https://s3n.cashify.in/cashify/product/img/xhdpi/NP_Series.jpg
Samsung NP350V5C-S06IN, https://s3n.cashify.in/cashify/product/img/xhdpi/NP_Series.jpg
Samsung NP900X1B-A01IN, https://s3n.cashify.in/cashify/product/img/xhdpi/NP_Series.jpg
Samsung NP350E5C-S02IN, https://s3n.cashify.in/cashify/product/img/xhdpi/NP_Series.jpg
Samsung NP540U3C-A01IN, https://s3n.cashify.in/cashify/product/img/xhdpi/NP_Series.jpg
Samsung NP550P5C-S06IN, https://s3n.cashify.in/cashify/product/img/xhdpi/NP_Series.jpg
Samsung NP300E5X-U01IN, https://s3n.cashify.in/cashify/product/img/xhdpi/NP_Series.jpg
Samsung NP305E5Z-S01IN, https://s3n.cashify.in/cashify/product/img/xhdpi/NP_Series.jpg
Samsung NP300E5X-S02IN, https://s3n.cashify.in/cashify/product/img/xhdpi/NP_Series.jpg
Samsung NP300E5C-A0CIN, https://s3n.cashify.in/cashify/product/img/xhdpi/NP_Series.jpg
Samsung RV520, https://s3n.cashify.in/cashify/product/img/xhdpi/db067241-7ea9.jpg
