models,images
Toshiba Satellite Pro R50-B I, https://s3n.cashify.in/cashify/product/img/xhdpi/574302cf1cbc9.jpg
Toshiba Satellite L50-B, https://s3n.cashify.in/cashify/product/img/xhdpi/574301a033ca5.jpg
Toshiba Satellite C50D-B, https://s3n.cashify.in/cashify/product/img/xhdpi/5743015162ae6.jpg
Toshiba Satellite C50-B, https://s3n.cashify.in/cashify/product/img/xhdpi/57430109213ac.jpg
Toshiba Satellite PRO Notebook core, https://s3n.cashify.in/cashify/product/img/xhdpi/Satellite.jpg
Toshiba Portege R930-X0434, https://s3n.cashify.in/cashify/product/img/xhdpi/Portege.jpg
Toshiba Satellite L30W-B I0110, https://s3n.cashify.in/cashify/product/img/xhdpi/Satellite.jpg
Toshiba Satellite C840-I4011, https://s3n.cashify.in/cashify/product/img/xhdpi/Satellite.jpg
Toshiba Satellite L850-Y531, https://s3n.cashify.in/cashify/product/img/xhdpi/Satellite.jpg
Toshiba Satellite C50-A I0110, https://s3n.cashify.in/cashify/product/img/xhdpi/Satellite.jpg
Toshiba Satellite C50-A X0010, https://s3n.cashify.in/cashify/product/img/xhdpi/Satellite.jpg
Toshiba Satellite C850-X2010, https://s3n.cashify.in/cashify/product/img/xhdpi/Satellite.jpg
Toshiba Satellite L50-A X0110, https://s3n.cashify.in/cashify/product/img/xhdpi/Satellite.jpg
Toshiba Satellite L50-A I0110, https://s3n.cashify.in/cashify/product/img/xhdpi/Satellite.jpg
Toshiba Satellite C850-X0010, https://s3n.cashify.in/cashify/product/img/xhdpi/Satellite.jpg
Toshiba Satellite P50-A X3110, https://s3n.cashify.in/cashify/product/img/xhdpi/Satellite.jpg
Toshiba Satellite C50-A E0011, https://s3n.cashify.in/cashify/product/img/xhdpi/Satellite.jpg
Toshiba Satellite C850-I2011, https://s3n.cashify.in/cashify/product/img/xhdpi/Satellite.jpg
Toshiba Satellite C50A-I0112 laptop, https://s3n.cashify.in/cashify/product/img/xhdpi/Satellite.jpg
Toshiba Satellite C850-I5213 laptop, https://s3n.cashify.in/cashify/product/img/xhdpi/Satellite.jpg
Toshiba Satellite C850-I5010 laptop, https://s3n.cashify.in/cashify/product/img/xhdpi/Satellite.jpg
Toshiba C50-A P0014 LAPTOP, https://s3n.cashify.in/cashify/product/img/xhdpi/ToshibaC.jpg
Toshiba Satellite L50-A X0111, https://s3n.cashify.in/cashify/product/img/xhdpi/Satellite.jpg
Toshiba Satellite L50-A I3110, https://s3n.cashify.in/cashify/product/img/xhdpi/Satellite.jpg
Toshiba Satellite C50-A I2011, https://s3n.cashify.in/cashify/product/img/xhdpi/Satellite.jpg
Toshiba Portege R930-Y0432, https://s3n.cashify.in/cashify/product/img/xhdpi/Portege.jpg
Toshiba Portege R930-X0410, https://s3n.cashify.in/cashify/product/img/xhdpi/Portege.jpg
Toshiba C50a-P0015 laptop, https://s3n.cashify.in/cashify/product/img/xhdpi/ToshibaC.jpg
Toshiba Satellite C850-E0011, https://s3n.cashify.in/cashify/product/img/xhdpi/Satellite.jpg
Toshiba Satellite C50-A -P0012, https://s3n.cashify.in/cashify/product/img/xhdpi/Satellite.jpg
Toshiba Satellite U840W-X01, https://s3n.cashify.in/cashify/product/img/xhdpi/Satellite.jpg
Toshiba Satellite C50-A -I0111, https://s3n.cashify.in/cashify/product/img/xhdpi/Satellite.jpg
Toshiba Satellite C50-A -X2110, https://s3n.cashify.in/cashify/product/img/xhdpi/Satellite.jpg
Toshiba Satellite L50-B (PSKT4G-02000J), https://s3n.cashify.in/cashify/product/img/xhdpi/Satellite.jpg
Toshiba Satellite C50D-A, https://s3n.cashify.in/cashify/product/img/xhdpi/Satellite.jpg
Toshiba Satellite C50-A I0016, https://s3n.cashify.in/cashify/product/img/xhdpi/Satellite.jpg
Portege Z935 ( Core i5), https://s3n.cashify.in/cashify/product/img/xhdpi/Portege.jpg
Portege Z835 ( Core i5), https://s3n.cashify.in/cashify/product/img/xhdpi/Portege.jpg
Portege R705 ( Core i5), https://s3n.cashify.in/cashify/product/img/xhdpi/Portege.jpg
Portege Z835 ( Core i3), https://s3n.cashify.in/cashify/product/img/xhdpi/Portege.jpg
Toshiba Portege M750-105 (Core 2 Duo), https://s3n.cashify.in/cashify/product/img/xhdpi/Portege.jpg
Toshiba Tecra A11 (Core i7), https://s3n.cashify.in/cashify/product/img/xhdpi/Tecra.jpg
Toshiba Tecra R850 (Core i5), https://s3n.cashify.in/cashify/product/img/xhdpi/Tecra.jpg
Toshiba Tecra M11 (Core i5), https://s3n.cashify.in/cashify/product/img/xhdpi/Tecra.jpg
Toshiba Tecra A9 (Core 2 Duo), https://s3n.cashify.in/cashify/product/img/xhdpi/Tecra.jpg
Satellite C655-S5211, https://s3n.cashify.in/cashify/product/img/xhdpi/Satellite.jpg
Satellite C655-S5195, https://s3n.cashify.in/cashify/product/img/xhdpi/Satellite.jpg
Satellite C655-S5121, https://s3n.cashify.in/cashify/product/img/xhdpi/Satellite.jpg
Satellite C650D-ST4N01, https://s3n.cashify.in/cashify/product/img/xhdpi/Satellite.jpg
Satellite C650D-ST6N02, https://s3n.cashify.in/cashify/product/img/xhdpi/Satellite.jpg
Satellite C650-ST5NX2, https://s3n.cashify.in/cashify/product/img/xhdpi/Satellite.jpg
Satellite C655-S5512, https://s3n.cashify.in/cashify/product/img/xhdpi/Satellite.jpg
Satellite C655-S5343, https://s3n.cashify.in/cashify/product/img/xhdpi/Satellite.jpg
Satellite C655-S5542, https://s3n.cashify.in/cashify/product/img/xhdpi/Satellite.jpg
Satellite C655-S5314, https://s3n.cashify.in/cashify/product/img/xhdpi/Satellite.jpg
Satellite A665-S6094, https://s3n.cashify.in/cashify/product/img/xhdpi/Satellite.jpg
Satellite A665-S5187X, https://s3n.cashify.in/cashify/product/img/xhdpi/Satellite.jpg
Satellite A665-S5199X, https://s3n.cashify.in/cashify/product/img/xhdpi/Satellite.jpg
Satellite A665-S6081, https://s3n.cashify.in/cashify/product/img/xhdpi/Satellite.jpg
Satellite C655-S5335, https://s3n.cashify.in/cashify/product/img/xhdpi/Satellite.jpg
Toshiba Qosimo G35 (Core Duo), https://s3n.cashify.in/cashify/product/img/xhdpi/59a93fb99a33d.jpg
Toshiba Qosmio X305 (Core 2 Duo), https://s3n.cashify.in/cashify/product/img/xhdpi/Qosmio.jpg
Toshiba Satellite Pro S300 (Pentium Dual-core), https://s3n.cashify.in/cashify/product/img/xhdpi/Satellite.jpg
Toshiba Satellite P200 (Pentium Dual-core), https://s3n.cashify.in/cashify/product/img/xhdpi/Satellite.jpg
Toshiba Satellite L45 (Pentium Dual-core), https://s3n.cashify.in/cashify/product/img/xhdpi/Satellite.jpg
Toshiba Satellite L305 (Pentium Dual-core), https://s3n.cashify.in/cashify/product/img/xhdpi/Satellite.jpg
Toshiba Satellite L300 (Pentium Dual-core), https://s3n.cashify.in/cashify/product/img/xhdpi/Satellite.jpg
Satellite C870 ( Pentium B970), https://s3n.cashify.in/cashify/product/img/xhdpi/Satellite.jpg
Satellite C675 ( Pentium B950), https://s3n.cashify.in/cashify/product/img/xhdpi/Satellite.jpg
Toshiba Satellite T230 (Pentium Dual-core), https://s3n.cashify.in/cashify/product/img/xhdpi/Satellite.jpg
Toshiba Satellite T135 (Pentium Dual-core), https://s3n.cashify.in/cashify/product/img/xhdpi/Satellite.jpg
Toshiba Satellite T130 (Pentium Dual-core), https://s3n.cashify.in/cashify/product/img/xhdpi/Satellite.jpg
Toshiba Satellite L640 (Pentium Dual-core), https://s3n.cashify.in/cashify/product/img/xhdpi/Satellite.jpg
Toshiba Satellite L500 (Pentium Dual-core), https://s3n.cashify.in/cashify/product/img/xhdpi/Satellite.jpg
Satellite S875 ( Core i7), https://s3n.cashify.in/cashify/product/img/xhdpi/Satellite.jpg
Satellite P870 ( Core i7), https://s3n.cashify.in/cashify/product/img/xhdpi/Satellite.jpg
Satellite U845T ( Core i5), https://s3n.cashify.in/cashify/product/img/xhdpi/Satellite.jpg
Satellite P850 ( Core i5), https://s3n.cashify.in/cashify/product/img/xhdpi/Satellite.jpg
Satellite P845T ( Core i5), https://s3n.cashify.in/cashify/product/img/xhdpi/Satellite.jpg
Satellite P845 ( Core i5), https://s3n.cashify.in/cashify/product/img/xhdpi/Satellite.jpg
Satellite P840T ( Core i5), https://s3n.cashify.in/cashify/product/img/xhdpi/Satellite.jpg
Satellite P840 ( Core i5), https://s3n.cashify.in/cashify/product/img/xhdpi/Satellite.jpg
Satellite L840D ( Core i5), https://s3n.cashify.in/cashify/product/img/xhdpi/Satellite.jpg
Satellite E205 ( Core i5), https://s3n.cashify.in/cashify/product/img/xhdpi/Satellite.jpg
Toshiba Satellite L655 (Core i5), https://s3n.cashify.in/cashify/product/img/xhdpi/Satellite.jpg
Toshiba Satellite A665 (Core i5), https://s3n.cashify.in/cashify/product/img/xhdpi/Satellite.jpg
Toshiba Satellite A505 (Core i5), https://s3n.cashify.in/cashify/product/img/xhdpi/Satellite.jpg
Satellite R845 ( Core i3), https://s3n.cashify.in/cashify/product/img/xhdpi/Satellite.jpg
Satellite Pro L640 ( Core i3), https://s3n.cashify.in/cashify/product/img/xhdpi/Satellite.jpg
Satellite P755 ( Core i3), https://s3n.cashify.in/cashify/product/img/xhdpi/Satellite.jpg
Satellite L740 ( Core i3), https://s3n.cashify.in/cashify/product/img/xhdpi/Satellite.jpg
Satellite L730 ( Core i3), https://s3n.cashify.in/cashify/product/img/xhdpi/Satellite.jpg
Toshiba Satellite L845 (Core i3), https://s3n.cashify.in/cashify/product/img/xhdpi/Satellite.jpg
Toshiba Satellite L675 (Core i3), https://s3n.cashify.in/cashify/product/img/xhdpi/Satellite.jpg
Toshiba Satellite C855 (Core i3), https://s3n.cashify.in/cashify/product/img/xhdpi/Satellite.jpg
Toshiba Satellite U205 (Core Duo), https://s3n.cashify.in/cashify/product/img/xhdpi/Satellite.jpg
Toshiba Satellite A105 (Core Duo), https://s3n.cashify.in/cashify/product/img/xhdpi/Satellite.jpg
Satellite Pro C650 ( Core2 Duo ), https://s3n.cashify.in/cashify/product/img/xhdpi/Satellite.jpg
Toshiba Satellite U405 (Core 2 Duo), https://s3n.cashify.in/cashify/product/img/xhdpi/Satellite.jpg
Toshiba Satellite Pro M205 (Core 2 Duo), https://s3n.cashify.in/cashify/product/img/xhdpi/Satellite.jpg
Toshiba Satellite Pro L500 (Core 2 Duo), https://s3n.cashify.in/cashify/product/img/xhdpi/Satellite.jpg
Toshiba Satellite Pro A200 (Core 2 Duo), https://s3n.cashify.in/cashify/product/img/xhdpi/Satellite.jpg
Toshiba Satellite P205 (Core 2 Duo), https://s3n.cashify.in/cashify/product/img/xhdpi/Satellite.jpg
Toshiba Satellite M205 (Core 2 Duo), https://s3n.cashify.in/cashify/product/img/xhdpi/Satellite.jpg
Toshiba Satellite L505 (Core 2 Duo), https://s3n.cashify.in/cashify/product/img/xhdpi/Satellite.jpg
Toshiba Satellite L305 (Core 2 Duo), https://s3n.cashify.in/cashify/product/img/xhdpi/Satellite.jpg
Toshiba Satellite A505 (Core 2 Duo), https://s3n.cashify.in/cashify/product/img/xhdpi/Satellite.jpg
Toshiba Satellite A300 (Core 2 Duo), https://s3n.cashify.in/cashify/product/img/xhdpi/Satellite.jpg
Toshiba Satellite A135 (Core 2 Duo), https://s3n.cashify.in/cashify/product/img/xhdpi/Satellite.jpg
Satellite A100-813, https://s3n.cashify.in/cashify/product/img/xhdpi/Satellite.jpg
Toshiba Satellite L455 (Celeron Dual-core), https://s3n.cashify.in/cashify/product/img/xhdpi/Satellite.jpg
Satellite A665D-S6082, https://s3n.cashify.in/cashify/product/img/xhdpi/Satellite.jpg
TOSHIBA Satellite L40A I0110, https://s3n.cashify.in/cashify/product/img/xhdpi/234877da-3ca3.jpg
TOSHIBA Satellite U840 X4310 Laptop, https://s3n.cashify.in/cashify/product/img/xhdpi/234877da-3ca3.jpg
TOSHIBA Satellite C850 X5213 Laptop, https://s3n.cashify.in/cashify/product/img/xhdpi/234877da-3ca3.jpg
Toshiba Satellite S40-B X Series, https://s3n.cashify.in/cashify/product/img/xhdpi/5743028806a37.jpg
Toshiba Satellite P50-A, https://s3n.cashify.in/cashify/product/img/xhdpi/5743022940eff.jpg
Toshiba Satellite C series C640-X4014, https://s3n.cashify.in/cashify/product/img/xhdpi/Satellite.jpg
Toshiba Satellite C series C600-P4012-PENTIUM, https://s3n.cashify.in/cashify/product/img/xhdpi/Satellite.jpg
Toshiba Satellite C850-I5211 laptop, https://s3n.cashify.in/cashify/product/img/xhdpi/Satellite.jpg
Toshiba Sattelite C50-B, https://s3n.cashify.in/cashify/product/img/xhdpi/59a93fb99a33d.jpg
Toshiba Portege R930-X0111, https://s3n.cashify.in/cashify/product/img/xhdpi/Portege.jpg
Toshiba Satellite C50-A, https://s3n.cashify.in/cashify/product/img/xhdpi/Satellite.jpg
Toshiba Satellite P750-X5010, https://s3n.cashify.in/cashify/product/img/xhdpi/Satellite.jpg
Toshiba Satellite M840-I4012, https://s3n.cashify.in/cashify/product/img/xhdpi/Satellite.jpg
Toshiba Portege R930-X0435, https://s3n.cashify.in/cashify/product/img/xhdpi/Portege.jpg
Toshiba Satellite N40-b C50D-A 40010, https://s3n.cashify.in/cashify/product/img/xhdpi/Satellite.jpg
Toshiba Satellite C series C640-I4016, https://s3n.cashify.in/cashify/product/img/xhdpi/Satellite.jpg
Toshiba Satellite C665-i5210, https://s3n.cashify.in/cashify/product/img/xhdpi/Satellite.jpg
Toshiba Satellite S50-A(PSKK8G-005002), https://s3n.cashify.in/cashify/product/img/xhdpi/Satellite.jpg
Toshiba Satellite U40-A X0110, https://s3n.cashify.in/cashify/product/img/xhdpi/Satellite.jpg
Toshiba Satellite C50-A I0011, https://s3n.cashify.in/cashify/product/img/xhdpi/Satellite.jpg
Toshiba Satellite C850-I2110, https://s3n.cashify.in/cashify/product/img/xhdpi/Satellite.jpg
Toshiba Satellite L750-X531B, https://s3n.cashify.in/cashify/product/img/xhdpi/Satellite.jpg
Toshiba Satellite PRO S850-X0430, https://s3n.cashify.in/cashify/product/img/xhdpi/Satellite.jpg
Toshiba C50-A-P0011A, https://s3n.cashify.in/cashify/product/img/xhdpi/ToshibaC.jpg
Toshiba Satellite C50D-B 0010 (PSCMZG-00200G), https://s3n.cashify.in/cashify/product/img/xhdpi/Satellite.jpg
Toshiba Satellite P50-A X3111, https://s3n.cashify.in/cashify/product/img/xhdpi/Satellite.jpg
Toshiba Satellite C50-A E0110, https://s3n.cashify.in/cashify/product/img/xhdpi/Satellite.jpg
Toshiba Satellite C50-A-X3110, https://s3n.cashify.in/cashify/product/img/xhdpi/Satellite.jpg
Toshiba Satellite C50-B -P0010, https://s3n.cashify.in/cashify/product/img/xhdpi/Satellite.jpg
Toshiba Satellite L40-A -I0110, https://s3n.cashify.in/cashify/product/img/xhdpi/Satellite.jpg
Toshiba L850-Y3110 laptop, https://s3n.cashify.in/cashify/product/img/xhdpi/ToshibaC.jpg
Toshiba Satellite C50D-A M0011, https://s3n.cashify.in/cashify/product/img/xhdpi/Satellite.jpg
Toshiba Satellite C50-B E0010 (PSCMNG-00Y00S), https://s3n.cashify.in/cashify/product/img/xhdpi/Satellite.jpg
Toshiba Satellite C50-A I0013, https://s3n.cashify.in/cashify/product/img/xhdpi/Satellite.jpg
Toshiba Satellite L50-B I010  (PSKSQG-00S00T), https://s3n.cashify.in/cashify/product/img/xhdpi/Satellite.jpg
Toshiba Satellite L50-B I0010 (PSKSSG-00500H), https://s3n.cashify.in/cashify/product/img/xhdpi/Satellite.jpg
Toshiba Satellite C50-A X0011, https://s3n.cashify.in/cashify/product/img/xhdpi/Satellite.jpg
Toshiba Satellite S50-A I2010, https://s3n.cashify.in/cashify/product/img/xhdpi/Satellite.jpg
Portege Z935 ( Core i7), https://s3n.cashify.in/cashify/product/img/xhdpi/Portege.jpg
Toshiba Portege R930 (Core i7), https://s3n.cashify.in/cashify/product/img/xhdpi/Portege.jpg
Toshiba Portege R700 (Core i7), https://s3n.cashify.in/cashify/product/img/xhdpi/Portege.jpg
Toshiba Portege R835 (Core i5), https://s3n.cashify.in/cashify/product/img/xhdpi/Portege.jpg
Toshiba Portege R830 (Core i5), https://s3n.cashify.in/cashify/product/img/xhdpi/Portege.jpg
Toshiba Portege R705 (Core i3), https://s3n.cashify.in/cashify/product/img/xhdpi/Portege.jpg
Toshiba Portege R400 (Core Duo), https://s3n.cashify.in/cashify/product/img/xhdpi/Portege.jpg
Toshiba Portege R500 (Core 2 Duo), https://s3n.cashify.in/cashify/product/img/xhdpi/Portege.jpg
Tecra R940 ( Core i7), https://s3n.cashify.in/cashify/product/img/xhdpi/Tecra.jpg
Tecra R840 ( Core i7), https://s3n.cashify.in/cashify/product/img/xhdpi/Tecra.jpg
Toshiba Tecra R950 (Core i7), https://s3n.cashify.in/cashify/product/img/xhdpi/Tecra.jpg
Toshiba Tecra R950 (Core i5), https://s3n.cashify.in/cashify/product/img/xhdpi/Tecra.jpg
Toshiba Tecra R940 (Core i5), https://s3n.cashify.in/cashify/product/img/xhdpi/Tecra.jpg
Toshiba Tecra A11 (Core i5), https://s3n.cashify.in/cashify/product/img/xhdpi/Tecra.jpg
Toshiba Tecra R950 (Core i3), https://s3n.cashify.in/cashify/product/img/xhdpi/Tecra.jpg
Toshiba Tecra R840 (Core i3), https://s3n.cashify.in/cashify/product/img/xhdpi/Tecra.jpg
Toshiba Tecra M6 (Core 2 Duo), https://s3n.cashify.in/cashify/product/img/xhdpi/Tecra.jpg
Toshiba Tecra A8 (Core 2 Duo), https://s3n.cashify.in/cashify/product/img/xhdpi/Tecra.jpg
Satellite C655-S5225, https://s3n.cashify.in/cashify/product/img/xhdpi/Satellite.jpg
Satellite C655-S5206, https://s3n.cashify.in/cashify/product/img/xhdpi/Satellite.jpg
Satellite C655-S5082, https://s3n.cashify.in/cashify/product/img/xhdpi/Satellite.jpg
Satellite C650D-ST5NX1, https://s3n.cashify.in/cashify/product/img/xhdpi/Satellite.jpg
TOSHIBA C855-S5115, https://s3n.cashify.in/cashify/product/img/xhdpi/ToshibaC.jpg
Satellite C655-S5129, https://s3n.cashify.in/cashify/product/img/xhdpi/Satellite.jpg
Satellite C655-S5140, https://s3n.cashify.in/cashify/product/img/xhdpi/Satellite.jpg
Satellite C655D-S5192, https://s3n.cashify.in/cashify/product/img/xhdpi/Satellite.jpg
Satellite C655D-S5138, https://s3n.cashify.in/cashify/product/img/xhdpi/Satellite.jpg
Satellite C655D-S5202, https://s3n.cashify.in/cashify/product/img/xhdpi/Satellite.jpg
Satellite C655D-S5200, https://s3n.cashify.in/cashify/product/img/xhdpi/Satellite.jpg
Satellite C655D-S5136, https://s3n.cashify.in/cashify/product/img/xhdpi/Satellite.jpg
Satellite C655D-S5120, https://s3n.cashify.in/cashify/product/img/xhdpi/Satellite.jpg
Satellite C655-S5310, https://s3n.cashify.in/cashify/product/img/xhdpi/Satellite.jpg
Satellite C655-S5235, https://s3n.cashify.in/cashify/product/img/xhdpi/Satellite.jpg
Satellite A665-S6097, https://s3n.cashify.in/cashify/product/img/xhdpi/Satellite.jpg
Satellite A665-S5186, https://s3n.cashify.in/cashify/product/img/xhdpi/Satellite.jpg
Satellite A665-S5181, https://s3n.cashify.in/cashify/product/img/xhdpi/Satellite.jpg
Satellite A665-S5179, https://s3n.cashify.in/cashify/product/img/xhdpi/Satellite.jpg
Satellite A660-ST3N01X, https://s3n.cashify.in/cashify/product/img/xhdpi/Satellite.jpg
Satellite C655-S5333, https://s3n.cashify.in/cashify/product/img/xhdpi/Satellite.jpg
Satellite A665-S6085, https://s3n.cashify.in/cashify/product/img/xhdpi/Satellite.jpg
Satellite A665-S6080, https://s3n.cashify.in/cashify/product/img/xhdpi/Satellite.jpg
Satellite A660-ST3NX2X, https://s3n.cashify.in/cashify/product/img/xhdpi/Satellite.jpg
Toshiba Qosmio F60 PQF65A 032002, https://s3n.cashify.in/cashify/product/img/xhdpi/Qosmio.jpg
Qosmio X870 ( Core i7), https://s3n.cashify.in/cashify/product/img/xhdpi/Qosmio.jpg
Qosmio X775 ( Core i7), https://s3n.cashify.in/cashify/product/img/xhdpi/Qosmio.jpg
Toshiba Qosmio X505 (Core i7), https://s3n.cashify.in/cashify/product/img/xhdpi/Qosmio.jpg
Toshiba Qosmio X300 (Core 2 Duo), https://s3n.cashify.in/cashify/product/img/xhdpi/Qosmio.jpg
Toshiba Satellite P205 (Pentium Dual-core), https://s3n.cashify.in/cashify/product/img/xhdpi/Satellite.jpg
Toshiba Satellite M205 (Pentium Dual-core), https://s3n.cashify.in/cashify/product/img/xhdpi/Satellite.jpg
Toshiba Satellite A135 (Pentium Dual-core), https://s3n.cashify.in/cashify/product/img/xhdpi/Satellite.jpg
Satellite L635 ( Pentium P6100), https://s3n.cashify.in/cashify/product/img/xhdpi/Satellite.jpg
Satellite C875 ( Pentium B970), https://s3n.cashify.in/cashify/product/img/xhdpi/Satellite.jpg
Satellite C870 ( Pentium 2020M ), https://s3n.cashify.in/cashify/product/img/xhdpi/Satellite.jpg
Satellite C850 ( Pentium B970), https://s3n.cashify.in/cashify/product/img/xhdpi/Satellite.jpg
Toshiba Satellite L515 (Pentium Dual-core), https://s3n.cashify.in/cashify/product/img/xhdpi/Satellite.jpg
Toshiba Satellite L355 (Pentium Dual-core), https://s3n.cashify.in/cashify/product/img/xhdpi/Satellite.jpg
Toshiba Satellite C655 (Pentium Dual-core), https://s3n.cashify.in/cashify/product/img/xhdpi/Satellite.jpg
Satellite P840T ( Core i7), https://s3n.cashify.in/cashify/product/img/xhdpi/Satellite.jpg
Satellite P770 ( Core i7), https://s3n.cashify.in/cashify/product/img/xhdpi/Satellite.jpg
Satellite L870D ( Core i7), https://s3n.cashify.in/cashify/product/img/xhdpi/Satellite.jpg
Toshiba Satellite P775 (Core i7), https://s3n.cashify.in/cashify/product/img/xhdpi/Satellite.jpg
Toshiba Satellite P500 (Core i7), https://s3n.cashify.in/cashify/product/img/xhdpi/Satellite.jpg
Toshiba Satellite L855 (Core i7), https://s3n.cashify.in/cashify/product/img/xhdpi/Satellite.jpg
Satellite S875 ( Core i5), https://s3n.cashify.in/cashify/product/img/xhdpi/Satellite.jpg
Toshiba Satellite Pro L650 (Core i5), https://s3n.cashify.in/cashify/product/img/xhdpi/Satellite.jpg
Toshiba Satellite Pro L550 (Core i5), https://s3n.cashify.in/cashify/product/img/xhdpi/Satellite.jpg
Toshiba Satellite Pro L500 (Core i5), https://s3n.cashify.in/cashify/product/img/xhdpi/Satellite.jpg
Toshiba Satellite P750 (Core i5), https://s3n.cashify.in/cashify/product/img/xhdpi/Satellite.jpg
Toshiba Satellite M645 (Core i5), https://s3n.cashify.in/cashify/product/img/xhdpi/Satellite.jpg
Toshiba Satellite L875 (Core i5), https://s3n.cashify.in/cashify/product/img/xhdpi/Satellite.jpg
Toshiba Satellite L750 (Core i5), https://s3n.cashify.in/cashify/product/img/xhdpi/Satellite.jpg
Toshiba Satellite L675 (Core i5), https://s3n.cashify.in/cashify/product/img/xhdpi/Satellite.jpg
Satellite Pro C650 ( Core i3), https://s3n.cashify.in/cashify/product/img/xhdpi/Satellite.jpg
Satellite P745 ( Core i3), https://s3n.cashify.in/cashify/product/img/xhdpi/Satellite.jpg
Satellite L875 ( Core i3), https://s3n.cashify.in/cashify/product/img/xhdpi/Satellite.jpg
Satellite C675 ( Core i3), https://s3n.cashify.in/cashify/product/img/xhdpi/Satellite.jpg
Toshiba Satellite Pro U500 (Core i3), https://s3n.cashify.in/cashify/product/img/xhdpi/Satellite.jpg
Toshiba Satellite Pro L670 (Core i3), https://s3n.cashify.in/cashify/product/img/xhdpi/Satellite.jpg
Toshiba Satellite Pro L500 (Core i3), https://s3n.cashify.in/cashify/product/img/xhdpi/Satellite.jpg
Toshiba Satellite P505 (Core i3), https://s3n.cashify.in/cashify/product/img/xhdpi/Satellite.jpg
Toshiba Satellite M645 (Core i3), https://s3n.cashify.in/cashify/product/img/xhdpi/Satellite.jpg
Toshiba Satellite L770 (Core i3), https://s3n.cashify.in/cashify/product/img/xhdpi/Satellite.jpg
Toshiba Satellite L745 (Core i3), https://s3n.cashify.in/cashify/product/img/xhdpi/Satellite.jpg
Toshiba Satellite L645 (Core i3), https://s3n.cashify.in/cashify/product/img/xhdpi/Satellite.jpg
Toshiba Satellite L550 (Core i3), https://s3n.cashify.in/cashify/product/img/xhdpi/Satellite.jpg
Toshiba Satellite M115 (Core Duo), https://s3n.cashify.in/cashify/product/img/xhdpi/Satellite.jpg
Toshiba Satellite M105 (Core Duo), https://s3n.cashify.in/cashify/product/img/xhdpi/Satellite.jpg
Toshiba Satellite X205 (Core 2 Duo), https://s3n.cashify.in/cashify/product/img/xhdpi/Satellite.jpg
Toshiba Satellite X200 (Core 2 Duo), https://s3n.cashify.in/cashify/product/img/xhdpi/Satellite.jpg
Toshiba Satellite U305 (Core 2 Duo), https://s3n.cashify.in/cashify/product/img/xhdpi/Satellite.jpg
Toshiba Satellite Pro S300 (Core 2 Duo), https://s3n.cashify.in/cashify/product/img/xhdpi/Satellite.jpg
Toshiba Satellite Pro M300 (Core 2 Duo), https://s3n.cashify.in/cashify/product/img/xhdpi/Satellite.jpg
Toshiba Satellite Pro L550 (Core 2 Duo), https://s3n.cashify.in/cashify/product/img/xhdpi/Satellite.jpg
Toshiba Satellite P505 (Core 2 Duo), https://s3n.cashify.in/cashify/product/img/xhdpi/Satellite.jpg
Toshiba Satellite P500 (Core 2 Duo), https://s3n.cashify.in/cashify/product/img/xhdpi/Satellite.jpg
Toshiba Satellite P105 (Core 2 Duo), https://s3n.cashify.in/cashify/product/img/xhdpi/Satellite.jpg
Toshiba Satellite A305 (Core 2 Duo), https://s3n.cashify.in/cashify/product/img/xhdpi/Satellite.jpg
Toshiba Satellite A205 (Core 2 Duo), https://s3n.cashify.in/cashify/product/img/xhdpi/Satellite.jpg
Satellite A665D-S6091, https://s3n.cashify.in/cashify/product/img/xhdpi/Satellite.jpg
Satellite A665D-S5174, https://s3n.cashify.in/cashify/product/img/xhdpi/Satellite.jpg
Satellite A665D-S5172, https://s3n.cashify.in/cashify/product/img/xhdpi/Satellite.jpg
TOSHIBA Satellite C50A E0110 Notebook, https://s3n.cashify.in/cashify/product/img/xhdpi/234877da-3ca3.jpg
Toshiba Satellite C SERIES C640-X4015, https://s3n.cashify.in/cashify/product/img/xhdpi/Satellite.jpg
Toshiba Satellite C series C640-I4010, https://s3n.cashify.in/cashify/product/img/xhdpi/Satellite.jpg
Toshiba Satellite C50D-A m0010, https://s3n.cashify.in/cashify/product/img/xhdpi/Satellite.jpg
Toshiba Satellite C series C640-X4213, https://s3n.cashify.in/cashify/product/img/xhdpi/Satellite.jpg
Toshiba Satellite L40-A I0010, https://s3n.cashify.in/cashify/product/img/xhdpi/Satellite.jpg
Toshiba Satellite S40-B X3110, https://s3n.cashify.in/cashify/product/img/xhdpi/Satellite.jpg
Toshiba Satelite C50-B- I0015, https://s3n.cashify.in/cashify/product/img/xhdpi/59a93fb99a33d.jpg
Toshiba Satellite C seriesC665-X5010, https://s3n.cashify.in/cashify/product/img/xhdpi/Satellite.jpg
Toshiba Satellite C640-I4019, https://s3n.cashify.in/cashify/product/img/xhdpi/Satellite.jpg
Toshiba Satellite C840-i4010, https://s3n.cashify.in/cashify/product/img/xhdpi/Satellite.jpg
Toshiba Satellite L50-B(PSKTAG-034010), https://s3n.cashify.in/cashify/product/img/xhdpi/Satellite.jpg
Toshiba Satellite C850-I0013, https://s3n.cashify.in/cashify/product/img/xhdpi/Satellite.jpg
Toshiba Tecra A11-X5430, https://s3n.cashify.in/cashify/product/img/xhdpi/Tecra.jpg
Toshiba Satellite C series C640-I4014, https://s3n.cashify.in/cashify/product/img/xhdpi/Satellite.jpg
Toshiba Satellite U840W-X03, https://s3n.cashify.in/cashify/product/img/xhdpi/Satellite.jpg
Toshiba Satellite C850-I5214, https://s3n.cashify.in/cashify/product/img/xhdpi/Satellite.jpg
Toshiba R930-X0110 laptop, https://s3n.cashify.in/cashify/product/img/xhdpi/ToshibaC.jpg
Toshiba Satellite P50-A Y3110, https://s3n.cashify.in/cashify/product/img/xhdpi/Satellite.jpg
Toshiba Satellite C50-A I0010, https://s3n.cashify.in/cashify/product/img/xhdpi/Satellite.jpg
Toshiba Satellite L50-B X0011, https://s3n.cashify.in/cashify/product/img/xhdpi/Satellite.jpg
Toshiba Satellite L50-B I0012 (PSKSSG-00400H), https://s3n.cashify.in/cashify/product/img/xhdpi/Satellite.jpg
Toshiba Satellite L50-B I3110 (PSKTAG-033010), https://s3n.cashify.in/cashify/product/img/xhdpi/Satellite.jpg
Toshiba Satellite L40-A X0110, https://s3n.cashify.in/cashify/product/img/xhdpi/Satellite.jpg
Toshiba Satellite C50-A I0110T, https://s3n.cashify.in/cashify/product/img/xhdpi/Satellite.jpg
Toshiba Satellite L850-Y3110, https://s3n.cashify.in/cashify/product/img/xhdpi/Satellite.jpg
Toshiba Satellite C50-A-X0110, https://s3n.cashify.in/cashify/product/img/xhdpi/Satellite.jpg
Toshiba Satellite C840-14211, https://s3n.cashify.in/cashify/product/img/xhdpi/Satellite.jpg
Toshiba Satellite C50-A -I001C, https://s3n.cashify.in/cashify/product/img/xhdpi/Satellite.jpg
Toshiba Satellite L50-B I0111 (PSKSQG-00T00T), https://s3n.cashify.in/cashify/product/img/xhdpi/Satellite.jpg
Toshiba Satellite C50-A 0I0015, https://s3n.cashify.in/cashify/product/img/xhdpi/Satellite.jpg
Toshiba Satellite C50-B -I0010 (PSCLJG-00300F), https://s3n.cashify.in/cashify/product/img/xhdpi/Satellite.jpg
Toshiba Satellite C50-A -I2012, https://s3n.cashify.in/cashify/product/img/xhdpi/Satellite.jpg
Toshiba Satellite C50-A I0012, https://s3n.cashify.in/cashify/product/img/xhdpi/Satellite.jpg
Toshiba Satellite Pro NOtebook, https://s3n.cashify.in/cashify/product/img/xhdpi/Satellite.jpg
Toshiba Portege Z930 Ultrabook (Core i7), https://s3n.cashify.in/cashify/product/img/xhdpi/Portege.jpg
Toshiba Portege R830 (Core i7), https://s3n.cashify.in/cashify/product/img/xhdpi/Portege.jpg
Portege R935 ( Core i5), https://s3n.cashify.in/cashify/product/img/xhdpi/Portege.jpg
Portege M780 ( Core i5), https://s3n.cashify.in/cashify/product/img/xhdpi/Portege.jpg
Toshiba Portege R930 (Core i5), https://s3n.cashify.in/cashify/product/img/xhdpi/Portege.jpg
Portege Z935 ( Core i3), https://s3n.cashify.in/cashify/product/img/xhdpi/Portege.jpg
Toshiba Portege R830 (Core i3), https://s3n.cashify.in/cashify/product/img/xhdpi/Portege.jpg
Toshiba Tecra R940 (Core i7), https://s3n.cashify.in/cashify/product/img/xhdpi/Tecra.jpg
Toshiba Tecra R850 (Core i7), https://s3n.cashify.in/cashify/product/img/xhdpi/Tecra.jpg
Toshiba Tecra R850 (Core i3), https://s3n.cashify.in/cashify/product/img/xhdpi/Tecra.jpg
Toshiba Tecra A11 (Core i3), https://s3n.cashify.in/cashify/product/img/xhdpi/Tecra.jpg
Toshiba Tecra M6 (Core Duo), https://s3n.cashify.in/cashify/product/img/xhdpi/Tecra.jpg
Toshiba Tecra M5 (Core Duo), https://s3n.cashify.in/cashify/product/img/xhdpi/Tecra.jpg
Toshiba Tecra A8 (Core Duo), https://s3n.cashify.in/cashify/product/img/xhdpi/Tecra.jpg
Toshiba Tecra A7 (Core Duo), https://s3n.cashify.in/cashify/product/img/xhdpi/Tecra.jpg
Toshiba Tecra M9 (Core 2 Duo), https://s3n.cashify.in/cashify/product/img/xhdpi/Tecra.jpg
Toshiba Tecra M5 (Core 2 Duo), https://s3n.cashify.in/cashify/product/img/xhdpi/Tecra.jpg
Toshiba Tecra A6 (Core 2 Duo), https://s3n.cashify.in/cashify/product/img/xhdpi/Tecra.jpg
Satellite C655-S5229, https://s3n.cashify.in/cashify/product/img/xhdpi/Satellite.jpg
Satellite C655-S5092, https://s3n.cashify.in/cashify/product/img/xhdpi/Satellite.jpg
Satellite C655-S5122, https://s3n.cashify.in/cashify/product/img/xhdpi/Satellite.jpg
Satellite C650D-ST5N01, https://s3n.cashify.in/cashify/product/img/xhdpi/Satellite.jpg
Satellite C650-ST6N02, https://s3n.cashify.in/cashify/product/img/xhdpi/Satellite.jpg
Satellite C650-ST4NX1, https://s3n.cashify.in/cashify/product/img/xhdpi/Satellite.jpg
Satellite C655-S5514, https://s3n.cashify.in/cashify/product/img/xhdpi/Satellite.jpg
Satellite C655-S5505, https://s3n.cashify.in/cashify/product/img/xhdpi/Satellite.jpg
Satellite C655-S5504, https://s3n.cashify.in/cashify/product/img/xhdpi/Satellite.jpg
Satellite C655-S5342, https://s3n.cashify.in/cashify/product/img/xhdpi/Satellite.jpg
Satellite C655-S5141, https://s3n.cashify.in/cashify/product/img/xhdpi/Satellite.jpg
Satellite C655-S5125, https://s3n.cashify.in/cashify/product/img/xhdpi/Satellite.jpg
Satellite C655D-S5134, https://s3n.cashify.in/cashify/product/img/xhdpi/Satellite.jpg
Satellite C655D-S5133, https://s3n.cashify.in/cashify/product/img/xhdpi/Satellite.jpg
Satellite C655D-S5130, https://s3n.cashify.in/cashify/product/img/xhdpi/Satellite.jpg
Satellite C655-S5339, https://s3n.cashify.in/cashify/product/img/xhdpi/Satellite.jpg
Satellite A665-S6100X, https://s3n.cashify.in/cashify/product/img/xhdpi/Satellite.jpg
Satellite A665-S5185, https://s3n.cashify.in/cashify/product/img/xhdpi/Satellite.jpg
Satellite A665-S6088, https://s3n.cashify.in/cashify/product/img/xhdpi/Satellite.jpg
Satellite C655-S5340, https://s3n.cashify.in/cashify/product/img/xhdpi/Satellite.jpg
Qosmio X770 ( Core i7), https://s3n.cashify.in/cashify/product/img/xhdpi/Qosmio.jpg
Toshiba Qosmio X775 (Core i7), https://s3n.cashify.in/cashify/product/img/xhdpi/Qosmio.jpg
Toshiba Satellite L35 (Pentium Dual-core), https://s3n.cashify.in/cashify/product/img/xhdpi/Satellite.jpg
Toshiba Satellite A205 (Pentium Dual-core), https://s3n.cashify.in/cashify/product/img/xhdpi/Satellite.jpg
Satellite L635 ( Pentium P6200), https://s3n.cashify.in/cashify/product/img/xhdpi/Satellite.jpg
Satellite C850 ( Pentium B980), https://s3n.cashify.in/cashify/product/img/xhdpi/Satellite.jpg
Satellite C845 ( Pentium B970), https://s3n.cashify.in/cashify/product/img/xhdpi/Satellite.jpg
Toshiba Satellite U505 (Pentium Dual-core), https://s3n.cashify.in/cashify/product/img/xhdpi/Satellite.jpg
Toshiba Satellite U500 (Pentium Dual-core), https://s3n.cashify.in/cashify/product/img/xhdpi/Satellite.jpg
Toshiba Satellite L675 (Pentium Dual-core), https://s3n.cashify.in/cashify/product/img/xhdpi/Satellite.jpg
Toshiba Satellite L645 (Pentium Dual-core), https://s3n.cashify.in/cashify/product/img/xhdpi/Satellite.jpg
Toshiba Satellite L505 (Pentium Dual-core), https://s3n.cashify.in/cashify/product/img/xhdpi/Satellite.jpg
Toshiba Satellite L455 (Pentium Dual-core), https://s3n.cashify.in/cashify/product/img/xhdpi/Satellite.jpg
Toshiba Satellite A305 (Pentium Dual-core), https://s3n.cashify.in/cashify/product/img/xhdpi/Satellite.jpg
Satellite U845W ( Core i7), https://s3n.cashify.in/cashify/product/img/xhdpi/Satellite.jpg
Satellite P875 ( Core i7), https://s3n.cashify.in/cashify/product/img/xhdpi/Satellite.jpg
Satellite P855 ( Core i7), https://s3n.cashify.in/cashify/product/img/xhdpi/Satellite.jpg
Satellite P750 ( Core i7), https://s3n.cashify.in/cashify/product/img/xhdpi/Satellite.jpg
Satellite L875 ( Core i7), https://s3n.cashify.in/cashify/product/img/xhdpi/Satellite.jpg
Satellite L870 ( Core i7), https://s3n.cashify.in/cashify/product/img/xhdpi/Satellite.jpg
Toshiba Satellite P755 (Core i7), https://s3n.cashify.in/cashify/product/img/xhdpi/Satellite.jpg
Toshiba Satellite A660 (Core i7), https://s3n.cashify.in/cashify/product/img/xhdpi/Satellite.jpg
Satellite U925T ( Core i5), https://s3n.cashify.in/cashify/product/img/xhdpi/Satellite.jpg
Satellite U845W ( Core i5), https://s3n.cashify.in/cashify/product/img/xhdpi/Satellite.jpg
Satellite S855 ( Core i5), https://s3n.cashify.in/cashify/product/img/xhdpi/Satellite.jpg
Toshiba Satellite L870 (Core i5), https://s3n.cashify.in/cashify/product/img/xhdpi/Satellite.jpg
Toshiba Satellite L650 (Core i5), https://s3n.cashify.in/cashify/product/img/xhdpi/Satellite.jpg
Toshiba Satellite L500 (Core i5), https://s3n.cashify.in/cashify/product/img/xhdpi/Satellite.jpg
Toshiba Satellite A660 (Core i5), https://s3n.cashify.in/cashify/product/img/xhdpi/Satellite.jpg
Satellite U845 ( Core i3), https://s3n.cashify.in/cashify/product/img/xhdpi/Satellite.jpg
Satellite P750 ( Core i3), https://s3n.cashify.in/cashify/product/img/xhdpi/Satellite.jpg
Satellite L640 ( Core i3), https://s3n.cashify.in/cashify/product/img/xhdpi/Satellite.jpg
Satellite C870 ( Core i3), https://s3n.cashify.in/cashify/product/img/xhdpi/Satellite.jpg
Toshiba Satellite L955 (Core i3), https://s3n.cashify.in/cashify/product/img/xhdpi/Satellite.jpg
Toshiba Satellite L755 (Core i3), https://s3n.cashify.in/cashify/product/img/xhdpi/Satellite.jpg
Toshiba Satellite L735 (Core i3), https://s3n.cashify.in/cashify/product/img/xhdpi/Satellite.jpg
Toshiba Satellite L650 (Core i3), https://s3n.cashify.in/cashify/product/img/xhdpi/Satellite.jpg
Toshiba Satellite C875 (Core i3), https://s3n.cashify.in/cashify/product/img/xhdpi/Satellite.jpg
Toshiba Satellite A660 (Core i3), https://s3n.cashify.in/cashify/product/img/xhdpi/Satellite.jpg
Toshiba Satellite P105 (Core Duo Dual-core), https://s3n.cashify.in/cashify/product/img/xhdpi/Satellite.jpg
Toshiba Satellite P100 (Core Duo Dual-core), https://s3n.cashify.in/cashify/product/img/xhdpi/Satellite.jpg
Toshiba Satellite Pro P100 (Core Duo), https://s3n.cashify.in/cashify/product/img/xhdpi/Satellite.jpg
Toshiba Satellite P205 (Core Duo), https://s3n.cashify.in/cashify/product/img/xhdpi/Satellite.jpg
Toshiba Satellite U505 (Core 2 Duo), https://s3n.cashify.in/cashify/product/img/xhdpi/Satellite.jpg
Toshiba Satellite U205 (Core 2 Duo), https://s3n.cashify.in/cashify/product/img/xhdpi/Satellite.jpg
Toshiba Satellite Pro S300M (Core 2 Duo), https://s3n.cashify.in/cashify/product/img/xhdpi/Satellite.jpg
Toshiba Satellite Pro P300 (Core 2 Duo), https://s3n.cashify.in/cashify/product/img/xhdpi/Satellite.jpg
Toshiba Satellite Pro A300 (Core 2 Duo), https://s3n.cashify.in/cashify/product/img/xhdpi/Satellite.jpg
Toshiba Satellite P305 (Core 2 Duo), https://s3n.cashify.in/cashify/product/img/xhdpi/Satellite.jpg
Toshiba Satellite P100 (Core 2 Duo), https://s3n.cashify.in/cashify/product/img/xhdpi/Satellite.jpg
Toshiba Satellite L515 (Core 2 Duo), https://s3n.cashify.in/cashify/product/img/xhdpi/Satellite.jpg
Toshiba Satellite A355 (Core 2 Duo), https://s3n.cashify.in/cashify/product/img/xhdpi/Satellite.jpg
Toshiba Satellite L515 (Celeron Dual-core), https://s3n.cashify.in/cashify/product/img/xhdpi/Satellite.jpg
Satellite A665D-S6083, https://s3n.cashify.in/cashify/product/img/xhdpi/Satellite.jpg
Satellite A665D-S6075, https://s3n.cashify.in/cashify/product/img/xhdpi/Satellite.jpg
Satellite A665D-S5175, https://s3n.cashify.in/cashify/product/img/xhdpi/Satellite.jpg
Satellite A665D-S6084, https://s3n.cashify.in/cashify/product/img/xhdpi/Satellite.jpg
Toshiba Satellite Pro R50-B Y, https://s3n.cashify.in/cashify/product/img/xhdpi/574301e67f525.jpg
Toshiba Satellite C series C640-X4010, https://s3n.cashify.in/cashify/product/img/xhdpi/Satellite.jpg
Toshiba Portege Z930-X3430 laptop, https://s3n.cashify.in/cashify/product/img/xhdpi/Portege.jpg
Toshiba Satellite C40-B I0022, https://s3n.cashify.in/cashify/product/img/xhdpi/Satellite.jpg
Toshiba Satellite C SERIES C640-I4210, https://s3n.cashify.in/cashify/product/img/xhdpi/Satellite.jpg
Toshiba Satellite PRO B40-A I0411, https://s3n.cashify.in/cashify/product/img/xhdpi/Satellite.jpg
Toshiba - Notebook C50-A-I001C, https://s3n.cashify.in/cashify/product/img/xhdpi/59a93fb99a33d.jpg
Toshiba Satellite C850-X0110, https://s3n.cashify.in/cashify/product/img/xhdpi/Satellite.jpg
Toshiba Satellite C series C600-P4011-PENTIUM, https://s3n.cashify.in/cashify/product/img/xhdpi/Satellite.jpg
Toshiba Satellite C850-I5011, https://s3n.cashify.in/cashify/product/img/xhdpi/Satellite.jpg
Toshiba Satellite C850-X5214, https://s3n.cashify.in/cashify/product/img/xhdpi/Satellite.jpg
Toshiba Satellite L50-B I3010 (PSKTCG-02100P), https://s3n.cashify.in/cashify/product/img/xhdpi/Satellite.jpg
Toshiba Satellite L50-B I0011 (PSKSSG-00600H), https://s3n.cashify.in/cashify/product/img/xhdpi/Satellite.jpg
Toshiba Portege R830-I3310, https://s3n.cashify.in/cashify/product/img/xhdpi/Portege.jpg
Toshiba C50-B I0011 Satelite notebook, https://s3n.cashify.in/cashify/product/img/xhdpi/ToshibaC.jpg
Toshiba L50 Notebook P0010, https://s3n.cashify.in/cashify/product/img/xhdpi/ToshibaC.jpg
Toshiba Satellite PRO B40-A, https://s3n.cashify.in/cashify/product/img/xhdpi/Satellite.jpg
Toshiba Satellite C50-a I001B, https://s3n.cashify.in/cashify/product/img/xhdpi/Satellite.jpg
Toshiba C50-A-P0011 satelite laptop, https://s3n.cashify.in/cashify/product/img/xhdpi/ToshibaC.jpg
Toshiba Satellite C50-A X0012, https://s3n.cashify.in/cashify/product/img/xhdpi/Satellite.jpg
Toshiba Satellite C50-A -I0116, https://s3n.cashify.in/cashify/product/img/xhdpi/Satellite.jpg
Toshiba Satellite L50D-B  (PSKUDG-002001), https://s3n.cashify.in/cashify/product/img/xhdpi/Satellite.jpg
Portege Z835 ( Core i7), https://s3n.cashify.in/cashify/product/img/xhdpi/Portege.jpg
Portege M780 ( Core i7), https://s3n.cashify.in/cashify/product/img/xhdpi/Portege.jpg
Portege Z930 ( Core i5), https://s3n.cashify.in/cashify/product/img/xhdpi/Portege.jpg
Toshiba Portege R700 (Core i5), https://s3n.cashify.in/cashify/product/img/xhdpi/Portege.jpg
Portege R935 ( Core i3), https://s3n.cashify.in/cashify/product/img/xhdpi/Portege.jpg
Portege R700 ( Core i3), https://s3n.cashify.in/cashify/product/img/xhdpi/Portege.jpg
Toshiba Tecra M11 (Core i7), https://s3n.cashify.in/cashify/product/img/xhdpi/Tecra.jpg
Tecra R840 ( Core i5), https://s3n.cashify.in/cashify/product/img/xhdpi/Tecra.jpg
Toshiba Tecra A6 (Core Duo), https://s3n.cashify.in/cashify/product/img/xhdpi/Tecra.jpg
Toshiba Tecra R10 (Core 2 Duo), https://s3n.cashify.in/cashify/product/img/xhdpi/Tecra.jpg
Toshiba Tecra A10 (Core 2 Duo), https://s3n.cashify.in/cashify/product/img/xhdpi/Tecra.jpg
Satellite C655-S5193, https://s3n.cashify.in/cashify/product/img/xhdpi/Satellite.jpg
Satellite C655-S5212, https://s3n.cashify.in/cashify/product/img/xhdpi/Satellite.jpg
Satellite C655-S5208, https://s3n.cashify.in/cashify/product/img/xhdpi/Satellite.jpg
Satellite C650D-ST3NX2, https://s3n.cashify.in/cashify/product/img/xhdpi/Satellite.jpg
Satellite C650-ST5N02, https://s3n.cashify.in/cashify/product/img/xhdpi/Satellite.jpg
Satellite C650-ST2N01, https://s3n.cashify.in/cashify/product/img/xhdpi/Satellite.jpg
Toshiba A105-S4397 (Core Duo), https://s3n.cashify.in/cashify/product/img/xhdpi/ToshibaC.jpg
Satellite C655-S5547, https://s3n.cashify.in/cashify/product/img/xhdpi/Satellite.jpg
Satellite C655-S5501, https://s3n.cashify.in/cashify/product/img/xhdpi/Satellite.jpg
Satellite C655-S5128, https://s3n.cashify.in/cashify/product/img/xhdpi/Satellite.jpg
Satellite C655-S5127, https://s3n.cashify.in/cashify/product/img/xhdpi/Satellite.jpg
Satellite C655-S5142, https://s3n.cashify.in/cashify/product/img/xhdpi/Satellite.jpg
Satellite C655D-S5209, https://s3n.cashify.in/cashify/product/img/xhdpi/Satellite.jpg
Satellite C655D-S5135, https://s3n.cashify.in/cashify/product/img/xhdpi/Satellite.jpg
Satellite C655D-S5126, https://s3n.cashify.in/cashify/product/img/xhdpi/Satellite.jpg
Satellite C655-S5312, https://s3n.cashify.in/cashify/product/img/xhdpi/Satellite.jpg
Satellite A665-S5184X, https://s3n.cashify.in/cashify/product/img/xhdpi/Satellite.jpg
Satellite A665-S5183X, https://s3n.cashify.in/cashify/product/img/xhdpi/Satellite.jpg
Satellite A665-S5182X, https://s3n.cashify.in/cashify/product/img/xhdpi/Satellite.jpg
Satellite A665-S5180, https://s3n.cashify.in/cashify/product/img/xhdpi/Satellite.jpg
Satellite A665-S5177X, https://s3n.cashify.in/cashify/product/img/xhdpi/Satellite.jpg
Satellite A665-S5173, https://s3n.cashify.in/cashify/product/img/xhdpi/Satellite.jpg
Satellite C655-S5305, https://s3n.cashify.in/cashify/product/img/xhdpi/Satellite.jpg
Satellite C655-S5301, https://s3n.cashify.in/cashify/product/img/xhdpi/Satellite.jpg
Satellite A665-S5176X, https://s3n.cashify.in/cashify/product/img/xhdpi/Satellite.jpg
Qosmio F755 ( Core i7), https://s3n.cashify.in/cashify/product/img/xhdpi/Qosmio.jpg
Qosmio X775 ( Core i5), https://s3n.cashify.in/cashify/product/img/xhdpi/Qosmio.jpg
Toshiba Qosmio X305 (Core 2 Quad Four-core), https://s3n.cashify.in/cashify/product/img/xhdpi/Qosmio.jpg
Toshiba Satellite U405 (Pentium Dual-core), https://s3n.cashify.in/cashify/product/img/xhdpi/Satellite.jpg
Satellite C870 ( Pentium B980), https://s3n.cashify.in/cashify/product/img/xhdpi/Satellite.jpg
Satellite C850 ( Pentium 2020M ), https://s3n.cashify.in/cashify/product/img/xhdpi/Satellite.jpg
Satellite C675 ( Pentium B960), https://s3n.cashify.in/cashify/product/img/xhdpi/Satellite.jpg
Toshiba Satellite T235 (Pentium Dual-core), https://s3n.cashify.in/cashify/product/img/xhdpi/Satellite.jpg
Toshiba Satellite P305 (Pentium Dual-core), https://s3n.cashify.in/cashify/product/img/xhdpi/Satellite.jpg
Toshiba Satellite M505 (Pentium Dual-core), https://s3n.cashify.in/cashify/product/img/xhdpi/Satellite.jpg
Toshiba Satellite M300 (Pentium Dual-core), https://s3n.cashify.in/cashify/product/img/xhdpi/Satellite.jpg
Toshiba Satellite L755 (Pentium Dual-core), https://s3n.cashify.in/cashify/product/img/xhdpi/Satellite.jpg
Toshiba Satellite L745 (Pentium Dual-core), https://s3n.cashify.in/cashify/product/img/xhdpi/Satellite.jpg
Toshiba Satellite L735 (Pentium Dual-core), https://s3n.cashify.in/cashify/product/img/xhdpi/Satellite.jpg
Toshiba Satellite L655 (Pentium Dual-core), https://s3n.cashify.in/cashify/product/img/xhdpi/Satellite.jpg
Toshiba Satellite L650 (Pentium Dual-core), https://s3n.cashify.in/cashify/product/img/xhdpi/Satellite.jpg
Toshiba Satellite L550 (Pentium Dual-core), https://s3n.cashify.in/cashify/product/img/xhdpi/Satellite.jpg
Satellite P850 ( Core i7), https://s3n.cashify.in/cashify/product/img/xhdpi/Satellite.jpg
Toshiba Satellite S855 (Core i7), https://s3n.cashify.in/cashify/product/img/xhdpi/Satellite.jpg
Toshiba Satellite A665 (Core i7), https://s3n.cashify.in/cashify/product/img/xhdpi/Satellite.jpg
Satellite U845 ( Core i5), https://s3n.cashify.in/cashify/product/img/xhdpi/Satellite.jpg
Satellite P870 ( Core i5), https://s3n.cashify.in/cashify/product/img/xhdpi/Satellite.jpg
Satellite P770 ( Core i5), https://s3n.cashify.in/cashify/product/img/xhdpi/Satellite.jpg
Satellite L775 ( Core i5), https://s3n.cashify.in/cashify/product/img/xhdpi/Satellite.jpg
Satellite L670 ( Core i5), https://s3n.cashify.in/cashify/product/img/xhdpi/Satellite.jpg
Toshiba Satellite U505 (Core i5), https://s3n.cashify.in/cashify/product/img/xhdpi/Satellite.jpg
Toshiba Satellite Pro L670 (Core i5), https://s3n.cashify.in/cashify/product/img/xhdpi/Satellite.jpg
Toshiba Satellite P775 (Core i5), https://s3n.cashify.in/cashify/product/img/xhdpi/Satellite.jpg
Toshiba Satellite P755 (Core i5), https://s3n.cashify.in/cashify/product/img/xhdpi/Satellite.jpg
Toshiba Satellite L745 (Core i5), https://s3n.cashify.in/cashify/product/img/xhdpi/Satellite.jpg
Toshiba Satellite L735 (Core i5), https://s3n.cashify.in/cashify/product/img/xhdpi/Satellite.jpg
Toshiba Satellite L645 (Core i5), https://s3n.cashify.in/cashify/product/img/xhdpi/Satellite.jpg
Toshiba Satellite L635 (Core i5), https://s3n.cashify.in/cashify/product/img/xhdpi/Satellite.jpg
Toshiba Satellite L555 (Core i5), https://s3n.cashify.in/cashify/product/img/xhdpi/Satellite.jpg
Satellite U945 ( Core i3), https://s3n.cashify.in/cashify/product/img/xhdpi/Satellite.jpg
Satellite L840 ( Core i3), https://s3n.cashify.in/cashify/product/img/xhdpi/Satellite.jpg
Toshiba Satellite U505 (Core i3), https://s3n.cashify.in/cashify/product/img/xhdpi/Satellite.jpg
Toshiba Satellite L870 (Core i3), https://s3n.cashify.in/cashify/product/img/xhdpi/Satellite.jpg
Toshiba Satellite L855 (Core i3), https://s3n.cashify.in/cashify/product/img/xhdpi/Satellite.jpg
Toshiba Satellite L775 (Core i3), https://s3n.cashify.in/cashify/product/img/xhdpi/Satellite.jpg
Toshiba Satellite L750 (Core i3), https://s3n.cashify.in/cashify/product/img/xhdpi/Satellite.jpg
Toshiba Satellite L670 (Core i3), https://s3n.cashify.in/cashify/product/img/xhdpi/Satellite.jpg
Toshiba Satellite L515 (Core i3), https://s3n.cashify.in/cashify/product/img/xhdpi/Satellite.jpg
Toshiba Satellite L500 (Core i3), https://s3n.cashify.in/cashify/product/img/xhdpi/Satellite.jpg
Toshiba Satellite C850 (Core i3), https://s3n.cashify.in/cashify/product/img/xhdpi/Satellite.jpg
Toshiba Satellite P105 (Core Duo), https://s3n.cashify.in/cashify/product/img/xhdpi/Satellite.jpg
Toshiba Satellite Pro U400 (Core 2 Duo), https://s3n.cashify.in/cashify/product/img/xhdpi/Satellite.jpg
Toshiba Satellite Pro S300L (Core 2 Duo), https://s3n.cashify.in/cashify/product/img/xhdpi/Satellite.jpg
Toshiba Satellite P300 (Core 2 Duo), https://s3n.cashify.in/cashify/product/img/xhdpi/Satellite.jpg
Toshiba Satellite M505 (Core 2 Duo), https://s3n.cashify.in/cashify/product/img/xhdpi/Satellite.jpg
Toshiba Satellite L550 (Core 2 Duo), https://s3n.cashify.in/cashify/product/img/xhdpi/Satellite.jpg
Toshiba Satellite L455 (Core 2 Duo), https://s3n.cashify.in/cashify/product/img/xhdpi/Satellite.jpg
Toshiba Satellite L355 (Core 2 Duo), https://s3n.cashify.in/cashify/product/img/xhdpi/Satellite.jpg
Toshiba A105-S2236 (Celeron M), https://s3n.cashify.in/cashify/product/img/xhdpi/59a93fb99a33d.jpg
Satellite A665D-S6076, https://s3n.cashify.in/cashify/product/img/xhdpi/Satellite.jpg
Satellite A665D-S5178, https://s3n.cashify.in/cashify/product/img/xhdpi/Satellite.jpg
TOSHIBA Satellite C665D M5010 Laptop, https://s3n.cashify.in/cashify/product/img/xhdpi/234877da-3ca3.jpg
Toshiba Satellite C SERIES C640-I4015, https://s3n.cashify.in/cashify/product/img/xhdpi/Satellite.jpg
Toshiba Satellite C SERIES C640-I4018, https://s3n.cashify.in/cashify/product/img/xhdpi/Satellite.jpg
Toshiba Satellite M840-X4212, https://s3n.cashify.in/cashify/product/img/xhdpi/Satellite.jpg
Toshiba Satellite L50-A I3111, https://s3n.cashify.in/cashify/product/img/xhdpi/Satellite.jpg
Toshiba Satellite C series C665-I5011, https://s3n.cashify.in/cashify/product/img/xhdpi/Satellite.jpg
Toshiba Satellite L50-B50B(PSKT6G-00F00K), https://s3n.cashify.in/cashify/product/img/xhdpi/Satellite.jpg
Toshiba Satellite U40-A-I0110, https://s3n.cashify.in/cashify/product/img/xhdpi/Satellite.jpg
Toshiba B40a Notebook, https://s3n.cashify.in/cashify/product/img/xhdpi/ToshibaC.jpg
Toshiba L850-i2011, https://s3n.cashify.in/cashify/product/img/xhdpi/ToshibaC.jpg
Toshiba Satellite U940-X0110, https://s3n.cashify.in/cashify/product/img/xhdpi/Satellite.jpg
Toshiba Satellite M840-X4213, https://s3n.cashify.in/cashify/product/img/xhdpi/Satellite.jpg
Toshiba C850-I0110 laptop, https://s3n.cashify.in/cashify/product/img/xhdpi/ToshibaC.jpg
Toshiba Satellite B40-A P0010, https://s3n.cashify.in/cashify/product/img/xhdpi/Satellite.jpg
Toshiba Satellite L850-X5310 laptop, https://s3n.cashify.in/cashify/product/img/xhdpi/Satellite.jpg
Toshiba Satellite P50-A-I0010, https://s3n.cashify.in/cashify/product/img/xhdpi/Satellite.jpg
Toshiba U940-X3110, https://s3n.cashify.in/cashify/product/img/xhdpi/ToshibaC.jpg
Toshiba Satellite L50-A I0111, https://s3n.cashify.in/cashify/product/img/xhdpi/Satellite.jpg
Toshiba Portege R700-I3330 laptop, https://s3n.cashify.in/cashify/product/img/xhdpi/Portege.jpg
Toshiba Satellite PRO B40-A X0010, https://s3n.cashify.in/cashify/product/img/xhdpi/Satellite.jpg
Toshiba Satellite S50-A X0010, https://s3n.cashify.in/cashify/product/img/xhdpi/Satellite.jpg
Toshiba Satellite C850-10014, https://s3n.cashify.in/cashify/product/img/xhdpi/Satellite.jpg
Toshiba Satellite C50-A-E0010, https://s3n.cashify.in/cashify/product/img/xhdpi/Satellite.jpg
Toshiba Satellite C850-X0011 laptop, https://s3n.cashify.in/cashify/product/img/xhdpi/Satellite.jpg
Toshiba Satellite C50-A I001A, https://s3n.cashify.in/cashify/product/img/xhdpi/Satellite.jpg
TOSHIBA Satellite C850-I0015, https://s3n.cashify.in/cashify/product/img/xhdpi/Satellite.jpg
Toshiba C50D-A 40012, https://s3n.cashify.in/cashify/product/img/xhdpi/ToshibaC.jpg
Portege Z830 ( Core i7), https://s3n.cashify.in/cashify/product/img/xhdpi/Portege.jpg
Portege Z830 ( Core i5), https://s3n.cashify.in/cashify/product/img/xhdpi/Portege.jpg
Toshiba Portege (Core i5), https://s3n.cashify.in/cashify/product/img/xhdpi/Portege.jpg
Portege R835 ( Core i3), https://s3n.cashify.in/cashify/product/img/xhdpi/Portege.jpg
Toshiba Portege R930 (Core i3), https://s3n.cashify.in/cashify/product/img/xhdpi/Portege.jpg
Toshiba Portege (Core i3), https://s3n.cashify.in/cashify/product/img/xhdpi/Portege.jpg
Toshiba Portege M800-108 (Core 2 Duo), https://s3n.cashify.in/cashify/product/img/xhdpi/Portege.jpg
Toshiba Tecra M11 (Core i3), https://s3n.cashify.in/cashify/product/img/xhdpi/Tecra.jpg
Toshiba Tecra M10 (Core 2 Duo), https://s3n.cashify.in/cashify/product/img/xhdpi/Tecra.jpg
Toshiba Tecra A7 (Core 2 Duo), https://s3n.cashify.in/cashify/product/img/xhdpi/Tecra.jpg
Satellite C655-S5221, https://s3n.cashify.in/cashify/product/img/xhdpi/Satellite.jpg
Satellite C650D-ST6NX2, https://s3n.cashify.in/cashify/product/img/xhdpi/Satellite.jpg
Satellite C650D-ST4NX1, https://s3n.cashify.in/cashify/product/img/xhdpi/Satellite.jpg
Toshiba L45-S4687 (Pentium Dual-core), https://s3n.cashify.in/cashify/product/img/xhdpi/ToshibaC.jpg
Satellite C650-ST6NX4, https://s3n.cashify.in/cashify/product/img/xhdpi/Satellite.jpg
Satellite C650-ST6NX3, https://s3n.cashify.in/cashify/product/img/xhdpi/Satellite.jpg
Satellite C650-ST6N01, https://s3n.cashify.in/cashify/product/img/xhdpi/Satellite.jpg
Satellite C650-ST4N02, https://s3n.cashify.in/cashify/product/img/xhdpi/Satellite.jpg
Satellite C650-ST6NX5, https://s3n.cashify.in/cashify/product/img/xhdpi/Satellite.jpg
Satellite C650-ST6N03, https://s3n.cashify.in/cashify/product/img/xhdpi/Satellite.jpg
Satellite C655-S5543, https://s3n.cashify.in/cashify/product/img/xhdpi/Satellite.jpg
Satellite C655-S5540, https://s3n.cashify.in/cashify/product/img/xhdpi/Satellite.jpg
Satellite C655-S5541, https://s3n.cashify.in/cashify/product/img/xhdpi/Satellite.jpg
Satellite C655-S5137, https://s3n.cashify.in/cashify/product/img/xhdpi/Satellite.jpg
Satellite C655D-S5226, https://s3n.cashify.in/cashify/product/img/xhdpi/Satellite.jpg
Satellite C655D-S5210, https://s3n.cashify.in/cashify/product/img/xhdpi/Satellite.jpg
Satellite C655D-S5143, https://s3n.cashify.in/cashify/product/img/xhdpi/Satellite.jpg
Satellite C655D-S5124, https://s3n.cashify.in/cashify/product/img/xhdpi/Satellite.jpg
TOSHIBA SATELLITE L740-P4210, https://s3n.cashify.in/cashify/product/img/xhdpi/Satellite.jpg
Satellite C655-S5341, https://s3n.cashify.in/cashify/product/img/xhdpi/Satellite.jpg
Satellite C655-S5307, https://s3n.cashify.in/cashify/product/img/xhdpi/Satellite.jpg
Satellite C655-S5231, https://s3n.cashify.in/cashify/product/img/xhdpi/Satellite.jpg
Satellite A665-S5171, https://s3n.cashify.in/cashify/product/img/xhdpi/Satellite.jpg
Satellite C655-S5240, https://s3n.cashify.in/cashify/product/img/xhdpi/Satellite.jpg
Qosmio X875 ( Core i7), https://s3n.cashify.in/cashify/product/img/xhdpi/Qosmio.jpg
Toshiba Qosmio X305 (Core 2 Extreme Dual-core), https://s3n.cashify.in/cashify/product/img/xhdpi/Qosmio.jpg
Toshiba Satellite M100-221, https://s3n.cashify.in/cashify/product/img/xhdpi/Satellite.jpg
Toshiba Satellite U305 (Pentium Dual-core), https://s3n.cashify.in/cashify/product/img/xhdpi/Satellite.jpg
Toshiba Satellite Pro L300 (Pentium Dual-core), https://s3n.cashify.in/cashify/product/img/xhdpi/Satellite.jpg
Satellite L775 ( Pentium B950), https://s3n.cashify.in/cashify/product/img/xhdpi/Satellite.jpg
Satellite C675 ( Pentium B940), https://s3n.cashify.in/cashify/product/img/xhdpi/Satellite.jpg
Toshiba Satellite L555 (Pentium Dual-core), https://s3n.cashify.in/cashify/product/img/xhdpi/Satellite.jpg
Toshiba Satellite C855 (Pentium Dual-core), https://s3n.cashify.in/cashify/product/img/xhdpi/Satellite.jpg
Toshiba Satellite C650 (Pentium Dual-core), https://s3n.cashify.in/cashify/product/img/xhdpi/Satellite.jpg
Satellite U945 ( Core i5), https://s3n.cashify.in/cashify/product/img/xhdpi/Satellite.jpg
Satellite S955 ( Core i5), https://s3n.cashify.in/cashify/product/img/xhdpi/Satellite.jpg
Satellite R945 ( Core i5), https://s3n.cashify.in/cashify/product/img/xhdpi/Satellite.jpg
Satellite R845 ( Core i5), https://s3n.cashify.in/cashify/product/img/xhdpi/Satellite.jpg
Satellite P875 ( Core i5), https://s3n.cashify.in/cashify/product/img/xhdpi/Satellite.jpg
Satellite P855 ( Core i5), https://s3n.cashify.in/cashify/product/img/xhdpi/Satellite.jpg
Satellite P740 ( Core i5), https://s3n.cashify.in/cashify/product/img/xhdpi/Satellite.jpg
Satellite M640 ( Core i5), https://s3n.cashify.in/cashify/product/img/xhdpi/Satellite.jpg
Satellite L840 ( Core i5), https://s3n.cashify.in/cashify/product/img/xhdpi/Satellite.jpg
Satellite E305 ( Core i5), https://s3n.cashify.in/cashify/product/img/xhdpi/Satellite.jpg
Satellite C850 ( Core i5), https://s3n.cashify.in/cashify/product/img/xhdpi/Satellite.jpg
Toshiba Satellite P745 (Core i5), https://s3n.cashify.in/cashify/product/img/xhdpi/Satellite.jpg
Toshiba Satellite L955 (Core i5), https://s3n.cashify.in/cashify/product/img/xhdpi/Satellite.jpg
Toshiba Satellite L855 (Core i5), https://s3n.cashify.in/cashify/product/img/xhdpi/Satellite.jpg
Toshiba Satellite L850 (Core i5), https://s3n.cashify.in/cashify/product/img/xhdpi/Satellite.jpg
Toshiba Satellite L845 (Core i5), https://s3n.cashify.in/cashify/product/img/xhdpi/Satellite.jpg
Toshiba Satellite L755 (Core i5), https://s3n.cashify.in/cashify/product/img/xhdpi/Satellite.jpg
Satellite Pro L740 ( Core i3), https://s3n.cashify.in/cashify/product/img/xhdpi/Satellite.jpg
Satellite P845T ( Core i3), https://s3n.cashify.in/cashify/product/img/xhdpi/Satellite.jpg
Satellite L630 ( Core i3), https://s3n.cashify.in/cashify/product/img/xhdpi/Satellite.jpg
Toshiba Satellite M505 (Core i3), https://s3n.cashify.in/cashify/product/img/xhdpi/Satellite.jpg
Toshiba Satellite L850 (Core i3), https://s3n.cashify.in/cashify/product/img/xhdpi/Satellite.jpg
Toshiba Satellite L655 (Core i3), https://s3n.cashify.in/cashify/product/img/xhdpi/Satellite.jpg
Toshiba Satellite L505 (Core i3), https://s3n.cashify.in/cashify/product/img/xhdpi/Satellite.jpg
Toshiba Satellite A505 (Core i3), https://s3n.cashify.in/cashify/product/img/xhdpi/Satellite.jpg
Toshiba Satellite U200 (Core Duo), https://s3n.cashify.in/cashify/product/img/xhdpi/Satellite.jpg
Toshiba Satellite P100 (Core Duo), https://s3n.cashify.in/cashify/product/img/xhdpi/Satellite.jpg
Toshiba Satellite A205 (Core Duo), https://s3n.cashify.in/cashify/product/img/xhdpi/Satellite.jpg
Toshiba Satellite A135 (Core Duo), https://s3n.cashify.in/cashify/product/img/xhdpi/Satellite.jpg
Toshiba Satellite U500 (Core 2 Duo), https://s3n.cashify.in/cashify/product/img/xhdpi/Satellite.jpg
Toshiba Satellite U400 (Core 2 Duo), https://s3n.cashify.in/cashify/product/img/xhdpi/Satellite.jpg
Toshiba Satellite Pro U500 (Core 2 Duo), https://s3n.cashify.in/cashify/product/img/xhdpi/Satellite.jpg
Toshiba Satellite Pro P100 (Core 2 Duo), https://s3n.cashify.in/cashify/product/img/xhdpi/Satellite.jpg
Toshiba Satellite Pro L450 (Core 2 Duo), https://s3n.cashify.in/cashify/product/img/xhdpi/Satellite.jpg
Toshiba Satellite Pro L350 (Core 2 Duo), https://s3n.cashify.in/cashify/product/img/xhdpi/Satellite.jpg
Toshiba Satellite Pro L300 (Core 2 Duo), https://s3n.cashify.in/cashify/product/img/xhdpi/Satellite.jpg
Toshiba Satellite M305 (Core 2 Duo), https://s3n.cashify.in/cashify/product/img/xhdpi/Satellite.jpg
Toshiba Satellite M300 (Core 2 Duo), https://s3n.cashify.in/cashify/product/img/xhdpi/Satellite.jpg
Toshiba Satellite L555 (Core 2 Duo), https://s3n.cashify.in/cashify/product/img/xhdpi/Satellite.jpg
Toshiba Satellite L500 (Core 2 Duo), https://s3n.cashify.in/cashify/product/img/xhdpi/Satellite.jpg
Toshiba Satellite E105 (Core 2 Duo), https://s3n.cashify.in/cashify/product/img/xhdpi/Satellite.jpg
Toshiba Satellite Radius P55W-B5224, https://s3n.cashify.in/cashify/product/img/xhdpi/59a93fb99a33d.jpg
TOSHIBA Portege U940 X3110 Laptop, https://s3n.cashify.in/cashify/product/img/xhdpi/234877da-3ca3.jpg
