models,images
Vivo V9 Pro,https://s3n.cashify.in/cashify/product/img/xhdpi/csh-04ntnjyu-gjmv.png
Vivo V11 Pro,https://s3n.cashify.in/cashify/product/img/xhdpi/csh-occhlr3b-qezs.png
Vivo V11,https://s3n.cashify.in/cashify/product/img/xhdpi/csh-nuhjcjp6-qf4s.png
Vivo Y83 Pro,https://s3n.cashify.in/cashify/product/img/xhdpi/csh-oqdwj0mc-ptug.png
Vivo NEX,https://s3n.cashify.in/cashify/product/img/xhdpi/csh-9ssl2gqv-n1zp.png
Vivo Y71i,https://s3n.cashify.in/cashify/product/img/xhdpi/csh-nxyenmo4-lqdt.png
Vivo X21,https://s3n.cashify.in/cashify/product/img/xhdpi/csh-yjvkkyl5-knaz.png
Vivo V7,https://s3n.cashify.in/cashify/product/img/xhdpi/csh-e1c1q4yk-zewu.png
Vivo V7 Plus,https://s3n.cashify.in/cashify/product/img/xhdpi/csh-jmysvd34-nvsw.png
Vivo X9s,https://s3n.cashify.in/cashify/product/img/xhdpi/csh-4qq59kcr-otic.png
Vivo Y66,https://s3n.cashify.in/cashify/product/img/xhdpi/csh-def4ccyy-1eoz.png
Vivo V5,https://s3n.cashify.in/cashify/product/img/xhdpi/csh-nzr3ynoe-ydzd.png
Vivo Y21L,https://s3n.cashify.in/cashify/product/img/xhdpi/csh-1putsnob-ljuj.png
Vivo Y21,https://s3n.cashify.in/cashify/product/img/xhdpi/csh-dszjt2jd-sqj4.png
Vivo V3,https://s3n.cashify.in/cashify/product/img/xhdpi/csh-prvxgcat-hoye.png
Vivo V3 Max,https://s3n.cashify.in/cashify/product/img/xhdpi/csh-spgxervz-qhgx.png
Vivo X6S Plus,https://s3n.cashify.in/cashify/product/img/xhdpi/csh-viuq9h7t-cml6.png
Vivo Xplay5 Lite,https://s3n.cashify.in/cashify/product/img/xhdpi/csh-auhstc9w-g6ql.png
Vivo X6,https://s3n.cashify.in/cashify/product/img/xhdpi/csh-ewp58pct-mzlk.png
Vivo Y27L,https://s3n.cashify.in/cashify/product/img/xhdpi/csh-1semeukz-d9zs.png
Vivo V1 Max,https://s3n.cashify.in/cashify/product/img/xhdpi/csh-hlrgbm4q-qfmh.png
Vivo Y15S,https://s3n.cashify.in/cashify/product/img/xhdpi/csh-gdfbkz9r-nc2z.png
Vivo Z10,https://s3n.cashify.in/cashify/product/img/xhdpi/csh-f2rq32s1-5ar6.png
Vivo S1,https://s3n.cashify.in/cashify/product/img/xhdpi/90fbc132-b0c7.jpg
Vivo Y81,https://s3n.cashify.in/cashify/product/img/xhdpi/csh-26sk1maa-gzvr.png
Vivo Y83,https://s3n.cashify.in/cashify/product/img/xhdpi/csh-atf2mehw-53p4.png
Vivo Y71,https://s3n.cashify.in/cashify/product/img/xhdpi/csh-qa6qgkcm-mctv.png
Vivo Y69,https://s3n.cashify.in/cashify/product/img/xhdpi/csh-kh3ygjvj-x8xs.png
Vivo X9,https://s3n.cashify.in/cashify/product/img/xhdpi/csh-jgcwow5u-ahti.png
Vivo X9s Plus,https://s3n.cashify.in/cashify/product/img/xhdpi/csh-qdebytb6-91ki.png
Vivo V5s,https://s3n.cashify.in/cashify/product/img/xhdpi/csh-uq3y9lrg-yuta.png
Vivo V5 Plus,https://s3n.cashify.in/cashify/product/img/xhdpi/csh-fshsnc1i-y6at.png
Vivo Y55L,https://s3n.cashify.in/cashify/product/img/xhdpi/csh-dtprjexl-ebnd.png
Vivo Xplay5,https://s3n.cashify.in/cashify/product/img/xhdpi/csh-dn69fvqu-jd86.png
Vivo X5 Pro,https://s3n.cashify.in/cashify/product/img/xhdpi/csh-sjffyfky-tbac.png
Vivo Y93,https://s3n.cashify.in/cashify/product/img/xhdpi/csh-ms6d7mc7-rfkx.png
Vivo Y81i,https://s3n.cashify.in/cashify/product/img/xhdpi/csh-kgkf3onw-2yqj.png
Vivo Y91,https://s3n.cashify.in/cashify/product/img/xhdpi/csh-dekworwn-5fhl.png
Vivo V15 Pro,https://s3n.cashify.in/cashify/product/img/xhdpi/csh-em3ouf6c-fvoe.png
Vivo V15,https://s3n.cashify.in/cashify/product/img/xhdpi/cf7fd450-f15a.jpg
Vivo Y17,https://s3n.cashify.in/cashify/product/img/xhdpi/csh-gscao0iy-kuvl.png
Vivo Y12,https://s3n.cashify.in/cashify/product/img/xhdpi/csh-i8avupdi-zo5z.png
Vivo Z1 Pro,https://s3n.cashify.in/cashify/product/img/xhdpi/csh-dxosonzo-hrtt.png
Vivo Y90,https://s3n.cashify.in/cashify/product/img/xhdpi/7dceb2c8-6365.jpg
Vivo Z1x,https://s3n.cashify.in/cashify/product/img/xhdpi/48358782-8dce.jpg
Vivo U10,https://s3n.cashify.in/cashify/product/img/xhdpi/cd9400d6-2462.jpg
Vivo U20,https://s3n.cashify.in/cashify/product/img/xhdpi/d27d8922-8267.jpg
Vivo S1 Pro,https://s3n.cashify.in/cashify/product/img/xhdpi/4b2231d5-1084.jpg
Vivo V9 Youth,https://s3n.cashify.in/cashify/product/img/xhdpi/csh-rk3tdmhe-mf2u.png
Vivo Y53i,https://s3n.cashify.in/cashify/product/img/xhdpi/csh-qkfgcens-guzt.png
Vivo V9,https://s3n.cashify.in/cashify/product/img/xhdpi/csh-oyfuthc1-tmyn.png
Vivo Y55s,https://s3n.cashify.in/cashify/product/img/xhdpi/csh-nyxx3zcj-434f.png
Vivo Y53,https://s3n.cashify.in/cashify/product/img/xhdpi/csh-jghzxcxr-zmpq.png
Vivo Y31L,https://s3n.cashify.in/cashify/product/img/xhdpi/csh-gji0sjih-n6qk.png
Vivo X6S,https://s3n.cashify.in/cashify/product/img/xhdpi/csh-fb0hwuj7-fekl.png
Vivo Y51L,https://s3n.cashify.in/cashify/product/img/xhdpi/csh-8b9mjfka-pl3q.png
Vivo X6 Plus,https://s3n.cashify.in/cashify/product/img/xhdpi/csh-gderfjda-7tby.png
Vivo Y31,https://s3n.cashify.in/cashify/product/img/xhdpi/csh-qaejhjys-plp4.png
Vivo V1,https://s3n.cashify.in/cashify/product/img/xhdpi/csh-twuffk3m-lz7b.png
Vivo Y95,https://s3n.cashify.in/cashify/product/img/xhdpi/csh-wnx74ldc-ci6e.png
Vivo Y91i,https://s3n.cashify.in/cashify/product/img/xhdpi/csh-2mrulkqd-xez1.png
Vivo Y15 2019,https://s3n.cashify.in/cashify/product/img/xhdpi/csh-a02midi1-zkub.png
Vivo V17 Pro,https://s3n.cashify.in/cashify/product/img/xhdpi/c512dd2e-5423.jpg
Vivo Y19,https://s3n.cashify.in/cashify/product/img/xhdpi/3cb9ba7f-b5f7.jpg
Vivo V17,https://s3n.cashify.in/cashify/product/img/xhdpi/7a8e00e3-e7d1.jpg
