models,images
LG G7 Plus ThinQ,https://s3n.cashify.in/cashify/product/img/xhdpi/csh-h44q52c4-vzit.png
LG Q6 plus,https://s3n.cashify.in/cashify/product/img/xhdpi/csh-zlwnvun0-xtlr.png
LG V30 Plus,https://s3n.cashify.in/cashify/product/img/xhdpi/csh-g8no9khp-66ho.png
LG K7i,https://s3n.cashify.in/cashify/product/img/xhdpi/csh-yeap4urx-4apg.png
LG Q6,https://s3n.cashify.in/cashify/product/img/xhdpi/csh-bunwgbqy-qvw8.png
LG Stylus 3,https://s3n.cashify.in/cashify/product/img/xhdpi/csh-u4sy4hvf-bceh.png
LG K10 (2017),https://s3n.cashify.in/cashify/product/img/xhdpi/csh-px2qcc7v-ra8z.png
Lg X power,https://s3n.cashify.in/cashify/product/img/xhdpi/csh-fx3auwvc-bbkq.png
LG X Screen,https://s3n.cashify.in/cashify/product/img/xhdpi/csh-sbtxxp75-3c5p.png
LG Stylus 2,https://s3n.cashify.in/cashify/product/img/xhdpi/csh-ho3hoaly-2z3k.png
LG G5,https://s3n.cashify.in/cashify/product/img/xhdpi/csh-9uysa769-vxxy.png
LG K7 4G,https://s3n.cashify.in/cashify/product/img/xhdpi/csh-9k8dgadn-4bkj.png
LG K10,https://s3n.cashify.in/cashify/product/img/xhdpi/csh-kuqfw7qs-1fla.png
LG G4 Stylus,https://s3n.cashify.in/cashify/product/img/xhdpi/csh-acx6gb15-4riy.png
LG Magna,https://s3n.cashify.in/cashify/product/img/xhdpi/csh-7ux5ri7c-iypl.png
LG G4 Dual Sim,https://s3n.cashify.in/cashify/product/img/xhdpi/csh-pxzfc8cc-flmc.png
LG G3 D855,https://s3n.cashify.in/cashify/product/img/xhdpi/csh-mg0qlnkf-d3us.png
LG K9 4G LTE,https://s3n.cashify.in/cashify/product/img/xhdpi/csh-yn5pi4f7-g4bh.png
LG V40 ThinQ,https://s3n.cashify.in/cashify/product/img/xhdpi/csh-jbbcdmba-jovp.png
LG G7 ThinQ,https://s3n.cashify.in/cashify/product/img/xhdpi/csh-g0bvmusv-z2wi.png
LG W10,https://s3n.cashify.in/cashify/product/img/xhdpi/csh-f3dwgr16-9syu.png
LG Q7,https://s3n.cashify.in/cashify/product/img/xhdpi/18168caf-4664.jpg
LG G8s ThinQ,https://s3n.cashify.in/cashify/product/img/xhdpi/124bb620-cb9d.jpg
LG W30,https://s3n.cashify.in/cashify/product/img/xhdpi/csh-gyanrekv-p7d3.png
LG Q Stylus,https://s3n.cashify.in/cashify/product/img/xhdpi/csh-zycjnrgd-tfdb.png
LG G6,https://s3n.cashify.in/cashify/product/img/xhdpi/csh-w6mqqgfh-yscf.png
LG V20,https://s3n.cashify.in/cashify/product/img/xhdpi/csh-g6n1ked2-bq5z.png
LG Stylus 2 Plus,https://s3n.cashify.in/cashify/product/img/xhdpi/csh-ayjyy4ye-wxt9.png
LG K8,https://s3n.cashify.in/cashify/product/img/xhdpi/csh-scvyhmfl-3eel.png
LG Max X160,https://s3n.cashify.in/cashify/product/img/xhdpi/csh-wvmn7clo-jqpb.png
LG Q Stylus Plus,https://s3n.cashify.in/cashify/product/img/xhdpi/csh-cb0deftr-lojn.png
