models,images
Apple iPhone 11 Pro Max,https://s3n.cashify.in/cashify/product/img/xhdpi/f656ea60-3054.jpg
Apple iPhone 11 Pro,https://s3n.cashify.in/cashify/product/img/xhdpi/e36dd31e-7c0b.jpg
Apple iPhone 11,https://s3n.cashify.in/cashify/product/img/xhdpi/90c1d6c3-fe2b.jpg
Apple iPhone XR,https://s3n.cashify.in/cashify/product/img/xhdpi/csh-gjweslub-z9is.png
Apple iPhone XS,https://s3n.cashify.in/cashify/product/img/xhdpi/csh-oqipkrlg-pk0u.png
Apple iPhone XS Max,https://s3n.cashify.in/cashify/product/img/xhdpi/csh-nf5lsjso-ud2z.png
Apple iPhone X,https://s3n.cashify.in/cashify/product/img/xhdpi/csh-msmkdhpw-iluq.png
Apple iPhone 8,https://s3n.cashify.in/cashify/product/img/xhdpi/csh-wwiz6qsn-dquh.png
Apple iPhone 8 Plus,https://s3n.cashify.in/cashify/product/img/xhdpi/csh-jcko8mvm-sf7x.png
Apple iPhone 7,https://s3n.cashify.in/cashify/product/img/xhdpi/csh-jwihkccb-gqpj.png
Apple iPhone 7 Plus,https://s3n.cashify.in/cashify/product/img/xhdpi/csh-ujdaoxqa-5pv1.png
Apple iPhone SE,https://s3n.cashify.in/cashify/product/img/xhdpi/csh-b3sceh1m-qzme.png
Apple iPhone 6s,https://s3n.cashify.in/cashify/product/img/xhdpi/csh-oh9xlwt8-yunr.png
Apple iPhone 6s Plus,https://s3n.cashify.in/cashify/product/img/xhdpi/csh-73kjnouo-hzvn.png
Apple iPhone 6,https://s3n.cashify.in/cashify/product/img/xhdpi/csh-qp4ba4sq-aeny.png
Apple iPhone 6 Plus,https://s3n.cashify.in/cashify/product/img/xhdpi/csh-yicxxl1r-d1ta.png
Apple iPhone 5s,https://s3n.cashify.in/cashify/product/img/xhdpi/csh-6vukhanm-ci0i.png
Apple iPhone 5c,https://s3n.cashify.in/cashify/product/img/xhdpi/csh-o5blfuav-qrdg.png
Apple iPhone 5,https://s3n.cashify.in/cashify/product/img/xhdpi/csh-bjlsyasn-okd5.png
