models,images
iVoomi i2,https://s3n.cashify.in/cashify/product/img/xhdpi/csh-nwuvafv8-necz.png
iVoomi iPro,https://s3n.cashify.in/cashify/product/img/xhdpi/csh-8myflhru-qwyi.png
iVoomi Me 5 iV 505,https://s3n.cashify.in/cashify/product/img/xhdpi/csh-ubfdhy4g-n9ql.png
iVooMi Me3S,https://s3n.cashify.in/cashify/product/img/xhdpi/csh-odjrpxiy-di8l.png
iVoomi Me3,https://s3n.cashify.in/cashify/product/img/xhdpi/csh-kaemp8zf-xtjx.png
iVoomi Me1,https://www.cashify.in/static/b.png
iVoomi Me4 IV 510,https://www.cashify.in/static/b.png
